fpl_code,team,player,pos,cost,2025-11-29,2025-11-30,2025-12-02,2025-12-03,2025-12-04,2025-12-06,2025-12-07,2025-12-08,2025-12-13,2025-12-14,2025-12-15,2025-12-20,2025-12-21,2025-12-22,2025-12-26,2025-12-27,2025-12-28,2025-12-30,2026-01-01,2026-01-03,2026-01-04,2026-01-06,2026-01-07,2026-01-08,2026-01-17,2026-01-18,2026-01-19,2026-01-24,2026-01-25,2026-01-26,total_pts,ppm
223094,MCI,Haaland,F,11.8,8.28,0.0,6.68,0.0,0.0,9.24,0.0,0.0,0.0,6.4,0.0,8.5,0.0,0.0,0.0,6.94,0.0,0.0,8.29,0.0,6.61,0.0,7.02,0.0,6.46,0.0,0.0,7.6,0.0,0.0,82.02,6.95
141746,MUN,B.Fernandes,M,11.5,0.0,5.62,0.0,0.0,6.68,0.0,0.0,5.78,0.0,0.0,5.44,0.0,5.09,0.0,5.55,0.0,0.0,6.16,0.0,0.0,5.5,0.0,6.59,0.0,4.82,0.0,0.0,0.0,3.87,0.0,61.1,5.31
97032,LIV,Virgil,D,10.0,0.0,5.99,0.0,7.43,0.0,5.62,0.0,0.0,4.98,0.0,0.0,4.62,0.0,0.0,0.0,6.44,0.0,0.0,6.22,0.0,4.9,0.0,0.0,3.18,7.0,0.0,0.0,4.22,0.0,0.0,60.6,6.06
171314,MCI,Rúben,D,10.0,6.27,0.0,4.93,0.0,0.0,6.75,0.0,0.0,0.0,4.72,0.0,5.81,0.0,0.0,0.0,5.09,0.0,0.0,6.2,0.0,4.01,0.0,4.5,0.0,3.96,0.0,0.0,5.56,0.0,0.0,57.8,5.78
231747,CRY,Mateta,F,10.9,0.0,5.27,0.0,5.67,0.0,0.0,4.66,0.0,0.0,4.49,0.0,5.48,0.0,0.0,0.0,0.0,6.12,0.0,5.47,0.0,4.82,0.0,5.3,0.0,5.67,0.0,0.0,0.0,4.53,0.0,57.48,5.27
219168,LIV,Isak,F,11.5,0.0,5.41,0.0,6.1,0.0,4.83,0.0,0.0,4.69,0.0,0.0,5.5,0.0,0.0,0.0,6.07,0.0,0.0,5.89,0.0,4.6,0.0,0.0,3.52,5.79,0.0,0.0,4.36,0.0,0.0,56.76,4.94
462424,ARS,Saliba,D,10.0,0.0,4.48,0.0,5.98,0.0,5.15,0.0,0.0,6.46,0.0,0.0,5.83,0.0,0.0,0.0,5.02,0.0,5.15,0.0,4.45,0.0,0.0,0.0,3.91,5.28,0.0,0.0,0.0,4.91,0.0,56.62,5.66
223340,ARS,Saka,M,11.5,0.0,5.1,0.0,6.13,0.0,5.07,0.0,0.0,5.73,0.0,0.0,4.75,0.0,0.0,0.0,5.16,0.0,5.18,0.0,4.67,0.0,0.0,0.0,4.7,4.78,0.0,0.0,0.0,5.17,0.0,56.45,4.91
244851,CHE,Palmer,M,11.5,0.0,2.2,0.0,4.34,0.0,4.73,0.0,0.0,5.95,0.0,0.0,5.38,0.0,0.0,0.0,5.97,0.0,6.07,0.0,0.0,4.83,0.0,5.27,0.0,6.21,0.0,0.0,0.0,5.17,0.0,56.12,4.88
154561,ARS,Raya,G,8.0,0.0,4.34,0.0,5.44,0.0,4.69,0.0,0.0,5.98,0.0,0.0,4.97,0.0,0.0,0.0,5.14,0.0,5.2,0.0,4.56,0.0,0.0,0.0,4.54,4.98,0.0,0.0,0.0,4.96,0.0,54.8,6.85
502500,BRE,Thiago,F,7.0,6.08,0.0,0.0,3.65,0.0,4.95,0.0,0.0,0.0,5.08,0.0,4.93,0.0,0.0,0.0,4.94,0.0,0.0,5.21,0.0,4.44,0.0,6.03,0.0,4.17,0.0,0.0,0.0,5.03,0.0,54.5,7.79
477424,MCI,Gvardiol,D,10.0,5.86,0.0,4.56,0.0,0.0,6.58,0.0,0.0,0.0,4.28,0.0,5.43,0.0,0.0,0.0,4.64,0.0,0.0,5.69,0.0,3.54,0.0,4.21,0.0,3.52,0.0,0.0,5.11,0.0,0.0,53.41,5.34
209244,MCI,Foden,M,11.5,5.31,0.0,4.36,0.0,0.0,5.92,0.0,0.0,0.0,4.2,0.0,5.12,0.0,0.0,0.0,4.37,0.0,0.0,5.14,0.0,4.09,0.0,4.56,0.0,4.24,0.0,0.0,4.99,0.0,0.0,52.29,4.55
204936,MCI,Donnarumma,G,8.0,5.39,0.0,4.36,0.0,0.0,5.67,0.0,0.0,0.0,3.96,0.0,5.14,0.0,0.0,0.0,4.5,0.0,0.0,5.03,0.0,4.24,0.0,4.61,0.0,3.72,0.0,0.0,5.48,0.0,0.0,52.1,6.51
437730,BOU,Semenyo,M,8.4,4.94,0.0,5.29,0.0,0.0,4.87,0.0,0.0,0.0,0.0,4.74,5.83,0.0,0.0,0.0,4.72,0.0,4.07,0.0,3.6,0.0,0.0,5.19,0.0,0.0,0.0,4.31,4.34,0.0,0.0,51.91,6.18
445122,ARS,J.Timber,D,8.0,0.0,4.05,0.0,5.26,0.0,4.62,0.0,0.0,5.8,0.0,0.0,4.96,0.0,0.0,0.0,4.67,0.0,4.79,0.0,4.13,0.0,0.0,0.0,4.02,4.86,0.0,0.0,0.0,4.67,0.0,51.83,6.48
247348,CRY,Muñoz,D,8.8,0.0,5.06,0.0,4.99,0.0,0.0,3.82,0.0,0.0,3.41,0.0,4.75,0.0,0.0,0.0,0.0,5.06,0.0,4.83,0.0,3.82,0.0,4.81,0.0,5.62,0.0,0.0,0.0,3.95,0.0,50.13,5.7
178186,WHU,Bowen,F,11.5,0.0,4.41,0.0,0.0,4.36,0.0,4.18,0.0,0.0,4.49,0.0,3.66,0.0,0.0,0.0,4.33,0.0,4.3,0.0,4.38,0.0,4.52,0.0,0.0,4.44,0.0,0.0,5.27,0.0,0.0,48.35,4.2
470313,NEW,Woltemade,F,8.3,4.23,0.0,4.9,0.0,0.0,5.4,0.0,0.0,0.0,4.53,0.0,3.97,0.0,0.0,4.07,0.0,0.0,4.71,0.0,0.0,3.98,0.0,4.24,0.0,0.0,3.85,0.0,0.0,3.61,0.0,47.49,5.72
513418,BRE,Schade,M,8.3,5.35,0.0,0.0,3.03,0.0,3.89,0.0,0.0,0.0,4.29,0.0,4.31,0.0,0.0,0.0,4.3,0.0,0.0,4.82,0.0,3.85,0.0,5.36,0.0,3.73,0.0,0.0,0.0,4.37,0.0,47.29,5.7
50175,BHA,Welbeck,F,8.0,0.0,4.64,0.0,4.41,0.0,0.0,4.93,0.0,3.74,0.0,0.0,5.3,0.0,0.0,0.0,3.05,0.0,4.23,0.0,4.91,0.0,0.0,3.37,0.0,0.0,0.0,4.16,3.76,0.0,0.0,46.49,5.81
83299,BHA,Dunk,D,7.4,0.0,5.16,0.0,4.48,0.0,0.0,5.1,0.0,2.37,0.0,0.0,6.1,0.0,0.0,0.0,2.29,0.0,4.33,0.0,5.87,0.0,0.0,2.41,0.0,0.0,0.0,3.97,4.06,0.0,0.0,46.14,6.23
116535,LIV,A.Becker,G,8.0,0.0,4.25,0.0,5.09,0.0,4.15,0.0,0.0,4.15,0.0,0.0,3.61,0.0,0.0,0.0,4.86,0.0,0.0,4.58,0.0,3.77,0.0,0.0,2.94,5.12,0.0,0.0,3.54,0.0,0.0,46.08,5.76
448047,CHE,Enzo,M,8.6,0.0,3.84,0.0,4.48,0.0,3.99,0.0,0.0,4.86,0.0,0.0,4.01,0.0,0.0,0.0,4.22,0.0,4.13,0.0,0.0,3.41,0.0,4.01,0.0,4.68,0.0,0.0,0.0,4.23,0.0,45.87,5.33
204716,LIV,Konaté,D,9.0,0.0,4.85,0.0,6.22,0.0,4.37,0.0,0.0,3.72,0.0,0.0,3.16,0.0,0.0,0.0,4.66,0.0,0.0,4.45,0.0,3.4,0.0,0.0,2.27,5.31,0.0,0.0,3.11,0.0,0.0,45.51,5.06
444102,BOU,Evanilson,F,8.1,5.2,0.0,4.39,0.0,0.0,4.07,0.0,0.0,0.0,0.0,3.99,5.02,0.0,0.0,0.0,4.05,0.0,3.57,0.0,3.12,0.0,0.0,4.39,0.0,0.0,0.0,3.67,3.67,0.0,0.0,45.13,5.57
111234,EVE,Pickford,G,7.8,4.07,0.0,3.57,0.0,0.0,4.59,0.0,0.0,3.13,0.0,0.0,3.58,0.0,0.0,0.0,4.53,0.0,3.92,0.0,0.0,4.29,0.0,4.92,0.0,0.0,3.45,0.0,0.0,0.0,4.75,44.79,5.74
178301,AVL,Watkins,F,11.5,0.0,4.62,0.0,4.11,0.0,3.36,0.0,0.0,0.0,4.48,0.0,0.0,4.59,0.0,0.0,3.76,0.0,3.17,0.0,4.54,0.0,0.0,3.92,0.0,0.0,4.29,0.0,0.0,3.91,0.0,44.73,3.89
247412,WOL,Strand Larsen,F,8.3,0.0,3.97,0.0,4.39,0.0,0.0,0.0,4.27,3.06,0.0,0.0,4.73,0.0,0.0,0.0,3.78,0.0,4.12,0.0,4.72,0.0,0.0,3.96,0.0,0.0,4.08,0.0,3.32,0.0,0.0,44.41,5.35
200720,BRE,Kelleher,G,6.8,5.17,0.0,0.0,2.85,0.0,3.47,0.0,0.0,0.0,4.63,0.0,4.12,0.0,0.0,0.0,4.12,0.0,0.0,4.14,0.0,3.61,0.0,4.66,0.0,3.01,0.0,0.0,0.0,4.45,0.0,44.24,6.51
208706,NEW,Bruno G.,M,9.6,4.41,0.0,4.38,0.0,0.0,4.76,0.0,0.0,0.0,4.74,0.0,3.33,0.0,0.0,3.34,0.0,0.0,3.99,0.0,0.0,3.49,0.0,4.21,0.0,0.0,3.85,0.0,0.0,3.64,0.0,44.13,4.6
98747,NEW,Pope,G,7.2,3.73,0.0,4.17,0.0,0.0,5.02,0.0,0.0,0.0,3.98,0.0,3.78,0.0,0.0,3.16,0.0,0.0,4.29,0.0,0.0,3.85,0.0,4.3,0.0,0.0,4.02,0.0,0.0,3.8,0.0,44.1,6.13
172649,CRY,Henderson,G,7.7,0.0,4.01,0.0,4.7,0.0,0.0,3.8,0.0,0.0,3.39,0.0,4.12,0.0,0.0,0.0,0.0,4.27,0.0,4.41,0.0,3.2,0.0,4.11,0.0,4.18,0.0,0.0,0.0,3.76,0.0,43.93,5.7
469142,BHA,Van Hecke,D,7.7,0.0,4.88,0.0,4.22,0.0,0.0,4.96,0.0,2.14,0.0,0.0,5.87,0.0,0.0,0.0,2.12,0.0,4.05,0.0,5.71,0.0,0.0,2.21,0.0,0.0,0.0,3.79,3.88,0.0,0.0,43.82,5.69
209036,CRY,Guéhi,D,7.7,0.0,3.92,0.0,5.61,0.0,0.0,3.61,0.0,0.0,2.7,0.0,4.33,0.0,0.0,0.0,0.0,4.06,0.0,4.18,0.0,3.02,0.0,3.93,0.0,5.37,0.0,0.0,0.0,3.01,0.0,43.73,5.68
466075,ARS,Calafiori,D,7.7,0.0,3.69,0.0,4.8,0.0,3.96,0.0,0.0,4.83,0.0,0.0,4.01,0.0,0.0,0.0,3.89,0.0,3.86,0.0,3.42,0.0,0.0,0.0,3.33,3.72,0.0,0.0,0.0,3.82,0.0,43.33,5.63
174874,FUL,Andersen,D,7.4,3.57,0.0,2.78,0.0,0.0,0.0,4.5,0.0,5.6,0.0,0.0,0.0,0.0,4.92,0.0,4.43,0.0,0.0,3.74,0.0,2.6,0.0,2.98,0.0,4.35,0.0,0.0,3.75,0.0,0.0,43.22,5.84
424876,LIV,Szoboszlai,M,8.6,0.0,4.73,0.0,4.41,0.0,3.78,0.0,0.0,3.47,0.0,0.0,3.81,0.0,0.0,0.0,4.04,0.0,0.0,4.22,0.0,3.45,0.0,0.0,2.9,4.76,0.0,0.0,3.57,0.0,0.0,43.14,5.02
80201,FUL,Leno,G,7.5,3.65,0.0,3.41,0.0,0.0,0.0,4.11,0.0,4.53,0.0,0.0,0.0,0.0,4.52,0.0,3.89,0.0,0.0,3.32,0.0,3.46,0.0,3.77,0.0,4.01,0.0,0.0,4.1,0.0,0.0,42.77,5.7
118748,LIV,M.Salah,F,12.0,0.0,6.69,0.0,7.93,0.0,6.01,0.0,0.0,6.06,0.0,0.0,0.0,0.0,0.0,0.0,0.0,0.0,0.0,0.0,0.0,2.77,0.0,0.0,2.04,5.89,0.0,0.0,5.32,0.0,0.0,42.71,3.56
224024,WHU,L.Paquetá,M,8.1,0.0,3.91,0.0,0.0,3.79,0.0,3.67,0.0,0.0,3.88,0.0,3.36,0.0,0.0,0.0,3.79,0.0,3.89,0.0,3.92,0.0,3.83,0.0,0.0,3.89,0.0,0.0,4.79,0.0,0.0,42.71,5.27
215059,CHE,Sánchez,G,7.5,0.0,3.81,0.0,4.25,0.0,3.6,0.0,0.0,4.55,0.0,0.0,3.41,0.0,0.0,0.0,4.27,0.0,4.25,0.0,0.0,2.81,0.0,3.82,0.0,4.39,0.0,0.0,0.0,3.5,0.0,42.65,5.69
232826,NEW,Gordon,M,10.1,2.77,0.0,3.97,0.0,0.0,4.89,0.0,0.0,0.0,4.28,0.0,3.61,0.0,0.0,3.61,0.0,0.0,4.28,0.0,0.0,3.73,0.0,4.05,0.0,0.0,3.68,0.0,0.0,3.59,0.0,42.47,4.21
465351,MCI,Matheus N.,D,7.4,4.63,0.0,3.57,0.0,0.0,5.1,0.0,0.0,0.0,3.09,0.0,4.24,0.0,0.0,0.0,3.57,0.0,0.0,4.36,0.0,3.06,0.0,3.49,0.0,2.94,0.0,0.0,4.29,0.0,0.0,42.34,5.72
244723,CRY,Mitchell,D,7.9,0.0,3.95,0.0,4.95,0.0,0.0,3.45,0.0,0.0,2.92,0.0,4.17,0.0,0.0,0.0,0.0,4.17,0.0,3.91,0.0,3.12,0.0,3.95,0.0,4.56,0.0,0.0,0.0,3.18,0.0,42.32,5.36
220566,MCI,Rodrigo,M,9.7,0.0,0.0,0.0,0.0,0.0,1.07,0.0,0.0,0.0,4.77,0.0,5.62,0.0,0.0,0.0,5.02,0.0,0.0,6.22,0.0,4.39,0.0,4.9,0.0,4.89,0.0,0.0,5.4,0.0,0.0,42.28,4.36
460842,TOT,Kudus,M,9.6,4.29,0.0,3.79,0.0,0.0,4.17,0.0,0.0,0.0,3.69,0.0,3.5,0.0,0.0,0.0,0.0,3.35,0.0,3.52,0.0,4.3,0.0,3.45,0.0,4.08,0.0,0.0,3.89,0.0,0.0,42.03,4.38
457569,BOU,Petrović,G,6.8,4.15,0.0,4.43,0.0,0.0,3.84,0.0,0.0,0.0,0.0,3.24,5.11,0.0,0.0,0.0,3.56,0.0,3.09,0.0,3.57,0.0,0.0,4.15,0.0,0.0,0.0,3.37,3.52,0.0,0.0,42.02,6.18
592031,BHA,Minteh,M,7.4,0.0,4.04,0.0,4.0,0.0,0.0,4.4,0.0,3.44,0.0,0.0,4.59,0.0,0.0,0.0,2.82,0.0,3.93,0.0,4.42,0.0,0.0,3.22,0.0,0.0,0.0,3.69,3.42,0.0,0.0,41.98,5.67
491279,TOT,Van de Ven,D,6.8,4.41,0.0,2.91,0.0,0.0,4.1,0.0,0.0,0.0,3.86,0.0,2.4,0.0,0.0,0.0,0.0,3.26,0.0,3.2,0.0,5.41,0.0,2.7,0.0,4.56,0.0,0.0,4.96,0.0,0.0,41.77,6.14
98980,AVL,Martinez,G,7.5,0.0,5.02,0.0,3.5,0.0,3.58,0.0,0.0,0.0,3.93,0.0,0.0,3.98,0.0,0.0,3.14,0.0,2.88,0.0,4.53,0.0,0.0,3.4,0.0,0.0,4.45,0.0,0.0,3.26,0.0,41.66,5.56
221632,TOT,Romero,D,7.1,0.0,0.0,3.37,0.0,0.0,4.4,0.0,0.0,0.0,4.19,0.0,2.65,0.0,0.0,0.0,0.0,3.64,0.0,3.68,0.0,6.32,0.0,3.07,0.0,4.87,0.0,0.0,5.28,0.0,0.0,41.48,5.84
465642,NEW,Thiaw,D,7.6,4.04,0.0,3.71,0.0,0.0,4.94,0.0,0.0,0.0,4.49,0.0,2.81,0.0,0.0,2.7,0.0,0.0,4.32,0.0,0.0,3.36,0.0,3.99,0.0,0.0,3.58,0.0,0.0,3.26,0.0,41.2,5.42
85633,NFO,Sels,G,7.8,0.0,4.05,0.0,4.18,0.0,3.64,0.0,0.0,0.0,4.14,0.0,0.0,0.0,3.61,0.0,3.28,0.0,4.26,0.0,3.32,0.0,3.75,0.0,0.0,3.47,0.0,0.0,0.0,3.45,0.0,41.16,5.28
465247,MUN,Lammens,G,7.3,0.0,3.15,0.0,0.0,4.45,0.0,0.0,4.1,0.0,0.0,3.92,0.0,3.22,0.0,3.64,0.0,0.0,4.71,0.0,0.0,3.85,0.0,4.39,0.0,3.07,0.0,0.0,0.0,2.6,0.0,41.1,5.63
204480,ARS,Rice,M,9.2,0.0,3.64,0.0,4.42,0.0,3.67,0.0,0.0,4.24,0.0,0.0,4.02,0.0,0.0,0.0,3.57,0.0,3.55,0.0,3.32,0.0,0.0,0.0,3.24,3.68,0.0,0.0,0.0,3.62,0.0,40.95,4.45
430871,MUN,Cunha,F,10.7,0.0,0.0,0.0,0.0,4.8,0.0,0.0,4.28,0.0,0.0,4.18,0.0,4.02,0.0,4.3,0.0,0.0,4.65,0.0,0.0,4.1,0.0,4.28,0.0,3.49,0.0,0.0,0.0,2.84,0.0,40.94,3.83
222531,NFO,Gibbs-White,M,8.7,0.0,3.68,0.0,4.11,0.0,3.86,0.0,0.0,0.0,4.25,0.0,0.0,0.0,3.61,0.0,3.43,0.0,3.77,0.0,3.51,0.0,3.92,0.0,0.0,2.98,0.0,0.0,0.0,3.78,0.0,40.89,4.7
243298,LIV,Gakpo,F,11.5,0.0,4.32,0.0,4.58,0.0,3.39,0.0,0.0,3.34,0.0,0.0,3.93,0.0,0.0,0.0,4.22,0.0,0.0,4.06,0.0,3.36,0.0,0.0,2.59,3.96,0.0,0.0,3.13,0.0,0.0,40.87,3.55
475168,CHE,João Pedro,F,8.8,0.0,3.35,0.0,3.98,0.0,3.66,0.0,0.0,3.93,0.0,0.0,3.6,0.0,0.0,0.0,3.81,0.0,3.78,0.0,0.0,3.18,0.0,3.56,0.0,4.08,0.0,0.0,0.0,3.5,0.0,40.42,4.59
201658,BOU,Tavernier,M,7.3,4.5,0.0,3.91,0.0,0.0,3.51,0.0,0.0,0.0,0.0,3.54,4.44,0.0,0.0,0.0,3.63,0.0,3.26,0.0,2.93,0.0,0.0,3.98,0.0,0.0,0.0,3.4,3.31,0.0,0.0,40.4,5.53
437499,CRY,Lacroix,D,7.9,0.0,3.67,0.0,4.89,0.0,0.0,3.39,0.0,0.0,2.65,0.0,3.94,0.0,0.0,0.0,0.0,3.94,0.0,3.92,0.0,2.8,0.0,3.7,0.0,4.49,0.0,0.0,0.0,2.97,0.0,40.37,5.11
184254,TOT,Vicario,G,7.2,4.18,0.0,2.87,0.0,0.0,4.01,0.0,0.0,0.0,3.61,0.0,3.21,0.0,0.0,0.0,0.0,3.07,0.0,3.22,0.0,4.51,0.0,3.12,0.0,4.3,0.0,0.0,4.27,0.0,0.0,40.36,5.61
102057,FUL,Raúl,F,8.6,4.65,0.0,4.06,0.0,0.0,0.0,4.31,0.0,4.86,0.0,0.0,0.0,0.0,4.72,0.0,4.51,0.0,0.0,3.43,0.0,3.04,0.0,2.54,0.0,1.94,0.0,0.0,2.03,0.0,0.0,40.1,4.66
489639,BHA,Verbruggen,G,7.5,0.0,3.68,0.0,3.9,0.0,0.0,4.37,0.0,2.5,0.0,0.0,4.66,0.0,0.0,0.0,2.56,0.0,3.66,0.0,4.95,0.0,0.0,2.37,0.0,0.0,0.0,3.91,3.49,0.0,0.0,40.05,5.34
179268,CHE,Cucurella,D,8.0,0.0,3.32,0.0,4.37,0.0,3.22,0.0,0.0,4.59,0.0,0.0,3.23,0.0,0.0,0.0,3.88,0.0,3.85,0.0,0.0,2.4,0.0,3.53,0.0,4.12,0.0,0.0,0.0,3.27,0.0,39.78,4.97
166989,AVL,Tielemans,M,8.6,0.0,4.45,0.0,3.6,0.0,3.07,0.0,0.0,0.0,4.0,0.0,0.0,3.68,0.0,0.0,3.18,0.0,2.92,0.0,3.74,0.0,0.0,3.52,0.0,0.0,4.0,0.0,0.0,3.42,0.0,39.59,4.6
444765,BRE,Van den Berg,D,7.4,5.28,0.0,0.0,1.9,0.0,3.03,0.0,0.0,0.0,4.27,0.0,3.81,0.0,0.0,0.0,3.44,0.0,0.0,3.68,0.0,3.34,0.0,4.79,0.0,2.13,0.0,0.0,0.0,3.87,0.0,39.54,5.34
441191,NEW,Livramento,D,7.9,3.65,0.0,3.78,0.0,0.0,4.92,0.0,0.0,0.0,4.18,0.0,2.87,0.0,0.0,2.67,0.0,0.0,3.95,0.0,0.0,3.05,0.0,3.72,0.0,0.0,3.33,0.0,0.0,3.12,0.0,39.25,4.97
209365,MUN,De Ligt,D,7.4,0.0,3.57,0.0,0.0,4.7,0.0,0.0,4.22,0.0,0.0,3.47,0.0,3.06,0.0,3.33,0.0,0.0,4.47,0.0,0.0,3.6,0.0,4.56,0.0,2.34,0.0,0.0,0.0,1.91,0.0,39.21,5.3
244850,AVL,Rogers,M,8.7,0.0,4.31,0.0,3.62,0.0,3.04,0.0,0.0,0.0,3.88,0.0,0.0,3.81,0.0,0.0,3.22,0.0,2.73,0.0,3.71,0.0,0.0,3.38,0.0,0.0,3.66,0.0,0.0,3.44,0.0,38.79,4.46
232413,ARS,Eze,M,10.7,0.0,3.84,0.0,4.2,0.0,3.45,0.0,0.0,3.92,0.0,0.0,3.24,0.0,0.0,0.0,3.47,0.0,3.41,0.0,3.23,0.0,0.0,0.0,3.09,3.29,0.0,0.0,0.0,3.45,0.0,38.59,3.61
84182,WHU,Areola,G,7.2,0.0,3.28,0.0,0.0,2.96,0.0,3.09,0.0,0.0,3.74,0.0,2.45,0.0,0.0,0.0,3.96,0.0,3.71,0.0,3.82,0.0,4.11,0.0,0.0,3.1,0.0,0.0,4.25,0.0,0.0,38.48,5.34
441164,TOT,Pedro Porro,D,7.8,3.89,0.0,2.88,0.0,0.0,3.87,0.0,0.0,0.0,3.38,0.0,2.67,0.0,0.0,0.0,0.0,2.75,0.0,2.99,0.0,4.68,0.0,2.85,0.0,4.25,0.0,0.0,4.15,0.0,0.0,38.37,4.92
17761,EVE,Tarkowski,D,7.7,3.45,0.0,2.87,0.0,0.0,4.02,0.0,0.0,2.27,0.0,0.0,2.64,0.0,0.0,0.0,4.35,0.0,3.29,0.0,0.0,3.53,0.0,4.4,0.0,0.0,2.98,0.0,0.0,0.0,4.23,38.03,4.94
432830,BRE,Collins,D,7.7,5.41,0.0,0.0,1.8,0.0,2.71,0.0,0.0,0.0,3.86,0.0,3.57,0.0,0.0,0.0,3.13,0.0,0.0,3.41,0.0,3.17,0.0,5.01,0.0,2.01,0.0,0.0,0.0,3.89,0.0,37.96,4.93
180736,CHE,Chalobah,D,7.1,0.0,3.06,0.0,4.21,0.0,3.0,0.0,0.0,4.63,0.0,0.0,3.03,0.0,0.0,0.0,3.67,0.0,3.45,0.0,0.0,2.16,0.0,3.36,0.0,3.91,0.0,0.0,0.0,3.38,0.0,37.85,5.33
427623,CRY,Richards,D,7.3,0.0,3.44,0.0,4.52,0.0,0.0,3.14,0.0,0.0,2.51,0.0,3.63,0.0,0.0,0.0,0.0,3.71,0.0,3.67,0.0,2.67,0.0,3.48,0.0,4.11,0.0,0.0,0.0,2.8,0.0,37.7,5.16
243016,LIV,Mac Allister,M,9.5,0.0,3.85,0.0,4.7,0.0,3.6,0.0,0.0,3.24,0.0,0.0,3.46,0.0,0.0,0.0,3.47,0.0,0.0,3.46,0.0,2.87,0.0,0.0,2.38,3.42,0.0,0.0,2.68,0.0,0.0,37.13,3.91
498016,SUN,Roefs,G,6.6,4.0,0.0,0.0,2.5,0.0,2.44,0.0,0.0,0.0,3.64,0.0,3.11,0.0,0.0,0.0,0.0,4.45,0.0,3.14,0.0,3.24,0.0,3.25,0.0,3.85,0.0,0.0,3.52,0.0,0.0,37.13,5.63
510663,LIV,Ekitiké,F,10.5,0.0,1.96,0.0,3.12,0.0,3.22,0.0,0.0,3.22,0.0,0.0,3.89,0.0,0.0,0.0,4.23,0.0,0.0,4.16,0.0,3.24,0.0,0.0,2.61,3.94,0.0,0.0,3.09,0.0,0.0,36.69,3.49
486672,CHE,Caicedo,M,8.1,0.0,3.17,0.0,3.86,0.0,3.2,0.0,0.0,4.19,0.0,0.0,3.27,0.0,0.0,0.0,3.09,0.0,2.86,0.0,0.0,2.74,0.0,3.2,0.0,3.5,0.0,0.0,0.0,3.56,0.0,36.64,4.52
184029,ARS,Ødegaard,M,11.0,0.0,1.81,0.0,3.73,0.0,3.28,0.0,0.0,3.83,0.0,0.0,3.4,0.0,0.0,0.0,3.61,0.0,3.41,0.0,3.27,0.0,0.0,0.0,3.29,3.35,0.0,0.0,0.0,3.61,0.0,36.59,3.33
199798,AVL,Konsa,D,7.7,0.0,4.92,0.0,2.95,0.0,2.55,0.0,0.0,0.0,3.84,0.0,0.0,3.4,0.0,0.0,2.22,0.0,1.97,0.0,4.23,0.0,0.0,3.13,0.0,0.0,4.37,0.0,0.0,2.76,0.0,36.34,4.72
432422,NEW,Tonali,M,7.8,3.37,0.0,3.44,0.0,0.0,3.73,0.0,0.0,0.0,3.85,0.0,2.91,0.0,0.0,3.01,0.0,0.0,3.51,0.0,0.0,3.06,0.0,3.32,0.0,0.0,3.07,0.0,0.0,2.95,0.0,36.22,4.64
440089,BRE,Damsgaard,M,8.4,3.91,0.0,0.0,2.64,0.0,3.33,0.0,0.0,0.0,3.52,0.0,3.26,0.0,0.0,0.0,3.22,0.0,0.0,3.57,0.0,3.04,0.0,3.7,0.0,2.81,0.0,0.0,0.0,3.19,0.0,36.18,4.31
224967,EVE,Mykolenko,D,7.7,3.35,0.0,2.78,0.0,0.0,3.74,0.0,0.0,2.2,0.0,0.0,2.6,0.0,0.0,0.0,4.07,0.0,3.13,0.0,0.0,3.35,0.0,4.06,0.0,0.0,2.82,0.0,0.0,0.0,3.93,36.03,4.68
114283,EVE,Grealish,M,8.3,3.53,0.0,3.28,0.0,0.0,3.43,0.0,0.0,2.87,0.0,0.0,2.65,0.0,0.0,0.0,3.42,0.0,3.14,0.0,0.0,3.35,0.0,3.61,0.0,0.0,3.1,0.0,0.0,0.0,3.56,35.93,4.33
167074,FUL,Tete,D,7.1,3.45,0.0,2.63,0.0,0.0,0.0,3.33,0.0,4.33,0.0,0.0,0.0,0.0,3.82,0.0,3.56,0.0,0.0,2.62,0.0,2.55,0.0,2.78,0.0,3.57,0.0,0.0,3.29,0.0,0.0,35.92,5.06
215136,NFO,N.Williams,D,7.9,0.0,3.96,0.0,3.6,0.0,3.32,0.0,0.0,0.0,3.58,0.0,0.0,0.0,3.05,0.0,2.58,0.0,3.82,0.0,2.83,0.0,3.56,0.0,0.0,2.81,0.0,0.0,0.0,2.71,0.0,35.82,4.53
607464,BRE,Kayode,D,6.5,4.69,0.0,0.0,1.77,0.0,2.78,0.0,0.0,0.0,3.88,0.0,3.48,0.0,0.0,0.0,3.09,0.0,0.0,3.32,0.0,2.98,0.0,4.15,0.0,1.93,0.0,0.0,0.0,3.56,0.0,35.64,5.48
247632,CHE,Neto,M,7.7,0.0,2.98,0.0,3.5,0.0,3.18,0.0,0.0,3.47,0.0,0.0,3.06,0.0,0.0,0.0,3.35,0.0,3.4,0.0,0.0,2.89,0.0,3.15,0.0,3.57,0.0,0.0,0.0,3.09,0.0,35.64,4.63
215413,EVE,Dewsbury-Hall,M,7.2,3.28,0.0,3.12,0.0,0.0,3.32,0.0,0.0,2.91,0.0,0.0,2.77,0.0,0.0,0.0,3.53,0.0,3.11,0.0,0.0,3.34,0.0,3.42,0.0,0.0,2.98,0.0,0.0,0.0,3.38,35.14,4.88
227444,NFO,Milenković,D,8.2,0.0,3.43,0.0,3.85,0.0,3.44,0.0,0.0,0.0,3.57,0.0,0.0,0.0,3.06,0.0,2.31,0.0,3.89,0.0,2.81,0.0,3.44,0.0,0.0,2.44,0.0,0.0,0.0,2.86,0.0,35.11,4.28
494595,LIV,Wirtz,M,11.2,0.0,1.19,0.0,2.44,0.0,3.13,0.0,0.0,3.43,0.0,0.0,3.79,0.0,0.0,0.0,4.23,0.0,0.0,4.13,0.0,3.19,0.0,0.0,2.46,3.94,0.0,0.0,3.0,0.0,0.0,34.93,3.12
101982,WOL,Johnstone,G,6.3,0.0,3.02,0.0,4.06,0.0,0.0,0.0,3.5,2.47,0.0,0.0,3.8,0.0,0.0,0.0,2.39,0.0,2.79,0.0,3.99,0.0,0.0,3.17,0.0,0.0,3.38,0.0,2.34,0.0,0.0,34.9,5.54
122798,LIV,Robertson,D,9.1,0.0,3.28,0.0,4.38,0.0,3.23,0.0,0.0,3.03,0.0,0.0,2.74,0.0,0.0,0.0,3.63,0.0,0.0,3.63,0.0,2.74,0.0,0.0,1.93,3.73,0.0,0.0,2.46,0.0,0.0,34.79,3.82
199796,AVL,Cash,D,7.4,0.0,4.68,0.0,3.06,0.0,2.73,0.0,0.0,0.0,3.58,0.0,0.0,3.25,0.0,0.0,2.3,0.0,2.09,0.0,3.63,0.0,0.0,2.77,0.0,0.0,3.84,0.0,0.0,2.79,0.0,34.72,4.69
493362,TOT,Xavi,M,8.8,3.63,0.0,3.19,0.0,0.0,3.72,0.0,0.0,0.0,3.22,0.0,3.05,0.0,0.0,0.0,0.0,2.67,0.0,2.81,0.0,3.37,0.0,2.69,0.0,3.19,0.0,0.0,3.08,0.0,0.0,34.62,3.93
463067,BHA,Georginio,M,7.3,0.0,3.44,0.0,3.4,0.0,0.0,3.59,0.0,2.88,0.0,0.0,3.63,0.0,0.0,0.0,2.46,0.0,3.13,0.0,3.45,0.0,0.0,2.62,0.0,0.0,0.0,3.13,2.84,0.0,0.0,34.56,4.73
153682,FUL,Wilson,M,7.1,3.32,0.0,2.88,0.0,0.0,0.0,3.1,0.0,3.32,0.0,0.0,0.0,0.0,3.51,0.0,3.55,0.0,0.0,3.0,0.0,2.97,0.0,2.92,0.0,2.97,0.0,0.0,2.91,0.0,0.0,34.45,4.85
216051,MUN,Dalot,D,7.7,0.0,2.47,0.0,0.0,3.64,0.0,0.0,3.16,0.0,0.0,2.96,0.0,3.1,0.0,3.47,0.0,0.0,4.54,0.0,0.0,3.34,0.0,3.75,0.0,2.2,0.0,0.0,0.0,1.82,0.0,34.45,4.47
487838,NEW,Hall,D,7.8,3.1,0.0,3.17,0.0,0.0,4.05,0.0,0.0,0.0,3.49,0.0,2.55,0.0,0.0,2.5,0.0,0.0,3.53,0.0,0.0,2.77,0.0,3.2,0.0,0.0,3.12,0.0,0.0,2.91,0.0,34.4,4.41
201595,LEE,Perri,G,6.6,2.17,0.0,0.0,3.3,0.0,2.98,0.0,0.0,0.0,3.06,0.0,3.57,0.0,0.0,0.0,0.0,3.71,0.0,2.19,0.0,3.39,0.0,2.68,0.0,3.92,0.0,0.0,0.0,0.0,3.32,34.29,5.2
221466,BOU,Senesi,D,6.8,5.15,0.0,3.39,0.0,0.0,2.55,0.0,0.0,0.0,0.0,2.54,4.52,0.0,0.0,0.0,2.84,0.0,2.08,0.0,2.46,0.0,0.0,3.54,0.0,0.0,0.0,2.72,2.49,0.0,0.0,34.27,5.04
494521,BOU,Truffert,D,6.7,4.45,0.0,3.9,0.0,0.0,2.8,0.0,0.0,0.0,0.0,2.63,4.44,0.0,0.0,0.0,2.81,0.0,2.1,0.0,2.46,0.0,0.0,3.49,0.0,0.0,0.0,2.67,2.46,0.0,0.0,34.21,5.11
431639,BUR,Flemming,F,7.2,3.26,0.0,0.0,3.22,0.0,2.97,0.0,0.0,3.14,0.0,0.0,3.08,0.0,0.0,0.0,3.28,0.0,3.16,0.0,2.84,0.0,0.0,3.2,0.0,2.67,0.0,0.0,3.28,0.0,0.0,34.1,4.74
165809,MCI,Bernardo,M,9.9,3.66,0.0,3.04,0.0,0.0,4.02,0.0,0.0,0.0,2.64,0.0,3.12,0.0,0.0,0.0,2.82,0.0,0.0,3.44,0.0,2.56,0.0,2.86,0.0,2.69,0.0,0.0,3.05,0.0,0.0,33.91,3.42
431248,WOL,Krejčí,D,6.7,0.0,3.2,0.0,4.46,0.0,0.0,0.0,3.37,1.64,0.0,0.0,3.93,0.0,0.0,0.0,1.67,0.0,2.74,0.0,4.36,0.0,0.0,3.75,0.0,0.0,3.14,0.0,1.59,0.0,0.0,33.85,5.05
106611,EVE,Keane,D,7.1,3.41,0.0,2.85,0.0,0.0,3.98,0.0,0.0,2.23,0.0,0.0,2.55,0.0,0.0,0.0,4.29,0.0,3.3,0.0,0.0,3.57,0.0,4.25,0.0,0.0,2.34,0.0,0.0,0.0,1.09,33.85,4.77
225796,CHE,James,D,7.8,0.0,2.61,0.0,3.21,0.0,2.62,0.0,0.0,4.02,0.0,0.0,2.81,0.0,0.0,0.0,3.48,0.0,3.3,0.0,0.0,2.2,0.0,3.12,0.0,3.48,0.0,0.0,0.0,2.94,0.0,33.81,4.33
488024,CRY,Yeremy,M,7.2,0.0,3.27,0.0,3.45,0.0,0.0,2.77,0.0,0.0,2.69,0.0,3.3,0.0,0.0,0.0,0.0,3.43,0.0,3.1,0.0,2.71,0.0,3.05,0.0,3.23,0.0,0.0,0.0,2.79,0.0,33.79,4.69
444180,BUR,Anthony,M,6.5,3.31,0.0,0.0,3.25,0.0,3.0,0.0,0.0,3.13,0.0,0.0,2.93,0.0,0.0,0.0,3.01,0.0,3.06,0.0,2.81,0.0,0.0,3.08,0.0,2.74,0.0,0.0,3.26,0.0,0.0,33.57,5.16
201666,NEW,Barnes,M,8.9,3.47,0.0,3.79,0.0,0.0,3.41,0.0,0.0,0.0,3.02,0.0,3.05,0.0,0.0,3.03,0.0,0.0,3.1,0.0,0.0,2.68,0.0,2.96,0.0,0.0,2.6,0.0,0.0,2.43,0.0,33.54,3.77
441266,LIV,Gravenberch,M,8.1,0.0,3.52,0.0,4.39,0.0,3.13,0.0,0.0,2.79,0.0,0.0,2.86,0.0,0.0,0.0,2.8,0.0,0.0,2.94,0.0,2.49,0.0,0.0,2.33,3.24,0.0,0.0,2.63,0.0,0.0,33.13,4.09
78916,NEW,Burn,D,7.8,3.04,0.0,3.18,0.0,0.0,3.73,0.0,0.0,0.0,3.23,0.0,2.36,0.0,0.0,2.27,0.0,0.0,3.35,0.0,0.0,2.7,0.0,3.36,0.0,0.0,3.01,0.0,0.0,2.89,0.0,33.11,4.25
248875,MCI,Doku,M,8.4,3.28,0.0,2.76,0.0,0.0,3.33,0.0,0.0,0.0,2.65,0.0,3.43,0.0,0.0,0.0,2.99,0.0,0.0,3.35,0.0,2.8,0.0,2.78,0.0,2.66,0.0,0.0,2.94,0.0,0.0,32.96,3.92
244954,AVL,Pau,D,7.1,0.0,4.51,0.0,2.76,0.0,2.38,0.0,0.0,0.0,3.49,0.0,0.0,3.05,0.0,0.0,2.07,0.0,1.87,0.0,3.68,0.0,0.0,2.75,0.0,0.0,3.89,0.0,0.0,2.46,0.0,32.92,4.64
575476,NFO,Murillo,D,8.5,0.0,3.22,0.0,3.63,0.0,3.26,0.0,0.0,0.0,3.35,0.0,0.0,0.0,2.89,0.0,2.18,0.0,3.54,0.0,2.61,0.0,3.21,0.0,0.0,2.35,0.0,0.0,0.0,2.67,0.0,32.9,3.87
224117,ARS,Gyökeres,F,11.5,0.0,0.0,0.0,1.15,0.0,2.23,0.0,0.0,4.82,0.0,0.0,3.91,0.0,0.0,0.0,3.87,0.0,3.53,0.0,3.35,0.0,0.0,0.0,3.3,3.37,0.0,0.0,0.0,3.37,0.0,32.9,2.86
114243,NEW,J.Murphy,M,8.3,2.96,0.0,3.24,0.0,0.0,3.41,0.0,0.0,0.0,3.19,0.0,2.72,0.0,0.0,2.76,0.0,0.0,3.02,0.0,0.0,2.73,0.0,2.93,0.0,0.0,2.75,0.0,0.0,2.75,0.0,32.45,3.91
67089,BUR,Dúbravka,G,6.6,2.74,0.0,0.0,3.34,0.0,2.41,0.0,0.0,3.58,0.0,0.0,2.7,0.0,0.0,0.0,3.55,0.0,3.07,0.0,2.55,0.0,0.0,3.1,0.0,2.03,0.0,0.0,3.34,0.0,0.0,32.42,4.91
154296,TOT,J.Palhinha,M,7.8,3.1,0.0,3.18,0.0,0.0,2.88,0.0,0.0,0.0,2.57,0.0,2.61,0.0,0.0,0.0,0.0,2.53,0.0,2.62,0.0,3.31,0.0,2.79,0.0,3.29,0.0,0.0,3.2,0.0,0.0,32.08,4.11
231416,BHA,F.Kadıoğlu,D,6.5,0.0,3.19,0.0,3.17,0.0,0.0,3.54,0.0,1.85,0.0,0.0,3.9,0.0,0.0,0.0,1.84,0.0,2.97,0.0,4.0,0.0,0.0,1.75,0.0,0.0,0.0,3.0,2.84,0.0,0.0,32.07,4.93
84450,SUN,Xhaka,M,6.3,3.48,0.0,0.0,2.35,0.0,2.36,0.0,0.0,0.0,2.65,0.0,2.69,0.0,0.0,0.0,0.0,3.24,0.0,2.73,0.0,2.97,0.0,3.22,0.0,3.27,0.0,0.0,3.09,0.0,0.0,32.06,5.09
450070,WHU,Summerville,M,7.0,0.0,1.72,0.0,0.0,2.99,0.0,2.84,0.0,0.0,2.94,0.0,2.72,0.0,0.0,0.0,3.07,0.0,3.05,0.0,2.95,0.0,3.06,0.0,0.0,2.99,0.0,0.0,3.45,0.0,0.0,31.77,4.54
209400,CRY,Kamada,M,7.4,0.0,2.96,0.0,3.05,0.0,0.0,2.66,0.0,0.0,2.61,0.0,3.03,0.0,0.0,0.0,0.0,3.19,0.0,2.91,0.0,2.73,0.0,2.87,0.0,3.09,0.0,0.0,0.0,2.63,0.0,31.72,4.29
215379,NFO,Anderson,M,8.3,0.0,3.22,0.0,3.17,0.0,3.31,0.0,0.0,0.0,3.06,0.0,0.0,0.0,2.68,0.0,2.58,0.0,2.93,0.0,2.51,0.0,2.99,0.0,0.0,2.45,0.0,0.0,0.0,2.8,0.0,31.7,3.82
560552,FUL,Kevin,M,6.6,2.93,0.0,2.61,0.0,0.0,0.0,2.79,0.0,2.92,0.0,0.0,0.0,0.0,3.26,0.0,3.28,0.0,0.0,2.89,0.0,2.77,0.0,2.73,0.0,2.84,0.0,0.0,2.65,0.0,0.0,31.66,4.8
220237,NEW,Botman,D,6.7,1.13,0.0,2.44,0.0,0.0,4.06,0.0,0.0,0.0,3.42,0.0,2.46,0.0,0.0,2.36,0.0,0.0,3.59,0.0,0.0,2.81,0.0,3.34,0.0,0.0,3.09,0.0,0.0,2.89,0.0,31.59,4.71
61256,MUN,Casemiro,M,7.3,0.0,3.22,0.0,0.0,2.47,0.0,0.0,2.68,0.0,0.0,2.71,0.0,2.73,0.0,2.97,0.0,0.0,3.09,0.0,0.0,3.01,0.0,3.45,0.0,2.71,0.0,0.0,0.0,2.44,0.0,31.48,4.31
232185,CRY,Sarr,M,8.0,0.0,5.06,0.0,5.17,0.0,0.0,4.3,0.0,0.0,4.2,0.0,0.0,0.0,0.0,0.0,0.0,0.0,0.0,0.0,0.0,2.04,0.0,2.2,0.0,4.16,0.0,0.0,0.0,4.28,0.0,31.41,3.93
509416,BHA,Ayari,M,7.4,0.0,2.97,0.0,2.86,0.0,0.0,3.12,0.0,2.6,0.0,0.0,3.6,0.0,0.0,0.0,2.35,0.0,2.85,0.0,3.06,0.0,0.0,2.42,0.0,0.0,0.0,2.74,2.52,0.0,0.0,31.1,4.2
60689,NFO,Wood,F,10.3,0.0,0.68,0.0,1.57,0.0,1.88,0.0,0.0,0.0,3.93,0.0,0.0,0.0,3.3,0.0,3.18,0.0,3.47,0.0,3.18,0.0,3.72,0.0,0.0,2.71,0.0,0.0,0.0,3.31,0.0,30.95,3.0
242882,BOU,Diakité,D,6.7,4.06,0.0,3.78,0.0,0.0,2.42,0.0,0.0,0.0,0.0,2.37,4.17,0.0,0.0,0.0,2.65,0.0,1.91,0.0,2.2,0.0,0.0,2.91,0.0,0.0,0.0,2.31,2.13,0.0,0.0,30.91,4.61
154566,TOT,Solanke,F,9.9,0.0,0.0,1.02,0.0,0.0,2.46,0.0,0.0,0.0,3.29,0.0,3.15,0.0,0.0,0.0,0.0,3.05,0.0,3.31,0.0,4.18,0.0,3.13,0.0,3.62,0.0,0.0,3.57,0.0,0.0,30.77,3.11
437505,SUN,Isidor,F,7.2,3.04,0.0,0.0,2.67,0.0,2.52,0.0,0.0,0.0,2.88,0.0,2.76,0.0,0.0,0.0,0.0,3.09,0.0,2.63,0.0,2.78,0.0,2.82,0.0,2.68,0.0,0.0,2.88,0.0,0.0,30.75,4.27
512462,EVE,O'Brien,D,7.1,3.07,0.0,2.63,0.0,0.0,3.59,0.0,0.0,1.92,0.0,0.0,2.38,0.0,0.0,0.0,3.6,0.0,2.86,0.0,0.0,2.92,0.0,3.38,0.0,0.0,2.22,0.0,0.0,0.0,2.13,30.7,4.32
481655,ARS,Zubimendi,M,8.0,0.0,2.72,0.0,3.18,0.0,2.82,0.0,0.0,3.08,0.0,0.0,3.05,0.0,0.0,0.0,2.65,0.0,2.61,0.0,2.49,0.0,0.0,0.0,2.47,2.76,0.0,0.0,0.0,2.76,0.0,30.58,3.82
180974,NEW,Joelinton,M,7.6,2.78,0.0,3.07,0.0,0.0,3.18,0.0,0.0,0.0,3.05,0.0,2.47,0.0,0.0,2.47,0.0,0.0,2.77,0.0,0.0,2.43,0.0,2.88,0.0,0.0,2.71,0.0,0.0,2.65,0.0,30.45,4.01
191866,BRE,Ajer,D,7.1,3.94,0.0,0.0,1.69,0.0,2.44,0.0,0.0,0.0,3.27,0.0,2.98,0.0,0.0,0.0,2.69,0.0,0.0,2.84,0.0,2.55,0.0,3.36,0.0,1.75,0.0,0.0,0.0,2.89,0.0,30.41,4.28
456512,NFO,Ndoye,M,7.0,0.0,3.12,0.0,3.04,0.0,2.78,0.0,0.0,0.0,3.03,0.0,0.0,0.0,2.68,0.0,2.58,0.0,2.76,0.0,2.58,0.0,2.76,0.0,0.0,2.3,0.0,0.0,0.0,2.75,0.0,30.39,4.34
226597,ARS,Gabriel,D,10.0,0.0,0.0,0.0,0.0,0.0,0.0,0.0,0.0,0.0,0.0,0.0,1.67,0.0,0.0,0.0,4.45,0.0,5.27,0.0,4.49,0.0,0.0,0.0,4.11,5.26,0.0,0.0,0.0,5.12,0.0,30.37,3.04
177815,LEE,Calvert-Lewin,F,6.6,2.38,0.0,0.0,2.63,0.0,2.73,0.0,0.0,0.0,2.97,0.0,2.85,0.0,0.0,0.0,0.0,3.19,0.0,2.56,0.0,2.9,0.0,2.64,0.0,2.75,0.0,0.0,0.0,0.0,2.61,30.2,4.58
487053,TOT,Udogie,D,7.1,3.09,0.0,2.26,0.0,0.0,2.92,0.0,0.0,0.0,2.63,0.0,2.16,0.0,0.0,0.0,0.0,2.15,0.0,2.34,0.0,3.76,0.0,2.24,0.0,3.21,0.0,0.0,3.42,0.0,0.0,30.17,4.25
56979,BRE,Henderson,M,6.9,3.6,0.0,0.0,2.24,0.0,2.63,0.0,0.0,0.0,2.77,0.0,2.64,0.0,0.0,0.0,2.54,0.0,0.0,2.65,0.0,2.6,0.0,3.44,0.0,2.31,0.0,0.0,0.0,2.69,0.0,30.1,4.36
448089,WOL,Gomes,M,7.9,0.0,2.84,0.0,2.2,0.0,0.0,0.0,2.38,2.28,0.0,0.0,2.91,0.0,0.0,0.0,2.69,0.0,2.84,0.0,3.1,0.0,0.0,3.03,0.0,0.0,2.9,0.0,2.59,0.0,0.0,29.75,3.77
232928,EVE,Garner,M,7.3,3.09,0.0,2.38,0.0,0.0,2.5,0.0,0.0,2.4,0.0,0.0,2.43,0.0,0.0,0.0,2.88,0.0,2.62,0.0,0.0,2.71,0.0,2.96,0.0,0.0,2.68,0.0,0.0,0.0,2.98,29.64,4.06
106760,MUN,Shaw,D,7.1,0.0,2.76,0.0,0.0,3.66,0.0,0.0,3.15,0.0,0.0,2.61,0.0,2.24,0.0,2.46,0.0,0.0,3.27,0.0,0.0,2.75,0.0,3.22,0.0,1.86,0.0,0.0,0.0,1.59,0.0,29.56,4.16
226182,LEE,Bogle,D,6.7,1.65,0.0,0.0,2.64,0.0,2.32,0.0,0.0,0.0,2.69,0.0,2.94,0.0,0.0,0.0,0.0,3.69,0.0,1.63,0.0,2.92,0.0,2.43,0.0,3.5,0.0,0.0,0.0,0.0,3.09,29.49,4.4
222694,LEE,Struijk,D,6.7,1.81,0.0,0.0,2.56,0.0,2.39,0.0,0.0,0.0,2.68,0.0,3.08,0.0,0.0,0.0,0.0,3.85,0.0,1.73,0.0,2.9,0.0,2.33,0.0,3.13,0.0,0.0,0.0,0.0,3.01,29.47,4.4
214225,LEE,Rodon,D,6.1,1.4,0.0,0.0,2.34,0.0,1.97,0.0,0.0,0.0,2.79,0.0,3.31,0.0,0.0,0.0,0.0,4.45,0.0,1.31,0.0,2.82,0.0,2.23,0.0,3.31,0.0,0.0,0.0,0.0,3.39,29.32,4.81
496221,CRY,Wharton,M,7.0,0.0,2.8,0.0,2.94,0.0,0.0,2.49,0.0,0.0,2.53,0.0,2.78,0.0,0.0,0.0,0.0,2.88,0.0,2.55,0.0,2.52,0.0,2.56,0.0,2.8,0.0,0.0,0.0,2.44,0.0,29.3,4.19
472769,MCI,O’Reilly,M,6.3,2.88,0.0,2.29,0.0,0.0,2.75,0.0,0.0,0.0,2.19,0.0,3.11,0.0,0.0,0.0,2.82,0.0,0.0,3.35,0.0,2.46,0.0,2.58,0.0,2.38,0.0,0.0,2.48,0.0,0.0,29.28,4.65
467779,BHA,Wieffer,M,7.0,0.0,2.89,0.0,2.7,0.0,0.0,2.78,0.0,2.45,0.0,0.0,3.07,0.0,0.0,0.0,2.3,0.0,2.6,0.0,2.86,0.0,0.0,2.43,0.0,0.0,0.0,2.67,2.49,0.0,0.0,29.24,4.18
214048,WHU,Kilman,D,7.7,0.0,1.82,0.0,0.0,2.19,0.0,2.16,0.0,0.0,2.82,0.0,1.18,0.0,0.0,0.0,3.03,0.0,2.61,0.0,3.08,0.0,3.45,0.0,0.0,2.27,0.0,0.0,4.56,0.0,0.0,29.16,3.79
122806,AVL,McGinn,M,7.6,0.0,2.94,0.0,2.68,0.0,2.39,0.0,0.0,0.0,2.87,0.0,0.0,3.0,0.0,0.0,2.55,0.0,2.3,0.0,2.73,0.0,0.0,2.52,0.0,0.0,2.7,0.0,0.0,2.45,0.0,29.14,3.83
205533,CRY,Nketiah,F,7.5,0.0,1.83,0.0,2.09,0.0,0.0,1.93,0.0,0.0,1.8,0.0,3.52,0.0,0.0,0.0,0.0,3.9,0.0,3.54,0.0,2.78,0.0,2.94,0.0,2.77,0.0,0.0,0.0,1.94,0.0,29.05,3.87
451340,BHA,Mitoma,M,9.0,0.0,0.0,0.0,0.0,0.0,0.0,0.0,0.0,1.31,0.0,0.0,4.26,0.0,0.0,0.0,3.01,0.0,4.24,0.0,4.82,0.0,0.0,3.43,0.0,0.0,0.0,4.13,3.77,0.0,0.0,28.98,3.22
586309,EVE,Barry,F,7.2,2.59,0.0,2.45,0.0,0.0,2.65,0.0,0.0,2.26,0.0,0.0,2.38,0.0,0.0,0.0,3.05,0.0,2.75,0.0,0.0,2.79,0.0,2.9,0.0,0.0,2.35,0.0,0.0,0.0,2.65,28.82,4.0
484420,SUN,E.Le Fée,M,6.9,2.76,0.0,0.0,2.53,0.0,2.44,0.0,0.0,0.0,2.61,0.0,2.63,0.0,0.0,0.0,0.0,2.88,0.0,2.58,0.0,2.7,0.0,2.52,0.0,2.49,0.0,0.0,2.63,0.0,0.0,28.76,4.17
172567,BUR,Cullen,M,6.9,2.73,0.0,0.0,2.92,0.0,2.57,0.0,0.0,2.58,0.0,0.0,2.51,0.0,0.0,0.0,2.93,0.0,2.56,0.0,2.45,0.0,0.0,2.53,0.0,2.32,0.0,0.0,2.65,0.0,0.0,28.75,4.17
446008,MUN,Mbeumo,M,11.5,0.0,4.34,0.0,0.0,5.12,0.0,0.0,4.43,0.0,0.0,4.34,0.0,0.0,0.0,0.0,0.0,0.0,0.0,0.0,0.0,1.91,0.0,2.27,0.0,3.01,0.0,0.0,0.0,3.09,0.0,28.5,2.48
101188,AVL,Digne,D,7.5,0.0,3.62,0.0,2.42,0.0,2.22,0.0,0.0,0.0,2.87,0.0,0.0,2.73,0.0,0.0,1.98,0.0,1.82,0.0,3.06,0.0,0.0,2.33,0.0,0.0,2.98,0.0,0.0,2.27,0.0,28.29,3.77
435997,LEE,Okafor,F,6.5,2.54,0.0,0.0,2.67,0.0,2.58,0.0,0.0,0.0,2.64,0.0,2.55,0.0,0.0,0.0,0.0,2.78,0.0,2.36,0.0,2.59,0.0,2.42,0.0,2.55,0.0,0.0,0.0,0.0,2.4,28.08,4.32
216055,BUR,Florentino,M,6.3,2.64,0.0,0.0,2.56,0.0,2.54,0.0,0.0,2.44,0.0,0.0,2.48,0.0,0.0,0.0,2.73,0.0,2.57,0.0,2.47,0.0,0.0,2.54,0.0,2.38,0.0,0.0,2.7,0.0,0.0,28.06,4.45
230376,WOL,J.Arias,M,6.4,0.0,2.45,0.0,2.64,0.0,0.0,0.0,2.58,2.03,0.0,0.0,3.01,0.0,0.0,0.0,2.61,0.0,2.69,0.0,2.9,0.0,0.0,2.51,0.0,0.0,2.37,0.0,2.08,0.0,0.0,27.86,4.35
200785,BOU,Adams,M,7.3,4.05,0.0,2.31,0.0,0.0,2.23,0.0,0.0,0.0,0.0,2.27,2.66,0.0,0.0,0.0,2.32,0.0,2.19,0.0,2.16,0.0,0.0,2.71,0.0,0.0,0.0,2.43,2.37,0.0,0.0,27.69,3.79
216094,LIV,Frimpong,D,9.1,0.0,0.0,0.0,0.0,0.0,0.0,0.0,0.0,1.67,0.0,0.0,3.54,0.0,0.0,0.0,4.66,0.0,0.0,4.41,0.0,3.37,0.0,0.0,2.32,4.59,0.0,0.0,2.96,0.0,0.0,27.5,3.02
207189,FUL,Berge,M,7.6,2.64,0.0,2.46,0.0,0.0,0.0,2.57,0.0,2.73,0.0,0.0,0.0,0.0,2.54,0.0,2.66,0.0,0.0,2.4,0.0,2.28,0.0,2.33,0.0,2.48,0.0,0.0,2.4,0.0,0.0,27.48,3.62
448104,ARS,Hincapie,D,8.1,0.0,3.36,0.0,3.82,0.0,3.41,0.0,0.0,4.65,0.0,0.0,2.99,0.0,0.0,0.0,1.8,0.0,1.51,0.0,1.36,0.0,0.0,0.0,1.36,1.56,0.0,0.0,0.0,1.59,0.0,27.41,3.38
226944,AVL,Kamara,M,7.3,0.0,2.94,0.0,2.64,0.0,2.25,0.0,0.0,0.0,2.58,0.0,0.0,2.33,0.0,0.0,2.14,0.0,2.1,0.0,2.35,0.0,0.0,2.47,0.0,0.0,2.67,0.0,0.0,2.46,0.0,26.95,3.69
577725,FUL,King,M,6.3,2.35,0.0,2.19,0.0,0.0,0.0,2.33,0.0,2.52,0.0,0.0,0.0,0.0,2.8,0.0,2.8,0.0,0.0,2.57,0.0,2.44,0.0,2.4,0.0,2.25,0.0,0.0,2.23,0.0,0.0,26.89,4.27
487676,SUN,Hume,D,6.7,2.83,0.0,0.0,1.37,0.0,1.39,0.0,0.0,0.0,2.71,0.0,2.32,0.0,0.0,0.0,0.0,3.75,0.0,1.94,0.0,2.51,0.0,2.31,0.0,2.61,0.0,0.0,2.86,0.0,0.0,26.59,3.97
184754,WOL,Hee Chan,F,7.2,0.0,2.24,0.0,2.49,0.0,0.0,0.0,2.37,1.92,0.0,0.0,2.94,0.0,0.0,0.0,2.47,0.0,2.66,0.0,2.8,0.0,0.0,2.39,0.0,0.0,2.4,0.0,1.87,0.0,0.0,26.54,3.69
195546,AVL,Buendía,M,6.9,0.0,2.05,0.0,2.36,0.0,2.1,0.0,0.0,0.0,2.59,0.0,0.0,3.04,0.0,0.0,2.42,0.0,2.09,0.0,2.68,0.0,0.0,2.38,0.0,0.0,2.5,0.0,0.0,2.27,0.0,26.48,3.84
551226,WHU,M.Fernandes,M,6.3,0.0,2.43,0.0,0.0,2.27,0.0,2.27,0.0,0.0,2.33,0.0,2.28,0.0,0.0,0.0,2.48,0.0,2.46,0.0,2.4,0.0,2.39,0.0,0.0,2.41,0.0,0.0,2.69,0.0,0.0,26.41,4.19
184341,MUN,Mount,M,8.3,0.0,2.93,0.0,0.0,2.9,0.0,0.0,2.48,0.0,0.0,1.86,0.0,2.81,0.0,2.89,0.0,0.0,3.1,0.0,0.0,2.21,0.0,2.23,0.0,1.63,0.0,0.0,0.0,1.2,0.0,26.24,3.16
212314,FUL,Lukić,M,8.0,2.42,0.0,2.19,0.0,0.0,0.0,2.29,0.0,2.45,0.0,0.0,0.0,0.0,2.51,0.0,2.63,0.0,0.0,2.33,0.0,2.35,0.0,2.21,0.0,2.41,0.0,0.0,2.24,0.0,0.0,26.03,3.25
243526,LEE,Gudmundsson,D,6.1,1.32,0.0,0.0,2.28,0.0,1.99,0.0,0.0,0.0,2.39,0.0,2.72,0.0,0.0,0.0,0.0,3.34,0.0,1.37,0.0,2.67,0.0,2.06,0.0,3.03,0.0,0.0,0.0,0.0,2.69,25.86,4.24
199598,LEE,Ampadu,D,6.7,1.33,0.0,0.0,2.02,0.0,1.81,0.0,0.0,0.0,2.22,0.0,2.7,0.0,0.0,0.0,0.0,3.68,0.0,1.3,0.0,2.61,0.0,2.09,0.0,3.08,0.0,0.0,0.0,0.0,2.99,25.83,3.86
503139,BOU,Scott,M,7.0,2.82,0.0,2.64,0.0,0.0,2.43,0.0,0.0,0.0,0.0,2.4,2.81,0.0,0.0,0.0,2.27,0.0,2.07,0.0,1.92,0.0,0.0,2.31,0.0,0.0,0.0,2.1,2.08,0.0,0.0,25.83,3.69
433036,MCI,Reijnders,M,7.9,2.68,0.0,2.48,0.0,0.0,3.02,0.0,0.0,0.0,1.88,0.0,2.64,0.0,0.0,0.0,2.12,0.0,0.0,2.61,0.0,1.88,0.0,2.18,0.0,1.91,0.0,0.0,2.16,0.0,0.0,25.57,3.24
533463,BRE,O.Dango,F,7.9,4.67,0.0,0.0,3.05,0.0,3.85,0.0,0.0,0.0,4.02,0.0,0.0,0.0,0.0,0.0,0.0,0.0,0.0,0.0,0.0,1.64,0.0,2.07,0.0,2.59,0.0,0.0,0.0,3.68,0.0,25.56,3.24
440993,EVE,Ndiaye,M,8.1,3.97,0.0,3.67,0.0,0.0,3.95,0.0,0.0,3.35,0.0,0.0,0.0,0.0,0.0,0.0,0.0,0.0,0.0,0.0,0.0,1.96,0.0,1.97,0.0,0.0,2.76,0.0,0.0,0.0,3.94,25.56,3.16
508395,BRE,Yarmoliuk,M,7.3,2.67,0.0,0.0,2.09,0.0,2.39,0.0,0.0,0.0,2.43,0.0,2.3,0.0,0.0,0.0,2.29,0.0,0.0,2.39,0.0,2.21,0.0,2.51,0.0,2.06,0.0,0.0,0.0,2.19,0.0,25.54,3.5
221820,MUN,Martinez,D,7.1,0.0,0.0,0.0,0.0,0.65,0.0,0.0,1.39,0.0,0.0,2.19,0.0,2.46,0.0,3.02,0.0,0.0,4.14,0.0,0.0,3.42,0.0,4.08,0.0,2.18,0.0,0.0,0.0,1.86,0.0,25.41,3.58
462116,WHU,Todibo,D,7.1,0.0,1.71,0.0,0.0,1.9,0.0,1.97,0.0,0.0,2.5,0.0,1.17,0.0,0.0,0.0,2.74,0.0,2.47,0.0,2.59,0.0,2.76,0.0,0.0,1.99,0.0,0.0,3.51,0.0,0.0,25.31,3.57
200834,SUN,Mukiele,D,6.1,2.87,0.0,0.0,1.1,0.0,1.1,0.0,0.0,0.0,2.58,0.0,2.06,0.0,0.0,0.0,0.0,3.58,0.0,1.73,0.0,2.34,0.0,2.28,0.0,2.68,0.0,0.0,2.88,0.0,0.0,25.21,4.13
444463,CHE,Fofana,D,6.8,0.0,2.29,0.0,2.76,0.0,2.14,0.0,0.0,2.9,0.0,0.0,2.12,0.0,0.0,0.0,2.38,0.0,2.32,0.0,0.0,1.53,0.0,2.12,0.0,2.53,0.0,0.0,0.0,2.08,0.0,25.17,3.7
184349,FUL,Sessegnon,M,6.8,3.07,0.0,2.73,0.0,0.0,0.0,2.7,0.0,2.68,0.0,0.0,0.0,0.0,2.19,0.0,2.29,0.0,0.0,2.04,0.0,1.89,0.0,1.87,0.0,1.79,0.0,0.0,1.76,0.0,0.0,25.01,3.68
466052,MCI,Cherki,M,8.6,2.27,0.0,2.05,0.0,0.0,2.6,0.0,0.0,0.0,1.88,0.0,2.82,0.0,0.0,0.0,2.34,0.0,0.0,2.61,0.0,2.04,0.0,2.24,0.0,1.86,0.0,0.0,2.27,0.0,0.0,24.98,2.9
485711,MUN,Šeško,F,9.8,0.0,0.0,0.0,0.0,0.0,0.0,0.0,0.0,0.0,0.0,1.3,0.0,3.03,0.0,3.73,0.0,0.0,4.07,0.0,0.0,3.5,0.0,3.79,0.0,3.05,0.0,0.0,0.0,2.49,0.0,24.96,2.55
466525,LEE,Stach,M,6.3,0.0,0.0,0.0,1.24,0.0,1.96,0.0,0.0,0.0,2.9,0.0,2.85,0.0,0.0,0.0,0.0,3.14,0.0,2.47,0.0,2.67,0.0,2.44,0.0,2.58,0.0,0.0,0.0,0.0,2.55,24.81,3.94
486385,EVE,Beto,F,7.5,2.21,0.0,2.16,0.0,0.0,2.25,0.0,0.0,2.02,0.0,0.0,1.88,0.0,0.0,0.0,2.69,0.0,2.26,0.0,0.0,2.5,0.0,2.38,0.0,0.0,2.05,0.0,0.0,0.0,2.32,24.71,3.3
509291,WOL,André,M,7.6,0.0,2.29,0.0,2.31,0.0,0.0,0.0,2.19,2.0,0.0,0.0,2.25,0.0,0.0,0.0,2.16,0.0,2.2,0.0,2.34,0.0,0.0,2.4,0.0,0.0,2.27,0.0,2.14,0.0,0.0,24.55,3.23
75115,WHU,Wilson,F,7.4,0.0,2.16,0.0,0.0,2.25,0.0,2.07,0.0,0.0,2.18,0.0,1.93,0.0,0.0,0.0,2.17,0.0,2.14,0.0,2.21,0.0,2.32,0.0,0.0,2.21,0.0,0.0,2.69,0.0,0.0,24.32,3.29
463034,CHE,Delap,F,8.7,0.0,2.24,0.0,2.69,0.0,2.46,0.0,0.0,2.17,0.0,0.0,2.07,0.0,0.0,0.0,2.08,0.0,2.33,0.0,0.0,1.78,0.0,2.1,0.0,2.38,0.0,0.0,0.0,1.94,0.0,24.23,2.79
231057,WOL,Bellegarde,M,7.6,0.0,1.48,0.0,2.08,0.0,0.0,0.0,2.16,1.74,0.0,0.0,2.82,0.0,0.0,0.0,2.46,0.0,2.64,0.0,2.64,0.0,0.0,2.29,0.0,0.0,2.13,0.0,1.75,0.0,0.0,24.19,3.18
247955,SUN,Geertruida,D,6.7,2.32,0.0,0.0,1.29,0.0,1.27,0.0,0.0,0.0,2.34,0.0,2.12,0.0,0.0,0.0,0.0,3.44,0.0,1.82,0.0,2.25,0.0,2.15,0.0,2.43,0.0,0.0,2.53,0.0,0.0,23.98,3.58
223827,SUN,Ballard,D,6.7,2.55,0.0,0.0,1.19,0.0,1.14,0.0,0.0,0.0,2.32,0.0,1.98,0.0,0.0,0.0,0.0,3.35,0.0,1.66,0.0,2.23,0.0,2.17,0.0,2.43,0.0,0.0,2.63,0.0,0.0,23.65,3.53
153133,FUL,Iwobi,M,8.6,3.75,0.0,3.26,0.0,0.0,0.0,3.45,0.0,3.89,0.0,0.0,0.0,0.0,0.0,0.0,0.0,0.0,0.0,0.0,0.0,1.52,0.0,1.61,0.0,2.67,0.0,0.0,3.44,0.0,0.0,23.59,2.74
248056,LEE,Tanaka,M,6.9,2.63,0.0,0.0,2.53,0.0,2.5,0.0,0.0,0.0,2.43,0.0,2.43,0.0,0.0,0.0,0.0,2.46,0.0,1.93,0.0,1.89,0.0,1.77,0.0,1.55,0.0,0.0,0.0,0.0,1.35,23.46,3.4
596777,MUN,Dorgu,D,6.8,0.0,1.38,0.0,0.0,1.56,0.0,0.0,1.64,0.0,0.0,1.32,0.0,2.73,0.0,2.81,0.0,0.0,3.83,0.0,0.0,2.55,0.0,3.12,0.0,1.46,0.0,0.0,0.0,1.0,0.0,23.4,3.44
232859,TOT,Spence,D,7.2,2.37,0.0,1.73,0.0,0.0,1.87,0.0,0.0,0.0,2.19,0.0,1.77,0.0,0.0,0.0,0.0,1.83,0.0,1.97,0.0,2.32,0.0,1.87,0.0,2.66,0.0,0.0,2.82,0.0,0.0,23.39,3.25
490142,WHU,Potts,M,6.9,0.0,2.17,0.0,0.0,2.13,0.0,2.08,0.0,0.0,2.11,0.0,2.01,0.0,0.0,0.0,2.14,0.0,2.16,0.0,2.13,0.0,2.04,0.0,0.0,2.14,0.0,0.0,2.24,0.0,0.0,23.35,3.38
493250,MUN,Amad,M,8.0,0.0,3.45,0.0,0.0,4.01,0.0,0.0,3.54,0.0,0.0,3.52,0.0,0.0,0.0,0.0,0.0,0.0,0.0,0.0,0.0,1.75,0.0,1.85,0.0,2.53,0.0,0.0,0.0,2.59,0.0,23.23,2.9
202993,TOT,Bentancur,M,7.3,1.36,0.0,2.17,0.0,0.0,2.24,0.0,0.0,0.0,2.06,0.0,2.23,0.0,0.0,0.0,0.0,2.2,0.0,2.22,0.0,2.37,0.0,2.01,0.0,2.24,0.0,0.0,2.13,0.0,0.0,23.22,3.18
201895,SUN,Alderete,D,6.1,2.5,0.0,0.0,1.11,0.0,1.11,0.0,0.0,0.0,2.34,0.0,1.92,0.0,0.0,0.0,0.0,3.29,0.0,1.61,0.0,2.16,0.0,2.1,0.0,2.42,0.0,0.0,2.58,0.0,0.0,23.14,3.79
174594,LEE,Nmecha,F,7.2,2.53,0.0,0.0,2.54,0.0,2.09,0.0,0.0,0.0,2.03,0.0,2.0,0.0,0.0,0.0,0.0,2.27,0.0,1.73,0.0,1.97,0.0,1.88,0.0,2.04,0.0,0.0,0.0,0.0,1.95,23.04,3.2
510362,WOL,Toti,D,7.6,0.0,1.98,0.0,2.66,0.0,0.0,0.0,2.26,1.38,0.0,0.0,2.66,0.0,0.0,0.0,1.28,0.0,1.98,0.0,2.91,0.0,0.0,2.46,0.0,0.0,2.16,0.0,1.25,0.0,0.0,22.99,3.02
514254,BHA,Gomez,M,6.7,0.0,2.62,0.0,2.59,0.0,0.0,2.83,0.0,2.07,0.0,0.0,2.33,0.0,0.0,0.0,1.48,0.0,2.01,0.0,2.05,0.0,0.0,1.64,0.0,0.0,0.0,1.75,1.59,0.0,0.0,22.95,3.43
560262,BOU,Kroupi.Jr,F,7.9,2.47,0.0,2.31,0.0,0.0,2.21,0.0,0.0,0.0,0.0,2.13,2.79,0.0,0.0,0.0,2.06,0.0,1.84,0.0,1.47,0.0,0.0,2.16,0.0,0.0,0.0,1.8,1.72,0.0,0.0,22.95,2.91
427637,LEE,Aaronson,M,6.9,2.42,0.0,0.0,2.41,0.0,2.3,0.0,0.0,0.0,2.19,0.0,2.25,0.0,0.0,0.0,0.0,2.11,0.0,1.81,0.0,1.98,0.0,1.73,0.0,1.74,0.0,0.0,0.0,0.0,1.68,22.6,3.28
532529,BHA,Hinshelwood,M,7.7,0.0,1.3,0.0,1.76,0.0,0.0,2.42,0.0,1.67,0.0,0.0,3.02,0.0,0.0,0.0,2.06,0.0,2.59,0.0,2.54,0.0,0.0,1.99,0.0,0.0,0.0,1.72,1.53,0.0,0.0,22.59,2.93
494960,BUR,Hartman,D,6.1,1.93,0.0,0.0,2.3,0.0,1.62,0.0,0.0,2.67,0.0,0.0,1.76,0.0,0.0,0.0,2.76,0.0,2.12,0.0,1.71,0.0,0.0,2.23,0.0,0.95,0.0,0.0,2.5,0.0,0.0,22.56,3.7
204646,AVL,Malen,F,8.2,0.0,3.23,0.0,1.63,0.0,1.44,0.0,0.0,0.0,2.06,0.0,0.0,2.54,0.0,0.0,2.01,0.0,1.56,0.0,2.28,0.0,0.0,1.95,0.0,0.0,2.02,0.0,0.0,1.77,0.0,22.49,2.74
232892,FUL,Bassey,D,7.7,3.3,0.0,2.5,0.0,0.0,0.0,3.76,0.0,4.59,0.0,0.0,0.0,0.0,0.0,0.0,0.0,0.0,0.0,0.0,0.0,1.07,0.0,1.16,0.0,2.82,0.0,0.0,3.27,0.0,0.0,22.48,2.92
502697,EVE,Alcaraz,M,7.1,1.6,0.0,2.39,0.0,0.0,2.55,0.0,0.0,1.41,0.0,0.0,2.27,0.0,0.0,0.0,2.8,0.0,2.45,0.0,0.0,1.95,0.0,1.94,0.0,0.0,1.43,0.0,0.0,0.0,1.32,22.11,3.11
111317,BOU,Brooks,M,7.2,3.07,0.0,2.39,0.0,0.0,2.27,0.0,0.0,0.0,0.0,1.9,2.46,0.0,0.0,0.0,1.87,0.0,1.59,0.0,1.41,0.0,0.0,1.89,0.0,0.0,0.0,1.51,1.57,0.0,0.0,21.93,3.05
200641,BRE,Nelson,M,6.7,1.09,0.0,0.0,0.0,0.0,1.43,0.0,0.0,0.0,1.61,0.0,3.33,0.0,0.0,0.0,3.29,0.0,0.0,3.44,0.0,1.98,0.0,2.57,0.0,1.52,0.0,0.0,0.0,1.53,0.0,21.77,3.25
200617,LEE,James,M,6.9,1.9,0.0,0.0,2.38,0.0,2.07,0.0,0.0,0.0,1.99,0.0,1.94,0.0,0.0,0.0,0.0,2.11,0.0,1.65,0.0,1.91,0.0,1.73,0.0,2.02,0.0,0.0,0.0,0.0,1.89,21.6,3.13
550839,TOT,Odobert,M,7.0,2.64,0.0,2.24,0.0,0.0,2.17,0.0,0.0,0.0,1.98,0.0,1.79,0.0,0.0,0.0,0.0,1.59,0.0,1.7,0.0,1.98,0.0,1.54,0.0,1.97,0.0,0.0,1.86,0.0,0.0,21.48,3.07
500151,NFO,Savona,D,6.7,0.0,3.29,0.0,3.62,0.0,3.14,0.0,0.0,0.0,1.81,0.0,0.0,0.0,2.2,0.0,1.25,0.0,2.05,0.0,1.14,0.0,1.17,0.0,0.0,1.13,0.0,0.0,0.0,0.56,0.0,21.35,3.19
222683,BOU,Kluivert,M,8.0,0.0,0.0,0.0,0.0,0.0,0.0,0.0,0.0,0.0,0.0,1.18,2.63,0.0,0.0,0.0,3.17,0.0,2.71,0.0,2.47,0.0,0.0,3.33,0.0,0.0,0.0,2.88,2.83,0.0,0.0,21.19,2.65
513433,BHA,Gruda,M,6.7,0.0,1.55,0.0,2.1,0.0,0.0,2.79,0.0,1.9,0.0,0.0,2.26,0.0,0.0,0.0,1.41,0.0,1.98,0.0,2.18,0.0,0.0,1.55,0.0,0.0,0.0,1.79,1.61,0.0,0.0,21.14,3.16
58621,BUR,Walker,D,7.5,1.93,0.0,0.0,2.16,0.0,1.48,0.0,0.0,2.48,0.0,0.0,1.59,0.0,0.0,0.0,2.74,0.0,1.96,0.0,1.55,0.0,0.0,2.1,0.0,0.74,0.0,0.0,2.32,0.0,0.0,21.05,2.81
493105,CHE,Garnacho,M,8.4,0.0,1.76,0.0,2.26,0.0,2.13,0.0,0.0,1.91,0.0,0.0,1.76,0.0,0.0,0.0,1.85,0.0,2.0,0.0,0.0,1.59,0.0,1.83,0.0,2.06,0.0,0.0,0.0,1.8,0.0,20.96,2.49
465694,MCI,N.Gonzalez,M,7.6,3.55,0.0,2.86,0.0,0.0,3.43,0.0,0.0,0.0,1.33,0.0,1.47,0.0,0.0,0.0,1.33,0.0,0.0,1.46,0.0,1.27,0.0,1.37,0.0,1.36,0.0,0.0,1.46,0.0,0.0,20.89,2.75
249231,BRE,Lewis-Potter,D,7.9,1.46,0.0,0.0,1.05,0.0,1.42,0.0,0.0,0.0,1.78,0.0,2.96,0.0,0.0,0.0,2.34,0.0,0.0,2.87,0.0,1.77,0.0,2.36,0.0,1.21,0.0,0.0,0.0,1.63,0.0,20.85,2.64
469272,BUR,Tchaouna,M,6.9,2.04,0.0,0.0,1.96,0.0,1.85,0.0,0.0,1.74,0.0,0.0,1.97,0.0,0.0,0.0,2.08,0.0,2.02,0.0,1.9,0.0,0.0,1.76,0.0,1.54,0.0,0.0,1.72,0.0,0.0,20.58,2.98
233963,WHU,Mavropanos,D,7.1,0.0,0.52,0.0,0.0,1.03,0.0,1.8,0.0,0.0,2.19,0.0,1.29,0.0,0.0,0.0,2.58,0.0,2.53,0.0,2.48,0.0,2.32,0.0,0.0,1.74,0.0,0.0,2.05,0.0,0.0,20.54,2.89
550864,MUN,Yoro,D,6.8,0.0,2.49,0.0,0.0,3.21,0.0,0.0,2.54,0.0,0.0,1.58,0.0,1.76,0.0,1.42,0.0,0.0,2.0,0.0,0.0,1.47,0.0,1.88,0.0,1.06,0.0,0.0,0.0,0.91,0.0,20.3,2.99
212319,TOT,Richarlison,F,9.3,2.76,0.0,2.2,0.0,0.0,2.14,0.0,0.0,0.0,1.71,0.0,1.66,0.0,0.0,0.0,0.0,1.43,0.0,1.72,0.0,1.9,0.0,1.38,0.0,1.72,0.0,0.0,1.65,0.0,0.0,20.29,2.18
433312,WOL,Munetsi,M,7.0,0.0,3.01,0.0,3.29,0.0,0.0,0.0,3.33,2.53,0.0,0.0,0.0,0.0,0.0,0.0,0.0,0.0,0.0,0.0,1.63,0.0,0.0,1.31,0.0,0.0,2.38,0.0,2.69,0.0,0.0,20.16,2.88
458249,MUN,Zirkzee,F,8.3,0.0,3.15,0.0,0.0,2.27,0.0,0.0,2.05,0.0,0.0,1.56,0.0,1.93,0.0,1.85,0.0,0.0,2.1,0.0,0.0,1.5,0.0,1.68,0.0,1.14,0.0,0.0,0.0,0.81,0.0,20.04,2.41
477717,BUR,Estève,D,6.1,1.66,0.0,0.0,2.17,0.0,1.29,0.0,0.0,2.49,0.0,0.0,1.44,0.0,0.0,0.0,2.83,0.0,1.87,0.0,1.39,0.0,0.0,1.97,0.0,0.48,0.0,0.0,2.21,0.0,0.0,19.77,3.24
544877,LIV,Kerkez,D,8.5,0.0,1.86,0.0,2.21,0.0,1.81,0.0,0.0,1.75,0.0,0.0,1.65,0.0,0.0,0.0,2.01,0.0,0.0,1.84,0.0,1.54,0.0,0.0,1.15,2.29,0.0,0.0,1.41,0.0,0.0,19.52,2.3
620487,BOU,Milosavljević,D,6.7,1.24,0.0,2.5,0.0,0.0,1.82,0.0,0.0,0.0,0.0,1.67,2.92,0.0,0.0,0.0,1.4,0.0,1.49,0.0,1.65,0.0,0.0,2.13,0.0,0.0,0.0,1.35,1.27,0.0,0.0,19.45,2.9
482609,CHE,Gusto,D,7.1,0.0,1.63,0.0,2.77,0.0,2.2,0.0,0.0,1.78,0.0,0.0,1.47,0.0,0.0,0.0,1.77,0.0,1.83,0.0,0.0,1.21,0.0,1.62,0.0,1.77,0.0,0.0,0.0,1.4,0.0,19.43,2.74
445044,TOT,Kulusevski,M,8.7,0.0,0.0,0.0,0.0,0.0,0.0,0.0,0.0,0.0,0.0,0.0,1.15,0.0,0.0,0.0,0.0,2.59,0.0,2.9,0.0,3.47,0.0,2.8,0.0,3.25,0.0,0.0,3.15,0.0,0.0,19.31,2.22
158534,WHU,Walker-Peters,D,6.7,0.0,0.76,0.0,0.0,0.78,0.0,1.01,0.0,0.0,1.13,0.0,1.42,0.0,0.0,0.0,3.15,0.0,2.86,0.0,2.65,0.0,2.54,0.0,0.0,1.29,0.0,0.0,1.2,0.0,0.0,18.8,2.81
490094,EVE,Iroegbunam,M,6.8,2.2,0.0,1.77,0.0,0.0,1.79,0.0,0.0,1.48,0.0,0.0,1.93,0.0,0.0,0.0,2.02,0.0,1.87,0.0,0.0,1.59,0.0,1.73,0.0,0.0,1.16,0.0,0.0,0.0,1.09,18.64,2.74
91889,WHU,Füllkrug,F,9.3,0.0,1.68,0.0,0.0,1.53,0.0,1.53,0.0,0.0,1.69,0.0,1.48,0.0,0.0,0.0,1.69,0.0,1.76,0.0,1.72,0.0,1.81,0.0,0.0,1.72,0.0,0.0,1.97,0.0,0.0,18.58,2.0
214590,WHU,Wan-Bissaka,D,7.7,0.0,2.03,0.0,0.0,2.25,0.0,2.3,0.0,0.0,2.95,0.0,0.0,0.0,0.0,0.0,0.0,0.0,0.0,0.0,1.41,0.0,1.45,0.0,0.0,2.1,0.0,0.0,3.99,0.0,0.0,18.49,2.4
215439,WHU,Souček,M,7.7,0.0,1.55,0.0,0.0,1.4,0.0,1.5,0.0,0.0,1.59,0.0,1.62,0.0,0.0,0.0,1.8,0.0,1.91,0.0,1.75,0.0,1.76,0.0,0.0,1.62,0.0,0.0,1.96,0.0,0.0,18.47,2.4
209046,NFO,Hudson-Odoi,M,7.6,0.0,2.53,0.0,2.23,0.0,1.74,0.0,0.0,0.0,1.67,0.0,0.0,0.0,1.48,0.0,1.47,0.0,1.56,0.0,1.47,0.0,1.62,0.0,0.0,1.25,0.0,0.0,0.0,1.44,0.0,18.46,2.43
247693,TOT,Kolo Muani,F,8.3,2.2,0.0,1.96,0.0,0.0,1.97,0.0,0.0,0.0,1.59,0.0,1.41,0.0,0.0,0.0,0.0,1.43,0.0,1.45,0.0,1.75,0.0,1.42,0.0,1.65,0.0,0.0,1.59,0.0,0.0,18.43,2.22
169528,FUL,Robinson,D,7.9,0.0,0.0,0.0,0.0,0.0,0.0,0.0,0.0,0.87,0.0,0.0,0.0,0.0,3.02,0.0,2.86,0.0,0.0,2.26,0.0,2.09,0.0,2.2,0.0,2.73,0.0,0.0,2.35,0.0,0.0,18.39,2.33
167887,BUR,Laurent,M,6.9,1.15,0.0,0.0,1.22,0.0,1.27,0.0,0.0,1.3,0.0,0.0,2.12,0.0,0.0,0.0,2.21,0.0,2.22,0.0,1.89,0.0,0.0,1.98,0.0,1.41,0.0,0.0,1.38,0.0,0.0,18.15,2.63
476887,NFO,Bakwa,M,7.2,0.0,0.46,0.0,0.81,0.0,1.09,0.0,0.0,0.0,2.28,0.0,0.0,0.0,2.05,0.0,2.0,0.0,2.24,0.0,1.74,0.0,2.11,0.0,0.0,1.5,0.0,0.0,0.0,1.83,0.0,18.1,2.51
119471,NEW,Schär,D,8.0,1.69,0.0,1.73,0.0,0.0,2.0,0.0,0.0,0.0,1.62,0.0,1.34,0.0,0.0,1.31,0.0,0.0,1.69,0.0,0.0,1.53,0.0,1.81,0.0,0.0,1.72,0.0,0.0,1.58,0.0,18.01,2.25
510281,MCI,Savinho,M,7.7,1.42,0.0,1.29,0.0,0.0,1.7,0.0,0.0,0.0,1.3,0.0,2.07,0.0,0.0,0.0,1.78,0.0,0.0,2.09,0.0,1.58,0.0,1.58,0.0,1.5,0.0,0.0,1.51,0.0,0.0,17.81,2.31
171287,LIV,Gomez,D,6.8,0.0,1.6,0.0,3.42,0.0,2.52,0.0,0.0,1.63,0.0,0.0,1.25,0.0,0.0,0.0,1.51,0.0,0.0,1.37,0.0,1.21,0.0,0.0,0.81,1.52,0.0,0.0,0.96,0.0,0.0,17.79,2.62
624773,CHE,Estêvão,M,7.2,0.0,1.38,0.0,1.99,0.0,1.58,0.0,0.0,1.72,0.0,0.0,1.54,0.0,0.0,0.0,1.72,0.0,1.75,0.0,0.0,1.41,0.0,1.47,0.0,1.74,0.0,0.0,0.0,1.49,0.0,17.78,2.47
482973,NFO,Igor Jesus,F,7.2,0.0,2.92,0.0,2.45,0.0,1.72,0.0,0.0,0.0,1.33,0.0,0.0,0.0,1.38,0.0,1.33,0.0,1.5,0.0,1.29,0.0,1.39,0.0,0.0,1.07,0.0,0.0,0.0,1.21,0.0,17.6,2.44
613804,WHU,Diouf,D,6.7,0.0,1.83,0.0,0.0,2.06,0.0,2.06,0.0,0.0,2.8,0.0,0.0,0.0,0.0,0.0,0.0,0.0,0.0,0.0,1.42,0.0,1.51,0.0,0.0,2.0,0.0,0.0,3.65,0.0,0.0,17.33,2.59
116216,ARS,Trossard,M,10.3,0.0,0.88,0.0,1.73,0.0,1.42,0.0,0.0,1.91,0.0,0.0,1.59,0.0,0.0,0.0,1.71,0.0,1.71,0.0,1.51,0.0,0.0,0.0,1.6,1.55,0.0,0.0,0.0,1.7,0.0,17.31,1.68
248857,ARS,Madueke,M,8.2,0.0,2.01,0.0,1.88,0.0,1.61,0.0,0.0,1.71,0.0,0.0,1.34,0.0,0.0,0.0,1.38,0.0,1.48,0.0,1.36,0.0,0.0,0.0,1.34,1.48,0.0,0.0,0.0,1.47,0.0,17.07,2.08
570526,TOT,Bergvall,M,7.3,2.14,0.0,1.09,0.0,0.0,1.28,0.0,0.0,0.0,1.23,0.0,1.84,0.0,0.0,0.0,0.0,1.8,0.0,1.92,0.0,1.67,0.0,1.23,0.0,1.28,0.0,0.0,1.11,0.0,0.0,16.61,2.28
232653,NEW,J.Ramsey,M,7.3,1.16,0.0,1.48,0.0,0.0,1.78,0.0,0.0,0.0,1.55,0.0,1.5,0.0,0.0,1.53,0.0,0.0,1.78,0.0,0.0,1.48,0.0,1.58,0.0,0.0,1.42,0.0,0.0,1.36,0.0,16.61,2.27
230046,NFO,Douglas Luiz,M,7.4,0.0,0.0,0.0,0.0,0.0,0.0,0.0,0.0,0.0,0.77,0.0,0.0,0.0,2.18,0.0,2.34,0.0,2.52,0.0,2.16,0.0,2.42,0.0,0.0,1.97,0.0,0.0,0.0,2.12,0.0,16.5,2.23
231480,WOL,S.Bueno,D,7.1,0.0,0.71,0.0,1.13,0.0,0.0,0.0,1.14,0.75,0.0,0.0,2.64,0.0,0.0,0.0,1.34,0.0,1.99,0.0,2.54,0.0,0.0,2.06,0.0,0.0,1.43,0.0,0.76,0.0,0.0,16.49,2.32
516939,WOL,Agbadou,D,6.8,0.0,2.45,0.0,3.42,0.0,0.0,0.0,2.69,1.53,0.0,0.0,0.0,0.0,0.0,0.0,0.0,0.0,0.0,0.0,1.49,0.0,0.0,1.23,0.0,0.0,2.23,0.0,1.4,0.0,0.0,16.43,2.42
206915,LIV,C.Jones,M,7.3,0.0,1.7,0.0,2.24,0.0,1.79,0.0,0.0,1.51,0.0,0.0,1.4,0.0,0.0,0.0,1.45,0.0,0.0,1.39,0.0,1.19,0.0,0.0,0.94,1.38,0.0,0.0,1.08,0.0,0.0,16.07,2.2
195384,ARS,Merino,M,8.6,0.0,3.16,0.0,3.1,0.0,1.82,0.0,0.0,1.25,0.0,0.0,0.96,0.0,0.0,0.0,0.98,0.0,1.01,0.0,0.96,0.0,0.0,0.0,0.88,0.94,0.0,0.0,0.0,1.0,0.0,16.06,1.87
155408,BOU,Cook,M,7.9,1.32,0.0,1.95,0.0,0.0,1.84,0.0,0.0,0.0,0.0,1.81,2.04,0.0,0.0,0.0,1.4,0.0,1.19,0.0,1.12,0.0,0.0,1.12,0.0,0.0,0.0,1.08,1.05,0.0,0.0,15.92,2.02
179458,BUR,Bruun Larsen,M,6.9,1.26,0.0,0.0,1.28,0.0,1.33,0.0,0.0,1.38,0.0,0.0,1.58,0.0,0.0,0.0,1.74,0.0,1.64,0.0,1.37,0.0,0.0,1.48,0.0,1.32,0.0,0.0,1.52,0.0,0.0,15.9,2.31
441302,AVL,Maatsen,D,6.9,0.0,1.66,0.0,1.24,0.0,1.19,0.0,0.0,0.0,1.62,0.0,0.0,1.69,0.0,0.0,1.16,0.0,1.1,0.0,1.71,0.0,0.0,1.25,0.0,0.0,1.81,0.0,0.0,1.31,0.0,15.71,2.28
206325,NFO,Zinchenko,D,7.2,0.0,0.0,0.0,0.0,0.0,0.0,0.0,0.0,0.0,0.98,0.0,0.0,0.0,2.5,0.0,2.17,0.0,3.34,0.0,2.12,0.0,2.58,0.0,0.0,0.0,0.0,0.0,0.0,1.45,0.0,15.13,2.1
219847,ARS,Havertz,F,10.7,0.0,0.0,0.0,0.0,0.0,0.58,0.0,0.0,0.88,0.0,0.0,1.14,0.0,0.0,0.0,1.71,0.0,2.2,0.0,2.08,0.0,0.0,0.0,2.0,2.12,0.0,0.0,0.0,2.33,0.0,15.03,1.41
448514,MCI,Aït-Nouri,D,8.3,1.88,0.0,2.1,0.0,0.0,2.96,0.0,0.0,0.0,1.88,0.0,0.0,0.0,0.0,0.0,0.0,0.0,0.0,0.0,0.0,1.01,0.0,1.17,0.0,1.39,0.0,0.0,2.61,0.0,0.0,15.01,1.81
110504,SUN,Traoré,M,6.3,2.6,0.0,0.0,2.26,0.0,2.12,0.0,0.0,0.0,2.21,0.0,0.0,0.0,0.0,0.0,0.0,0.0,0.0,0.0,0.0,1.09,0.0,1.08,0.0,1.51,0.0,0.0,1.99,0.0,0.0,14.87,2.36
441264,SUN,Brobbey,F,6.5,1.01,0.0,0.0,0.95,0.0,0.92,0.0,0.0,0.0,1.07,0.0,1.67,0.0,0.0,0.0,0.0,1.98,0.0,1.58,0.0,1.45,0.0,1.48,0.0,1.38,0.0,0.0,1.23,0.0,0.0,14.72,2.26
54469,BOU,Smith,D,7.1,1.65,0.0,1.72,0.0,0.0,1.25,0.0,0.0,0.0,0.0,1.22,2.05,0.0,0.0,0.0,1.26,0.0,0.95,0.0,1.08,0.0,0.0,1.32,0.0,0.0,0.0,1.16,1.01,0.0,0.0,14.67,2.07
490721,WOL,H.Bueno,D,6.1,0.0,1.05,0.0,1.45,0.0,0.0,0.0,1.27,0.83,0.0,0.0,2.08,0.0,0.0,0.0,1.15,0.0,1.67,0.0,1.77,0.0,0.0,1.46,0.0,0.0,1.18,0.0,0.72,0.0,0.0,14.62,2.4
219924,FUL,Diop,D,6.8,0.0,0.0,0.42,0.0,0.0,0.0,0.74,0.0,0.91,0.0,0.0,0.0,0.0,3.18,0.0,2.83,0.0,0.0,2.29,0.0,1.15,0.0,1.29,0.0,1.05,0.0,0.0,0.74,0.0,0.0,14.6,2.15
472713,BRE,Hickey,D,6.1,1.24,0.0,0.0,0.82,0.0,1.16,0.0,0.0,0.0,1.62,0.0,1.37,0.0,0.0,0.0,1.38,0.0,0.0,1.43,0.0,1.36,0.0,1.72,0.0,0.95,0.0,0.0,0.0,1.47,0.0,14.53,2.38
497949,WOL,Møller Wolfe,D,6.7,0.0,1.34,0.0,1.55,0.0,0.0,0.0,1.33,0.9,0.0,0.0,1.7,0.0,0.0,0.0,0.95,0.0,1.34,0.0,1.76,0.0,0.0,1.44,0.0,0.0,1.36,0.0,0.79,0.0,0.0,14.46,2.16
449434,NEW,Elanga,M,8.2,1.06,0.0,1.54,0.0,0.0,1.57,0.0,0.0,0.0,1.35,0.0,1.26,0.0,0.0,1.32,0.0,0.0,1.44,0.0,0.0,1.17,0.0,1.27,0.0,0.0,1.19,0.0,0.0,1.17,0.0,14.34,1.75
492859,LEE,Gnonto,M,6.9,0.92,0.0,0.0,1.15,0.0,1.35,0.0,0.0,0.0,1.38,0.0,1.42,0.0,0.0,0.0,0.0,1.48,0.0,1.17,0.0,1.51,0.0,1.26,0.0,1.35,0.0,0.0,0.0,0.0,1.28,14.27,2.07
551483,BOU,A.Jimenez,D,6.7,1.68,0.0,1.43,0.0,0.0,1.16,0.0,0.0,0.0,0.0,1.17,1.69,0.0,0.0,0.0,1.28,0.0,1.03,0.0,1.05,0.0,0.0,1.53,0.0,0.0,0.0,1.11,1.14,0.0,0.0,14.25,2.13
438234,MCI,Marmoush,F,10.7,1.8,0.0,1.72,0.0,0.0,2.39,0.0,0.0,0.0,1.9,0.0,0.0,0.0,0.0,0.0,0.0,0.0,0.0,0.0,0.0,1.05,0.0,1.17,0.0,1.61,0.0,0.0,2.53,0.0,0.0,14.17,1.32
535301,BHA,Baleba,M,8.0,0.0,2.45,0.0,1.97,0.0,0.0,2.2,0.0,1.92,0.0,0.0,0.0,0.0,0.0,0.0,0.0,0.0,0.0,0.0,1.09,0.0,0.0,0.81,0.0,0.0,0.0,1.43,2.13,0.0,0.0,14.0,1.75
496661,EVE,Dibling,M,6.5,0.86,0.0,1.18,0.0,0.0,1.34,0.0,0.0,0.91,0.0,0.0,1.82,0.0,0.0,0.0,1.92,0.0,1.64,0.0,0.0,1.26,0.0,1.3,0.0,0.0,0.92,0.0,0.0,0.0,0.77,13.92,2.14
441271,WOL,Hoever,D,6.1,0.0,0.89,0.0,1.06,0.0,0.0,0.0,0.86,0.61,0.0,0.0,2.42,0.0,0.0,0.0,1.4,0.0,1.87,0.0,1.61,0.0,0.0,1.28,0.0,0.0,1.1,0.0,0.61,0.0,0.0,13.71,2.25
477555,MCI,Bobb,M,6.5,0.96,0.0,0.89,0.0,0.0,1.2,0.0,0.0,0.0,0.87,0.0,1.73,0.0,0.0,0.0,1.42,0.0,0.0,1.69,0.0,1.26,0.0,1.25,0.0,1.15,0.0,0.0,1.22,0.0,0.0,13.64,2.1
500040,ARS,Mosquera,D,7.9,0.0,0.91,0.0,1.9,0.0,1.8,0.0,0.0,2.16,0.0,0.0,1.42,0.0,0.0,0.0,1.0,0.0,0.88,0.0,0.84,0.0,0.0,0.0,0.78,0.95,0.0,0.0,0.0,0.87,0.0,13.51,1.71
465730,BHA,De Cuyper,D,6.7,0.0,1.07,0.0,1.47,0.0,0.0,1.96,0.0,0.87,0.0,0.0,1.57,0.0,0.0,0.0,0.77,0.0,1.33,0.0,1.57,0.0,0.0,0.75,0.0,0.0,0.0,1.18,0.96,0.0,0.0,13.5,2.01
209289,FUL,Smith Rowe,M,7.7,0.8,0.0,0.88,0.0,0.0,0.0,0.95,0.0,1.17,0.0,0.0,0.0,0.0,1.71,0.0,1.72,0.0,0.0,1.49,0.0,1.27,0.0,1.23,0.0,1.25,0.0,0.0,1.0,0.0,0.0,13.48,1.75
449871,AVL,Onana,M,7.4,0.0,1.03,0.0,1.03,0.0,1.04,0.0,0.0,0.0,1.35,0.0,0.0,1.42,0.0,0.0,1.25,0.0,1.2,0.0,1.33,0.0,0.0,1.21,0.0,0.0,1.23,0.0,0.0,1.17,0.0,13.26,1.79
434399,SUN,Reinildo,D,6.1,2.39,0.0,0.0,0.88,0.0,0.97,0.0,0.0,0.0,2.18,0.0,0.0,0.0,0.0,0.0,0.0,0.0,0.0,0.0,0.0,1.04,0.0,1.02,0.0,2.0,0.0,0.0,2.54,0.0,0.0,13.03,2.14
97299,MCI,Stones,D,8.6,0.92,0.0,0.85,0.0,0.0,1.27,0.0,0.0,0.0,0.97,0.0,1.4,0.0,0.0,0.0,1.21,0.0,0.0,1.37,0.0,1.08,0.0,1.31,0.0,1.08,0.0,0.0,1.49,0.0,0.0,12.95,1.51
95658,MUN,Maguire,D,7.1,0.0,0.0,0.0,0.0,0.99,0.0,0.0,1.23,0.0,0.0,1.36,0.0,1.28,0.0,1.35,0.0,0.0,1.73,0.0,0.0,1.37,0.0,1.69,0.0,1.05,0.0,0.0,0.0,0.87,0.0,12.92,1.82
486520,LEE,Gruev,M,6.9,2.16,0.0,0.0,1.98,0.0,1.88,0.0,0.0,0.0,1.21,0.0,1.24,0.0,0.0,0.0,0.0,1.05,0.0,0.76,0.0,0.76,0.0,0.58,0.0,0.63,0.0,0.0,0.0,0.0,0.65,12.91,1.87
513466,EVE,Röhl,M,6.3,0.0,0.0,0.0,0.0,0.0,0.0,0.0,0.0,0.0,0.0,0.0,0.78,0.0,0.0,0.0,2.28,0.0,2.37,0.0,0.0,2.26,0.0,2.23,0.0,0.0,1.46,0.0,0.0,0.0,1.49,12.87,2.04
477064,MCI,Lewis,D,7.1,1.15,0.0,1.08,0.0,0.0,1.39,0.0,0.0,0.0,0.93,0.0,1.37,0.0,0.0,0.0,1.16,0.0,0.0,1.32,0.0,1.08,0.0,1.1,0.0,1.01,0.0,0.0,1.23,0.0,0.0,12.81,1.8
244042,FUL,Muniz,F,7.4,0.0,0.0,0.0,0.0,0.0,0.0,0.0,0.0,0.0,0.0,0.0,0.0,0.0,0.0,0.0,0.0,0.0,0.0,1.26,0.0,1.83,0.0,2.34,0.0,3.57,0.0,0.0,3.54,0.0,0.0,12.54,1.69
223541,LIV,Chiesa,M,9.6,0.0,1.2,0.0,1.14,0.0,0.83,0.0,0.0,0.83,0.0,0.0,1.56,0.0,0.0,0.0,1.66,0.0,0.0,1.64,0.0,0.99,0.0,0.0,0.78,1.13,0.0,0.0,0.7,0.0,0.0,12.44,1.3
577669,SUN,Sadiki,M,6.9,2.24,0.0,0.0,1.81,0.0,1.75,0.0,0.0,0.0,1.72,0.0,0.0,0.0,0.0,0.0,0.0,0.0,0.0,0.0,0.0,0.9,0.0,0.94,0.0,1.21,0.0,0.0,1.86,0.0,0.0,12.42,1.8
180135,LEE,Longstaff,M,7.0,0.0,0.0,0.0,0.0,0.0,0.0,0.0,0.0,0.0,0.0,0.0,0.0,0.0,0.0,0.0,0.0,0.99,0.0,1.5,0.0,2.23,0.0,2.38,0.0,2.48,0.0,0.0,0.0,0.0,2.42,12.0,1.71
135720,TOT,Danso,D,6.8,3.7,0.0,0.48,0.0,0.0,0.77,0.0,0.0,0.0,0.76,0.0,0.64,0.0,0.0,0.0,0.0,0.74,0.0,0.77,0.0,1.13,0.0,0.78,0.0,1.05,0.0,0.0,1.11,0.0,0.0,11.93,1.76
152551,CRY,Lerma,M,7.7,0.0,0.83,0.0,0.97,0.0,0.0,0.97,0.0,0.0,0.98,0.0,1.25,0.0,0.0,0.0,0.0,1.31,0.0,1.27,0.0,1.06,0.0,1.13,0.0,1.12,0.0,0.0,0.0,0.96,0.0,11.86,1.54
523705,WOL,Tchatchoua,D,6.7,0.0,1.95,0.0,2.51,0.0,0.0,0.0,2.16,1.28,0.0,0.0,0.0,0.0,0.0,0.0,0.0,0.0,0.0,0.0,0.93,0.0,0.0,0.84,0.0,0.0,1.12,0.0,0.93,0.0,0.0,11.73,1.75
463936,CHE,Gittens,M,8.0,0.0,0.9,0.0,1.18,0.0,1.12,0.0,0.0,1.03,0.0,0.0,0.97,0.0,0.0,0.0,1.13,0.0,1.15,0.0,0.0,0.96,0.0,1.06,0.0,1.21,0.0,0.0,0.0,0.96,0.0,11.67,1.46
564406,SUN,Mayenda,F,7.2,0.47,0.0,0.0,0.54,0.0,0.52,0.0,0.0,0.0,0.59,0.0,1.79,0.0,0.0,0.0,0.0,2.01,0.0,1.75,0.0,1.14,0.0,1.09,0.0,0.95,0.0,0.0,0.79,0.0,0.0,11.64,1.62
232112,MUN,Ugarte,M,7.3,0.0,0.95,0.0,0.0,1.31,0.0,0.0,1.09,0.0,0.0,0.97,0.0,1.11,0.0,1.14,0.0,0.0,1.22,0.0,0.0,1.07,0.0,0.99,0.0,0.94,0.0,0.0,0.0,0.8,0.0,11.57,1.59
434752,LEE,Bijol,D,6.1,0.56,0.0,0.0,0.98,0.0,0.86,0.0,0.0,0.0,1.09,0.0,1.14,0.0,0.0,0.0,0.0,1.38,0.0,0.71,0.0,1.2,0.0,0.97,0.0,1.42,0.0,0.0,0.0,0.0,1.16,11.48,1.88
547027,SUN,Diarra,M,6.9,0.0,0.0,0.0,0.84,0.0,1.34,0.0,0.0,0.0,2.55,0.0,0.0,0.0,0.0,0.0,0.0,0.0,0.0,0.0,0.0,1.19,0.0,1.14,0.0,1.91,0.0,0.0,2.48,0.0,0.0,11.44,1.66
180804,BUR,Tuanzebe,D,7.1,1.52,0.0,0.0,1.96,0.0,1.25,0.0,0.0,2.27,0.0,0.0,0.0,0.0,0.0,0.0,0.0,0.0,0.0,0.0,0.74,0.0,0.0,0.89,0.0,0.78,0.0,0.0,2.03,0.0,0.0,11.43,1.61
87835,WOL,Doherty,D,7.4,0.0,0.0,0.0,0.53,0.0,0.0,0.0,0.79,0.6,0.0,0.0,2.03,0.0,0.0,0.0,1.25,0.0,1.66,0.0,1.57,0.0,0.0,1.33,0.0,0.0,1.07,0.0,0.6,0.0,0.0,11.42,1.54
109646,CHE,Tosin,D,7.2,0.0,0.67,0.0,1.1,0.0,1.0,0.0,0.0,1.12,0.0,0.0,0.91,0.0,0.0,0.0,1.12,0.0,1.22,0.0,0.0,0.8,0.0,1.23,0.0,1.24,0.0,0.0,0.0,0.96,0.0,11.36,1.58
577016,CHE,Acheampong,D,6.1,0.0,0.7,0.0,1.08,0.0,1.0,0.0,0.0,1.18,0.0,0.0,0.91,0.0,0.0,0.0,1.15,0.0,1.17,0.0,0.0,0.86,0.0,1.03,0.0,1.15,0.0,0.0,0.0,0.99,0.0,11.22,1.84
444145,ARS,Martinelli,M,10.0,0.0,1.02,0.0,1.19,0.0,1.02,0.0,0.0,1.19,0.0,0.0,0.9,0.0,0.0,0.0,0.96,0.0,0.96,0.0,0.96,0.0,0.0,0.0,0.9,1.03,0.0,0.0,0.0,0.99,0.0,11.12,1.11
242898,TOT,Johnson,M,8.4,0.96,0.0,1.02,0.0,0.0,1.23,0.0,0.0,0.0,1.09,0.0,1.12,0.0,0.0,0.0,0.0,0.81,0.0,0.88,0.0,1.08,0.0,0.79,0.0,1.01,0.0,0.0,0.98,0.0,0.0,10.96,1.3
492777,LIV,Bradley,D,6.8,0.0,0.0,0.0,0.0,0.0,0.0,0.0,0.0,0.0,0.0,0.0,0.73,0.0,0.0,0.0,1.83,0.0,0.0,2.07,0.0,1.43,0.0,0.0,1.28,1.97,0.0,0.0,1.36,0.0,0.0,10.67,1.57
554197,SUN,Rigg,M,6.9,0.48,0.0,0.0,0.68,0.0,0.55,0.0,0.0,0.0,0.0,0.0,2.09,0.0,0.0,0.0,0.0,2.27,0.0,2.01,0.0,1.0,0.0,0.95,0.0,0.63,0.0,0.0,0.0,0.0,0.0,10.64,1.54
149484,AVL,Mings,D,6.8,0.0,0.79,0.0,0.71,0.0,0.8,0.0,0.0,0.0,1.09,0.0,0.0,1.08,0.0,0.0,0.82,0.0,0.82,0.0,1.29,0.0,0.0,0.99,0.0,0.0,1.2,0.0,0.0,0.95,0.0,10.54,1.55
207283,BRE,Jensen,M,7.0,0.69,0.0,0.0,0.59,0.0,0.76,0.0,0.0,0.0,0.92,0.0,1.17,0.0,0.0,0.0,1.17,0.0,0.0,1.24,0.0,0.96,0.0,1.16,0.0,0.88,0.0,0.0,0.0,0.87,0.0,10.41,1.49
80801,EVE,Gana,M,8.1,0.0,0.0,0.0,0.0,0.0,0.0,0.0,0.0,2.66,0.0,0.0,0.0,0.0,0.0,0.0,0.0,0.0,0.0,0.0,0.0,1.19,0.0,1.24,0.0,0.0,2.12,0.0,0.0,0.0,3.13,10.34,1.28
126184,MCI,Aké,D,8.0,0.54,0.0,0.58,0.0,0.0,0.82,0.0,0.0,0.0,0.69,0.0,1.32,0.0,0.0,0.0,1.14,0.0,0.0,1.39,0.0,0.94,0.0,1.04,0.0,0.91,0.0,0.0,0.95,0.0,0.0,10.33,1.29
209243,AVL,Sancho,M,7.7,0.0,0.9,0.0,0.78,0.0,0.71,0.0,0.0,0.0,1.04,0.0,0.0,0.0,0.0,0.0,1.24,0.0,1.11,0.0,1.27,0.0,0.0,1.06,0.0,0.0,1.13,0.0,0.0,1.02,0.0,10.28,1.33
76357,FUL,Cairney,M,6.7,0.6,0.0,0.62,0.0,0.0,0.0,0.76,0.0,0.84,0.0,0.0,0.0,0.0,1.2,0.0,1.22,0.0,0.0,1.18,0.0,0.99,0.0,1.02,0.0,0.94,0.0,0.0,0.9,0.0,0.0,10.27,1.53
432714,NFO,McAtee,M,6.9,0.0,1.15,0.0,1.11,0.0,1.04,0.0,0.0,0.0,0.91,0.0,0.0,0.0,0.87,0.0,0.85,0.0,0.97,0.0,0.83,0.0,0.97,0.0,0.0,0.76,0.0,0.0,0.0,0.8,0.0,10.25,1.49
204968,NFO,Yates,M,7.4,0.0,1.22,0.0,1.19,0.0,1.12,0.0,0.0,0.0,1.07,0.0,0.0,0.0,0.9,0.0,0.85,0.0,0.99,0.0,0.77,0.0,0.81,0.0,0.0,0.66,0.0,0.0,0.0,0.65,0.0,10.24,1.38
204120,BHA,Boscagli,D,6.7,0.0,0.0,0.0,0.88,0.0,0.0,1.23,0.0,0.64,0.0,0.0,1.41,0.0,0.0,0.0,0.79,0.0,1.31,0.0,1.47,0.0,0.0,0.67,0.0,0.0,0.0,0.94,0.81,0.0,0.0,10.16,1.52
488213,WOL,Tolu,F,6.5,0.0,1.43,0.0,1.54,0.0,0.0,0.0,1.55,1.22,0.0,0.0,0.0,0.0,0.0,0.0,0.0,0.0,0.0,0.0,0.91,0.0,0.0,0.79,0.0,0.0,1.25,0.0,1.42,0.0,0.0,10.11,1.55
433154,EVE,McNeil,M,7.5,0.45,0.0,0.82,0.0,0.0,1.01,0.0,0.0,0.64,0.0,0.0,1.27,0.0,0.0,0.0,1.51,0.0,1.32,0.0,0.0,0.99,0.0,0.93,0.0,0.0,0.62,0.0,0.0,0.0,0.53,10.1,1.35
210462,NFO,Sangaré,M,6.7,0.0,2.12,0.0,2.08,0.0,1.93,0.0,0.0,0.0,1.47,0.0,0.0,0.0,0.0,0.0,0.0,0.0,0.0,0.0,0.5,0.0,0.45,0.0,0.0,0.56,0.0,0.0,0.0,0.93,0.0,10.04,1.5
503301,NFO,Hutchinson,M,6.6,0.0,1.23,0.0,1.05,0.0,1.02,0.0,0.0,0.0,0.84,0.0,0.0,0.0,0.82,0.0,0.79,0.0,0.87,0.0,0.89,0.0,0.9,0.0,0.0,0.74,0.0,0.0,0.0,0.83,0.0,9.99,1.51
485047,NFO,Morato,D,6.8,0.0,0.71,0.0,1.37,0.0,1.21,0.0,0.0,0.0,0.97,0.0,0.0,0.0,0.84,0.0,0.71,0.0,1.04,0.0,0.75,0.0,0.86,0.0,0.0,0.78,0.0,0.0,0.0,0.71,0.0,9.96,1.47
516895,MUN,Mainoo,M,7.3,0.0,0.57,0.0,0.0,0.78,0.0,0.0,0.75,0.0,0.0,0.84,0.0,1.1,0.0,1.09,0.0,0.0,1.22,0.0,0.0,1.03,0.0,1.04,0.0,0.83,0.0,0.0,0.0,0.65,0.0,9.91,1.36
482442,TOT,P.M.Sarr,M,7.4,1.48,0.0,1.43,0.0,0.0,1.61,0.0,0.0,0.0,1.62,0.0,0.0,0.0,0.0,0.0,0.0,0.0,0.0,0.0,0.0,0.77,0.0,0.62,0.0,0.94,0.0,0.0,1.44,0.0,0.0,9.9,1.34
204580,BRE,Janelt,M,7.6,0.57,0.0,0.0,0.63,0.0,0.71,0.0,0.0,0.0,0.82,0.0,1.12,0.0,0.0,0.0,1.11,0.0,0.0,1.18,0.0,0.97,0.0,1.06,0.0,0.86,0.0,0.0,0.0,0.84,0.0,9.89,1.3
478969,BUR,Ekdal,D,6.1,0.33,0.0,0.0,0.47,0.0,0.45,0.0,0.0,0.61,0.0,0.0,1.45,0.0,0.0,0.0,2.13,0.0,1.69,0.0,0.77,0.0,0.0,0.95,0.0,0.44,0.0,0.0,0.56,0.0,0.0,9.85,1.62
578153,MCI,Khusanov,D,6.5,0.64,0.0,0.62,0.0,0.0,0.8,0.0,0.0,0.0,0.7,0.0,1.07,0.0,0.0,0.0,0.97,0.0,0.0,1.12,0.0,0.91,0.0,0.93,0.0,0.86,0.0,0.0,1.14,0.0,0.0,9.77,1.5
111478,BHA,Veltman,D,7.1,0.0,0.47,0.0,0.93,0.0,0.0,1.29,0.0,0.63,0.0,0.0,1.34,0.0,0.0,0.0,0.63,0.0,1.1,0.0,1.18,0.0,0.0,0.61,0.0,0.0,0.0,0.77,0.73,0.0,0.0,9.68,1.36
547719,NEW,L.Miley,M,6.3,0.61,0.0,0.7,0.0,0.0,0.96,0.0,0.0,0.0,0.96,0.0,0.86,0.0,0.0,0.96,0.0,0.0,1.05,0.0,0.0,0.98,0.0,0.87,0.0,0.0,0.86,0.0,0.0,0.82,0.0,9.62,1.53
246301,FUL,J.Cuenca,D,6.5,0.41,0.0,0.5,0.0,0.0,0.0,0.69,0.0,0.78,0.0,0.0,0.0,0.0,1.48,0.0,1.54,0.0,0.0,1.1,0.0,0.85,0.0,0.89,0.0,0.8,0.0,0.0,0.57,0.0,0.0,9.61,1.48
223434,WHU,Igor,D,6.8,0.0,0.7,0.0,0.0,0.67,0.0,0.0,0.0,0.0,0.76,0.0,1.06,0.0,0.0,0.0,2.2,0.0,0.0,0.0,1.25,0.0,1.08,0.0,0.0,0.83,0.0,0.0,1.05,0.0,0.0,9.58,1.41
485337,AVL,Guessand,M,8.0,0.0,1.48,0.0,1.32,0.0,1.17,0.0,0.0,0.0,1.61,0.0,0.0,0.0,0.0,0.0,0.0,0.0,0.0,0.0,0.74,0.0,0.0,0.62,0.0,0.0,1.15,0.0,0.0,1.48,0.0,9.57,1.2
198869,ARS,White,D,8.8,0.0,0.51,0.0,1.07,0.0,0.86,0.0,0.0,1.12,0.0,0.0,0.96,0.0,0.0,0.0,0.93,0.0,0.89,0.0,0.77,0.0,0.0,0.0,0.79,0.73,0.0,0.0,0.0,0.88,0.0,9.51,1.08
489706,CRY,Devenny,M,6.3,0.0,0.0,0.0,0.52,0.0,0.0,0.53,0.0,0.0,0.48,0.0,1.46,0.0,0.0,0.0,0.0,1.62,0.0,1.55,0.0,0.97,0.0,0.95,0.0,0.85,0.0,0.0,0.0,0.54,0.0,9.47,1.5
643135,WOL,Fer López,M,6.9,0.0,0.45,0.0,0.61,0.0,0.0,0.0,0.69,0.57,0.0,0.0,1.39,0.0,0.0,0.0,1.15,0.0,1.27,0.0,1.14,0.0,0.0,0.91,0.0,0.0,0.71,0.0,0.49,0.0,0.0,9.37,1.36
230001,MUN,Mazraoui,D,7.8,0.0,1.19,0.0,0.0,1.65,0.0,0.0,1.33,0.0,0.0,1.19,0.0,0.0,0.0,0.0,0.0,0.0,0.0,0.0,0.0,0.94,0.0,1.01,0.0,0.91,0.0,0.0,0.0,0.88,0.0,9.11,1.17
651426,CRY,Canvot,D,6.7,0.0,0.47,0.0,0.73,0.0,0.0,0.78,0.0,0.0,0.66,0.0,1.0,0.0,0.0,0.0,0.0,1.06,0.0,1.1,0.0,0.8,0.0,0.9,0.0,0.9,0.0,0.0,0.0,0.69,0.0,9.11,1.36
220627,LEE,Justin,D,6.1,0.39,0.0,0.0,0.61,0.0,0.65,0.0,0.0,0.0,0.81,0.0,0.98,0.0,0.0,0.0,0.0,1.18,0.0,0.73,0.0,1.05,0.0,0.78,0.0,0.95,0.0,0.0,0.0,0.0,0.95,9.09,1.49
166477,FUL,Castagne,D,7.1,0.45,0.0,0.52,0.0,0.0,0.0,0.76,0.0,0.86,0.0,0.0,0.0,0.0,1.11,0.0,1.16,0.0,0.0,0.96,0.0,0.78,0.0,0.86,0.0,0.84,0.0,0.0,0.74,0.0,0.0,9.04,1.27
57328,CRY,Clyne,D,6.5,0.0,0.0,0.0,1.27,0.0,0.0,0.93,0.0,0.0,0.74,0.0,1.02,0.0,0.0,0.0,0.0,1.0,0.0,0.97,0.0,0.69,0.0,0.83,0.0,0.81,0.0,0.0,0.0,0.66,0.0,8.94,1.37
250199,NFO,Dominguez,M,7.5,0.0,0.93,0.0,0.94,0.0,0.92,0.0,0.0,0.0,0.77,0.0,0.0,0.0,0.78,0.0,0.74,0.0,0.94,0.0,0.74,0.0,0.83,0.0,0.0,0.66,0.0,0.0,0.0,0.61,0.0,8.85,1.18
108413,CRY,Hughes,M,7.8,0.0,0.4,0.0,0.58,0.0,0.0,0.64,0.0,0.0,0.63,0.0,1.09,0.0,0.0,0.0,0.0,1.17,0.0,1.08,0.0,0.79,0.0,0.85,0.0,0.82,0.0,0.0,0.0,0.67,0.0,8.72,1.12
511499,TOT,Tel,F,7.6,0.84,0.0,0.9,0.0,0.0,0.93,0.0,0.0,0.0,0.72,0.0,0.74,0.0,0.0,0.0,0.0,0.64,0.0,0.65,0.0,0.88,0.0,0.75,0.0,0.83,0.0,0.0,0.7,0.0,0.0,8.58,1.13
168636,BOU,Enes Ünal,F,6.9,0.77,0.0,0.93,0.0,0.0,0.9,0.0,0.0,0.0,0.0,0.84,1.22,0.0,0.0,0.0,0.78,0.0,0.73,0.0,0.53,0.0,0.0,0.76,0.0,0.0,0.0,0.57,0.54,0.0,0.0,8.58,1.24
225321,NEW,Ramsdale,G,7.3,0.6,0.0,0.67,0.0,0.0,0.72,0.0,0.0,0.0,0.82,0.0,0.63,0.0,0.0,0.65,0.0,0.0,0.88,0.0,0.0,0.84,0.0,1.01,0.0,0.0,0.82,0.0,0.0,0.9,0.0,8.55,1.17
159533,FUL,Adama,M,7.4,0.53,0.0,0.52,0.0,0.0,0.0,0.72,0.0,0.65,0.0,0.0,0.0,0.0,1.26,0.0,1.18,0.0,0.0,1.06,0.0,0.77,0.0,0.69,0.0,0.61,0.0,0.0,0.53,0.0,0.0,8.5,1.15
216646,NEW,Wissa,F,10.1,0.0,0.0,0.0,0.0,0.0,0.0,0.0,0.0,0.0,1.09,0.0,0.0,0.0,0.0,0.0,0.0,0.0,0.0,0.0,0.0,1.26,0.0,1.53,0.0,0.0,1.96,0.0,0.0,2.62,0.0,8.45,0.84
235826,LEE,Piroe,F,7.2,0.5,0.0,0.0,0.72,0.0,0.77,0.0,0.0,0.0,0.73,0.0,0.82,0.0,0.0,0.0,0.0,0.91,0.0,0.78,0.0,0.85,0.0,0.73,0.0,0.78,0.0,0.0,0.0,0.0,0.73,8.32,1.16
532605,CHE,Andrey Santos,M,6.3,0.0,0.76,0.0,1.19,0.0,1.0,0.0,0.0,0.76,0.0,0.0,0.64,0.0,0.0,0.0,0.64,0.0,0.68,0.0,0.0,0.67,0.0,0.58,0.0,0.75,0.0,0.0,0.0,0.6,0.0,8.26,1.31
159506,NFO,Aina,D,8.2,0.0,0.0,0.0,0.0,0.0,0.0,0.0,0.0,0.0,1.41,0.0,0.0,0.0,0.0,0.0,0.0,0.0,0.0,0.0,1.12,0.0,1.22,0.0,0.0,2.06,0.0,0.0,0.0,2.44,0.0,8.24,1.0
489888,BOU,Adli,M,6.6,1.56,0.0,1.37,0.0,0.0,1.32,0.0,0.0,0.0,0.0,1.21,0.0,0.0,0.0,0.0,0.0,0.0,0.0,0.0,0.4,0.0,0.0,0.55,0.0,0.0,0.0,0.73,1.07,0.0,0.0,8.21,1.24
549912,SUN,Talbi,M,6.9,1.17,0.0,0.0,1.03,0.0,1.07,0.0,0.0,0.0,1.14,0.0,0.0,0.0,0.0,0.0,0.0,0.0,0.0,0.0,0.0,0.8,0.0,0.76,0.0,0.97,0.0,0.0,1.2,0.0,0.0,8.14,1.18
536109,WHU,Scarles,D,6.5,0.0,0.0,0.0,0.0,0.0,0.0,0.0,0.0,0.0,0.0,0.0,0.0,0.0,0.0,0.0,1.0,0.0,1.57,0.0,1.34,0.0,1.77,0.0,0.0,1.12,0.0,0.0,1.03,0.0,0.0,7.84,1.21
564940,WHU,S.Magassa,M,6.3,0.0,0.47,0.0,0.0,0.47,0.0,0.66,0.0,0.0,0.56,0.0,0.86,0.0,0.0,0.0,0.82,0.0,1.23,0.0,0.72,0.0,0.68,0.0,0.0,0.63,0.0,0.0,0.69,0.0,0.0,7.8,1.24
174592,BUR,Edwards,M,6.9,0.0,0.0,0.0,0.49,0.0,0.49,0.0,0.0,0.61,0.0,0.0,0.96,0.0,0.0,0.0,0.97,0.0,0.99,0.0,0.84,0.0,0.0,0.9,0.0,0.69,0.0,0.0,0.74,0.0,0.0,7.68,1.11
435973,BUR,Foster,F,7.2,1.06,0.0,0.0,1.05,0.0,1.04,0.0,0.0,1.14,0.0,0.0,0.0,0.0,0.0,0.0,0.0,0.0,0.0,0.0,0.56,0.0,0.0,0.64,0.0,0.89,0.0,0.0,1.3,0.0,0.0,7.67,1.07
551210,CHE,Hato,D,7.3,0.0,0.0,0.0,0.7,0.0,0.74,0.0,0.0,0.86,0.0,0.0,0.69,0.0,0.0,0.0,0.89,0.0,0.8,0.0,0.0,0.63,0.0,0.72,0.0,0.84,0.0,0.0,0.0,0.73,0.0,7.6,1.04
501837,WOL,Mosquera,D,6.5,0.0,0.0,0.0,0.4,0.0,0.0,0.0,0.37,0.29,0.0,0.0,1.35,0.0,0.0,0.0,0.8,0.0,1.11,0.0,1.14,0.0,0.0,0.86,0.0,0.0,0.69,0.0,0.37,0.0,0.0,7.38,1.14
229384,WHU,Irving,M,6.3,0.0,0.5,0.0,0.0,0.5,0.0,0.58,0.0,0.0,0.53,0.0,0.77,0.0,0.0,0.0,0.8,0.0,0.84,0.0,0.63,0.0,0.66,0.0,0.0,0.64,0.0,0.0,0.75,0.0,0.0,7.2,1.14
461199,SUN,Mundle,M,6.9,0.0,0.0,0.0,0.0,0.0,0.0,0.0,0.0,0.0,0.0,0.0,1.47,0.0,0.0,0.0,0.0,1.57,0.0,1.44,0.0,0.87,0.0,0.83,0.0,0.56,0.0,0.0,0.46,0.0,0.0,7.19,1.04
158499,BOU,Christie,M,7.6,0.0,0.0,0.0,0.0,0.0,0.0,0.0,0.0,0.0,0.0,0.0,0.0,0.0,0.0,0.0,0.71,0.0,0.95,0.0,1.19,0.0,0.0,1.53,0.0,0.0,0.0,1.3,1.42,0.0,0.0,7.11,0.94
223336,SUN,Neil,M,6.9,0.0,0.0,0.0,0.44,0.0,0.3,0.0,0.0,0.0,0.0,0.0,1.63,0.0,0.0,0.0,0.0,1.55,0.0,1.61,0.0,0.58,0.0,0.56,0.0,0.4,0.0,0.0,0.0,0.0,0.0,7.07,1.02
231065,BRE,Pinnock,D,7.1,0.0,0.0,0.0,0.45,0.0,0.7,0.0,0.0,0.0,0.76,0.0,0.72,0.0,0.0,0.0,0.79,0.0,0.0,0.75,0.0,0.68,0.0,0.82,0.0,0.49,0.0,0.0,0.0,0.68,0.0,6.86,0.97
499169,ARS,Lewis-Skelly,D,7.4,0.0,0.44,0.0,0.67,0.0,0.6,0.0,0.0,0.93,0.0,0.0,0.63,0.0,0.0,0.0,0.6,0.0,0.61,0.0,0.6,0.0,0.0,0.0,0.55,0.59,0.0,0.0,0.0,0.56,0.0,6.79,0.92
218328,FUL,Chukwueze,M,6.3,0.86,0.0,0.86,0.0,0.0,0.0,1.02,0.0,1.13,0.0,0.0,0.0,0.0,0.0,0.0,0.0,0.0,0.0,0.0,0.0,0.52,0.0,0.56,0.0,0.78,0.0,0.0,0.9,0.0,0.0,6.65,1.05
547701,TOT,Gray,M,7.4,0.41,0.0,0.4,0.0,0.0,0.51,0.0,0.0,0.0,0.55,0.0,0.82,0.0,0.0,0.0,0.0,0.81,0.0,0.85,0.0,0.69,0.0,0.57,0.0,0.58,0.0,0.0,0.44,0.0,0.0,6.63,0.9
242880,CHE,B.Badiashile,D,6.1,0.0,0.37,0.0,0.65,0.0,0.63,0.0,0.0,0.64,0.0,0.0,0.55,0.0,0.0,0.0,0.72,0.0,0.59,0.0,0.0,0.46,0.0,0.64,0.0,0.7,0.0,0.0,0.0,0.62,0.0,6.56,1.08
463981,BOU,Hill,D,6.8,0.0,0.0,0.7,0.0,0.0,0.6,0.0,0.0,0.0,0.0,0.6,0.96,0.0,0.0,0.0,0.63,0.0,0.56,0.0,0.62,0.0,0.0,0.67,0.0,0.0,0.0,0.59,0.57,0.0,0.0,6.51,0.96
77794,NEW,Trippier,D,7.9,0.0,0.0,0.0,0.0,0.0,0.0,0.0,0.0,0.0,0.0,0.0,0.0,0.0,0.0,0.41,0.0,0.0,0.86,0.0,0.0,1.09,0.0,1.33,0.0,0.0,1.26,0.0,0.0,1.26,0.0,6.2,0.79
535818,SUN,Adingra,M,7.0,0.85,0.0,0.0,0.83,0.0,0.81,0.0,0.0,0.0,0.83,0.0,0.0,0.0,0.0,0.0,0.0,0.0,0.0,0.0,0.0,0.61,0.0,0.6,0.0,0.75,0.0,0.0,0.87,0.0,0.0,6.14,0.88
194010,BRE,Henry,D,6.1,0.0,0.0,0.0,0.0,0.0,0.48,0.0,0.0,0.0,0.62,0.0,0.66,0.0,0.0,0.0,0.66,0.0,0.0,0.78,0.0,0.7,0.0,0.85,0.0,0.54,0.0,0.0,0.0,0.71,0.0,5.99,0.98
465527,BUR,Hannibal,M,6.3,0.55,0.0,0.0,0.71,0.0,0.72,0.0,0.0,0.79,0.0,0.0,0.0,0.0,0.0,0.0,0.0,0.0,0.0,0.0,0.5,0.0,0.0,0.5,0.0,0.61,0.0,0.0,0.96,0.0,0.0,5.35,0.85
519895,BUR,Sonne,D,6.1,0.0,0.0,0.0,0.46,0.0,0.37,0.0,0.0,0.51,0.0,0.0,0.56,0.0,0.0,0.0,0.77,0.0,0.67,0.0,0.53,0.0,0.0,0.54,0.0,0.33,0.0,0.0,0.5,0.0,0.0,5.23,0.86
88894,AVL,Barkley,M,7.1,0.0,0.0,0.0,0.0,0.0,0.0,0.0,0.0,0.0,0.47,0.0,0.0,0.95,0.0,0.0,0.62,0.0,0.62,0.0,0.68,0.0,0.0,0.65,0.0,0.0,0.66,0.0,0.0,0.54,0.0,5.19,0.73
218364,CRY,Sosa,D,6.7,0.0,0.0,0.0,0.0,0.0,0.0,0.0,0.0,0.0,0.47,0.0,0.69,0.0,0.0,0.0,0.0,0.87,0.0,0.8,0.0,0.53,0.0,0.62,0.0,0.68,0.0,0.0,0.0,0.52,0.0,5.17,0.77
480455,EVE,Branthwaite,D,7.4,0.0,0.0,0.0,0.0,0.0,0.0,0.0,0.0,0.0,0.0,0.0,0.0,0.0,0.0,0.0,0.0,0.0,0.0,0.0,0.0,0.0,0.0,0.0,0.0,0.0,1.11,0.0,0.0,0.0,3.97,5.08,0.69
15157,BHA,Milner,M,6.3,0.0,0.0,0.0,0.0,0.0,0.0,0.0,0.0,0.0,0.0,0.0,0.75,0.0,0.0,0.0,0.74,0.0,1.0,0.0,0.82,0.0,0.0,0.61,0.0,0.0,0.0,0.57,0.43,0.0,0.0,4.93,0.78
59949,EVE,Coleman,D,6.1,0.0,0.0,0.0,0.0,0.0,0.0,0.0,0.0,0.0,0.0,0.0,0.37,0.0,0.0,0.0,0.96,0.0,0.88,0.0,0.0,0.79,0.0,0.77,0.0,0.0,0.56,0.0,0.0,0.0,0.49,4.83,0.79
221399,LEE,Harrison,M,7.6,0.0,0.0,0.0,0.44,0.0,0.44,0.0,0.0,0.0,0.47,0.0,0.5,0.0,0.0,0.0,0.0,0.55,0.0,0.46,0.0,0.52,0.0,0.44,0.0,0.47,0.0,0.0,0.0,0.0,0.48,4.78,0.63
167512,SUN,O'Nien,D,6.1,0.0,0.0,0.0,0.0,0.0,0.0,0.0,0.0,0.0,0.4,0.0,0.65,0.0,0.0,0.0,0.0,0.94,0.0,0.58,0.0,0.59,0.0,0.54,0.0,0.47,0.0,0.0,0.49,0.0,0.0,4.66,0.76
461188,BUR,Humphreys,D,6.1,0.0,0.0,0.0,0.39,0.0,0.34,0.0,0.0,0.49,0.0,0.0,0.49,0.0,0.0,0.0,0.62,0.0,0.59,0.0,0.44,0.0,0.0,0.47,0.0,0.35,0.0,0.0,0.45,0.0,0.0,4.65,0.76
577114,WHU,L.Guilherme,M,6.3,0.0,0.41,0.0,0.0,0.0,0.0,0.0,0.0,0.0,0.42,0.0,0.61,0.0,0.0,0.0,0.61,0.0,0.64,0.0,0.47,0.0,0.52,0.0,0.0,0.47,0.0,0.0,0.49,0.0,0.0,4.63,0.73
243571,EVE,Patterson,D,6.5,0.0,0.0,0.0,0.0,0.0,0.0,0.0,0.0,0.0,0.0,0.0,0.69,0.0,0.0,0.0,0.92,0.0,0.69,0.0,0.0,0.67,0.0,0.64,0.0,0.0,0.45,0.0,0.0,0.0,0.5,4.56,0.7
109345,BHA,March,M,7.1,0.0,0.0,0.0,0.0,0.0,0.0,0.0,0.0,0.0,0.0,0.0,0.8,0.0,0.0,0.0,0.48,0.0,0.7,0.0,0.79,0.0,0.0,0.54,0.0,0.0,0.0,0.64,0.55,0.0,0.0,4.5,0.63
549074,BHA,Watson,M,6.9,0.0,0.9,0.0,1.43,0.0,0.0,1.47,0.0,0.7,0.0,0.0,0.0,0.0,0.0,0.0,0.0,0.0,0.0,0.0,0.0,0.0,0.0,0.0,0.0,0.0,0.0,0.0,0.0,0.0,0.0,4.49,0.65
461195,SUN,Cirkin,D,6.1,0.0,0.0,0.0,0.0,0.0,0.0,0.0,0.0,0.0,0.0,0.0,1.0,0.0,0.0,0.0,0.0,1.43,0.0,0.88,0.0,0.53,0.0,0.51,0.0,0.0,0.0,0.0,0.0,0.0,0.0,4.37,0.72
128295,ARS,Nørgaard,M,8.4,0.0,0.0,0.0,0.52,0.0,0.43,0.0,0.0,0.44,0.0,0.0,0.4,0.0,0.0,0.0,0.41,0.0,0.41,0.0,0.4,0.0,0.0,0.0,0.43,0.4,0.0,0.0,0.0,0.42,0.0,4.25,0.51
514356,CHE,Lavia,M,7.0,0.0,0.0,0.0,0.0,0.0,0.0,0.0,0.0,0.0,0.0,0.0,0.5,0.0,0.0,0.0,0.63,0.0,0.66,0.0,0.0,0.59,0.0,0.6,0.0,0.6,0.0,0.0,0.0,0.61,0.0,4.18,0.6
444884,AVL,Elliott,M,7.0,0.0,0.0,0.0,0.0,0.0,0.0,0.0,0.0,0.0,0.0,0.0,0.0,0.76,0.0,0.0,0.57,0.0,0.54,0.0,0.65,0.0,0.0,0.55,0.0,0.0,0.55,0.0,0.0,0.48,0.0,4.1,0.59
437738,LEE,Bornauw,D,6.1,0.0,0.0,0.0,0.0,0.0,0.32,0.0,0.0,0.0,0.41,0.0,0.41,0.0,0.0,0.0,0.0,0.53,0.0,0.38,0.0,0.53,0.0,0.41,0.0,0.54,0.0,0.0,0.0,0.0,0.54,4.06,0.67
222690,MUN,Malacia,D,6.1,0.0,0.0,0.0,0.0,0.0,0.0,0.0,0.0,0.0,0.0,0.0,0.0,0.87,0.0,0.98,0.0,0.0,1.09,0.0,0.0,0.49,0.0,0.55,0.0,0.0,0.0,0.0,0.0,0.0,0.0,3.98,0.65
550090,BHA,Coppola,D,6.7,0.0,0.0,0.0,0.39,0.0,0.0,0.61,0.0,0.0,0.0,0.0,0.51,0.0,0.0,0.0,0.32,0.0,0.55,0.0,0.71,0.0,0.0,0.0,0.0,0.0,0.0,0.39,0.41,0.0,0.0,3.89,0.58
549329,BUR,Lucas Pires,D,6.1,0.0,0.0,0.0,0.0,0.0,0.29,0.0,0.0,0.37,0.0,0.0,0.43,0.0,0.0,0.0,0.58,0.0,0.49,0.0,0.4,0.0,0.0,0.45,0.0,0.31,0.0,0.0,0.43,0.0,0.0,3.74,0.61
428580,BRE,Onyeka,M,6.3,0.39,0.0,0.0,0.42,0.0,0.53,0.0,0.0,0.0,0.62,0.0,0.0,0.0,0.0,0.0,0.0,0.0,0.0,0.0,0.0,0.35,0.0,0.0,0.0,0.42,0.0,0.0,0.0,0.62,0.0,3.35,0.53
449027,LIV,Mamardashvili,G,6.6,0.0,0.0,0.0,0.0,0.0,0.0,0.0,0.0,0.0,0.0,0.0,0.39,0.0,0.0,0.0,0.5,0.0,0.0,0.57,0.0,0.49,0.0,0.0,0.37,0.53,0.0,0.0,0.38,0.0,0.0,3.24,0.49
215460,SUN,Poveda,M,6.9,0.0,0.0,0.0,0.0,0.0,0.0,0.0,0.0,0.0,0.0,0.0,0.89,0.0,0.0,0.0,0.0,1.0,0.0,0.88,0.0,0.41,0.0,0.0,0.0,0.0,0.0,0.0,0.0,0.0,0.0,3.19,0.46
105717,SUN,Masuaku,D,6.1,0.0,0.0,0.0,0.29,0.0,0.33,0.0,0.0,0.0,0.45,0.0,0.0,0.0,0.0,0.0,0.0,0.0,0.0,0.0,0.0,0.5,0.0,0.49,0.0,0.58,0.0,0.0,0.46,0.0,0.0,3.1,0.51
499300,EVE,Aznou,D,6.7,0.38,0.0,0.56,0.0,0.0,0.87,0.0,0.0,0.37,0.0,0.0,0.39,0.0,0.0,0.0,0.0,0.0,0.0,0.0,0.0,0.0,0.0,0.0,0.0,0.0,0.0,0.0,0.0,0.0,0.0,2.58,0.39
184667,AVL,Lindelöf,D,6.7,0.0,0.0,0.0,0.0,0.0,0.0,0.0,0.0,0.0,0.0,0.0,0.0,0.42,0.0,0.0,0.32,0.0,0.33,0.0,0.5,0.0,0.0,0.38,0.0,0.0,0.46,0.0,0.0,0.0,0.0,2.41,0.36
210156,NFO,Awoniyi,F,6.9,0.0,0.0,0.0,0.0,0.0,0.53,0.0,0.0,0.0,0.61,0.0,0.0,0.0,0.0,0.0,0.0,0.0,0.0,0.0,0.0,0.0,0.0,0.0,0.0,0.41,0.0,0.0,0.0,0.71,0.0,2.25,0.33
465680,NFO,Kalimuendo,F,6.7,0.0,0.87,0.0,0.73,0.0,0.54,0.0,0.0,0.0,0.0,0.0,0.0,0.0,0.0,0.0,0.0,0.0,0.0,0.0,0.0,0.0,0.0,0.0,0.0,0.0,0.0,0.0,0.0,0.0,0.0,2.14,0.32
608181,BHA,Tzimas,F,7.7,0.0,0.0,0.0,0.68,0.0,0.0,0.9,0.0,0.5,0.0,0.0,0.0,0.0,0.0,0.0,0.0,0.0,0.0,0.0,0.0,0.0,0.0,0.0,0.0,0.0,0.0,0.0,0.0,0.0,0.0,2.07,0.27
626464,BRE,Nunes,M,6.3,0.0,0.0,0.0,0.0,0.0,0.0,0.0,0.0,0.0,0.0,0.0,0.49,0.0,0.0,0.0,0.49,0.0,0.0,0.56,0.0,0.37,0.0,0.0,0.0,0.0,0.0,0.0,0.0,0.0,0.0,1.91,0.3
499175,ARS,Nwaneri,M,7.6,0.0,0.68,0.0,0.71,0.0,0.49,0.0,0.0,0.0,0.0,0.0,0.0,0.0,0.0,0.0,0.0,0.0,0.0,0.0,0.0,0.0,0.0,0.0,0.0,0.0,0.0,0.0,0.0,0.0,0.0,1.87,0.25
538207,NEW,Osula,F,6.5,0.0,0.0,0.0,0.0,0.0,0.0,0.0,0.0,0.0,0.0,0.0,0.53,0.0,0.0,0.5,0.0,0.0,0.62,0.0,0.0,0.0,0.0,0.0,0.0,0.0,0.0,0.0,0.0,0.0,0.0,1.65,0.25
606798,AVL,A.García,D,6.1,0.0,0.0,0.0,0.0,0.0,0.0,0.0,0.0,0.0,0.0,0.0,0.0,0.39,0.0,0.0,0.0,0.0,0.33,0.0,0.42,0.0,0.0,0.0,0.0,0.0,0.0,0.0,0.0,0.35,0.0,1.49,0.24
483081,WOL,R.Gomes,M,7.0,0.0,0.0,0.0,0.0,0.0,0.0,0.0,0.0,0.0,0.0,0.0,0.0,0.0,0.0,0.0,0.0,0.0,0.0,0.0,0.0,0.0,0.0,0.0,0.0,0.0,0.61,0.0,0.88,0.0,0.0,1.48,0.21
647850,BHA,Kostoulas,F,7.2,0.0,0.0,0.0,0.67,0.0,0.0,0.81,0.0,0.0,0.0,0.0,0.0,0.0,0.0,0.0,0.0,0.0,0.0,0.0,0.0,0.0,0.0,0.0,0.0,0.0,0.0,0.0,0.0,0.0,0.0,1.48,0.21
575458,NFO,Jair Cunha,D,6.7,0.0,0.0,0.0,0.54,0.0,0.47,0.0,0.0,0.0,0.0,0.0,0.0,0.0,0.0,0.0,0.0,0.0,0.42,0.0,0.0,0.0,0.0,0.0,0.0,0.0,0.0,0.0,0.0,0.0,0.0,1.43,0.21
158983,LIV,Endo,M,6.3,0.0,0.0,0.0,0.47,0.0,0.46,0.0,0.0,0.39,0.0,0.0,0.0,0.0,0.0,0.0,0.0,0.0,0.0,0.0,0.0,0.0,0.0,0.0,0.0,0.0,0.0,0.0,0.0,0.0,0.0,1.32,0.21
536916,CHE,Buonanotte,M,7.3,0.0,0.0,0.0,0.58,0.0,0.63,0.0,0.0,0.0,0.0,0.0,0.0,0.0,0.0,0.0,0.0,0.0,0.0,0.0,0.0,0.0,0.0,0.0,0.0,0.0,0.0,0.0,0.0,0.0,0.0,1.2,0.16
515597,AVL,Bogarde,D,6.1,0.0,0.0,0.0,0.0,0.0,0.0,0.0,0.0,0.0,0.0,0.0,0.0,0.43,0.0,0.0,0.33,0.0,0.0,0.0,0.43,0.0,0.0,0.0,0.0,0.0,0.0,0.0,0.0,0.0,0.0,1.19,0.19
596047,MUN,Obi,F,6.5,0.0,0.68,0.0,0.0,0.0,0.0,0.0,0.0,0.0,0.0,0.0,0.0,0.51,0.0,0.0,0.0,0.0,0.0,0.0,0.0,0.0,0.0,0.0,0.0,0.0,0.0,0.0,0.0,0.0,0.0,1.19,0.18
450539,BRE,Peart-Harris,M,6.3,0.0,0.0,0.0,0.0,0.0,0.0,0.0,0.0,0.0,0.0,0.0,0.0,0.0,0.0,0.0,0.53,0.0,0.0,0.57,0.0,0.0,0.0,0.0,0.0,0.0,0.0,0.0,0.0,0.0,0.0,1.1,0.17
208912,BUR,Worrall,D,6.1,0.0,0.0,0.0,0.0,0.0,0.0,0.0,0.0,0.0,0.0,0.0,0.29,0.0,0.0,0.0,0.39,0.0,0.34,0.0,0.0,0.0,0.0,0.0,0.0,0.0,0.0,0.0,0.0,0.0,0.0,1.03,0.17
515621,CRY,Chadi Riad,D,6.1,0.0,0.0,0.0,0.0,0.0,0.0,0.0,0.0,0.0,0.0,0.0,0.0,0.0,0.0,0.0,0.0,0.0,0.0,0.0,0.0,0.0,0.0,0.0,0.0,0.45,0.0,0.0,0.0,0.47,0.0,0.92,0.15
227127,TOT,Bissouma,M,7.4,0.0,0.0,0.0,0.0,0.0,0.0,0.0,0.0,0.0,0.0,0.0,0.0,0.0,0.0,0.0,0.0,0.0,0.0,0.0,0.0,0.0,0.0,0.0,0.0,0.38,0.0,0.0,0.43,0.0,0.0,0.82,0.11
606745,MUN,Heaven,D,6.1,0.0,0.36,0.0,0.0,0.43,0.0,0.0,0.0,0.0,0.0,0.0,0.0,0.0,0.0,0.0,0.0,0.0,0.0,0.0,0.0,0.0,0.0,0.0,0.0,0.0,0.0,0.0,0.0,0.0,0.0,0.79,0.13
153366,FUL,Reed,M,6.3,0.0,0.0,0.0,0.0,0.0,0.0,0.0,0.0,0.0,0.0,0.0,0.0,0.0,0.0,0.0,0.34,0.0,0.0,0.35,0.0,0.0,0.0,0.0,0.0,0.0,0.0,0.0,0.0,0.0,0.0,0.69,0.11
200089,NEW,Willock,M,7.0,0.0,0.0,0.0,0.0,0.0,0.0,0.0,0.0,0.0,0.0,0.0,0.0,0.0,0.0,0.0,0.0,0.0,0.54,0.0,0.0,0.0,0.0,0.0,0.0,0.0,0.0,0.0,0.0,0.0,0.0,0.54,0.08
575901,BOU,Soler,D,6.1,0.0,0.0,0.0,0.0,0.0,0.0,0.0,0.0,0.0,0.0,0.0,0.5,0.0,0.0,0.0,0.0,0.0,0.0,0.0,0.0,0.0,0.0,0.0,0.0,0.0,0.0,0.0,0.0,0.0,0.0,0.5,0.08
115556,TOT,Davies,D,6.8,0.0,0.0,0.0,0.0,0.0,0.0,0.0,0.0,0.0,0.0,0.0,0.0,0.0,0.0,0.0,0.0,0.0,0.0,0.39,0.0,0.0,0.0,0.0,0.0,0.0,0.0,0.0,0.0,0.0,0.0,0.39,0.06
113564,LEE,Byram,D,6.1,0.0,0.0,0.0,0.0,0.0,0.0,0.0,0.0,0.0,0.0,0.0,0.0,0.0,0.0,0.0,0.0,0.0,0.0,0.0,0.0,0.38,0.0,0.0,0.0,0.0,0.0,0.0,0.0,0.0,0.0,0.38,0.06
111773,NEW,Krafth,D,6.1,0.0,0.0,0.0,0.0,0.0,0.0,0.0,0.0,0.0,0.0,0.0,0.37,0.0,0.0,0.0,0.0,0.0,0.0,0.0,0.0,0.0,0.0,0.0,0.0,0.0,0.0,0.0,0.0,0.0,0.0,0.37,0.06
241231,BUR,Jordan,D,6.1,0.0,0.0,0.0,0.0,0.0,0.0,0.0,0.0,0.0,0.0,0.0,0.0,0.0,0.0,0.0,0.0,0.0,0.0,0.0,0.0,0.0,0.0,0.0,0.0,0.0,0.0,0.0,0.37,0.0,0.0,0.37,0.06
547720,BHA,Tasker,D,6.1,0.0,0.0,0.0,0.0,0.0,0.0,0.0,0.0,0.0,0.0,0.0,0.0,0.0,0.0,0.0,0.0,0.0,0.0,0.0,0.0,0.0,0.0,0.0,0.0,0.0,0.0,0.0,0.0,0.0,0.0,0.0,0.0
596054,WOL,Edozie,M,6.9,0.0,0.0,0.0,0.0,0.0,0.0,0.0,0.0,0.0,0.0,0.0,0.0,0.0,0.0,0.0,0.0,0.0,0.0,0.0,0.0,0.0,0.0,0.0,0.0,0.0,0.0,0.0,0.0,0.0,0.0,0.0,0.0
577731,AVL,Broggio,M,6.9,0.0,0.0,0.0,0.0,0.0,0.0,0.0,0.0,0.0,0.0,0.0,0.0,0.0,0.0,0.0,0.0,0.0,0.0,0.0,0.0,0.0,0.0,0.0,0.0,0.0,0.0,0.0,0.0,0.0,0.0,0.0,0.0
576323,BUR,Adewumi,M,6.9,0.0,0.0,0.0,0.0,0.0,0.0,0.0,0.0,0.0,0.0,0.0,0.0,0.0,0.0,0.0,0.0,0.0,0.0,0.0,0.0,0.0,0.0,0.0,0.0,0.0,0.0,0.0,0.0,0.0,0.0,0.0,0.0
496279,EVE,Heath,M,6.9,0.0,0.0,0.0,0.0,0.0,0.0,0.0,0.0,0.0,0.0,0.0,0.0,0.0,0.0,0.0,0.0,0.0,0.0,0.0,0.0,0.0,0.0,0.0,0.0,0.0,0.0,0.0,0.0,0.0,0.0,0.0,0.0
492066,SUN,Huggins,D,6.1,0.0,0.0,0.0,0.0,0.0,0.0,0.0,0.0,0.0,0.0,0.0,0.0,0.0,0.0,0.0,0.0,0.0,0.0,0.0,0.0,0.0,0.0,0.0,0.0,0.0,0.0,0.0,0.0,0.0,0.0,0.0,0.0
474907,EVE,Welch,D,6.1,0.0,0.0,0.0,0.0,0.0,0.0,0.0,0.0,0.0,0.0,0.0,0.0,0.0,0.0,0.0,0.0,0.0,0.0,0.0,0.0,0.0,0.0,0.0,0.0,0.0,0.0,0.0,0.0,0.0,0.0,0.0,0.0
493837,SUN,Matete,M,6.9,0.0,0.0,0.0,0.0,0.0,0.0,0.0,0.0,0.0,0.0,0.0,0.0,0.0,0.0,0.0,0.0,0.0,0.0,0.0,0.0,0.0,0.0,0.0,0.0,0.0,0.0,0.0,0.0,0.0,0.0,0.0,0.0
447715,BUR,A.Ramsey,M,6.9,0.0,0.0,0.0,0.0,0.0,0.0,0.0,0.0,0.0,0.0,0.0,0.0,0.0,0.0,0.0,0.0,0.0,0.0,0.0,0.0,0.0,0.0,0.0,0.0,0.0,0.0,0.0,0.0,0.0,0.0,0.0,0.0
553299,TOT,Takai,D,6.1,0.0,0.0,0.0,0.0,0.0,0.0,0.0,0.0,0.0,0.0,0.0,0.0,0.0,0.0,0.0,0.0,0.0,0.0,0.0,0.0,0.0,0.0,0.0,0.0,0.0,0.0,0.0,0.0,0.0,0.0,0.0,0.0
81441,NEW,Gillespie,G,6.0,0.0,0.0,0.0,0.0,0.0,0.0,0.0,0.0,0.0,0.0,0.0,0.0,0.0,0.0,0.0,0.0,0.0,0.0,0.0,0.0,0.0,0.0,0.0,0.0,0.0,0.0,0.0,0.0,0.0,0.0,0.0,0.0
138001,EVE,King,G,6.0,0.0,0.0,0.0,0.0,0.0,0.0,0.0,0.0,0.0,0.0,0.0,0.0,0.0,0.0,0.0,0.0,0.0,0.0,0.0,0.0,0.0,0.0,0.0,0.0,0.0,0.0,0.0,0.0,0.0,0.0,0.0,0.0
155405,MCI,Phillips,M,7.0,0.0,0.0,0.0,0.0,0.0,0.0,0.0,0.0,0.0,0.0,0.0,0.0,0.0,0.0,0.0,0.0,0.0,0.0,0.0,0.0,0.0,0.0,0.0,0.0,0.0,0.0,0.0,0.0,0.0,0.0,0.0,0.0
432720,MCI,Trafford,G,6.6,0.0,0.0,0.0,0.0,0.0,0.0,0.0,0.0,0.0,0.0,0.0,0.0,0.0,0.0,0.0,0.0,0.0,0.0,0.0,0.0,0.0,0.0,0.0,0.0,0.0,0.0,0.0,0.0,0.0,0.0,0.0,0.0
469247,AVL,Iling Jr,M,7.0,0.0,0.0,0.0,0.0,0.0,0.0,0.0,0.0,0.0,0.0,0.0,0.0,0.0,0.0,0.0,0.0,0.0,0.0,0.0,0.0,0.0,0.0,0.0,0.0,0.0,0.0,0.0,0.0,0.0,0.0,0.0,0.0
451432,NFO,David Carmo,D,6.7,0.0,0.0,0.0,0.0,0.0,0.0,0.0,0.0,0.0,0.0,0.0,0.0,0.0,0.0,0.0,0.0,0.0,0.0,0.0,0.0,0.0,0.0,0.0,0.0,0.0,0.0,0.0,0.0,0.0,0.0,0.0,0.0
451302,MUN,Bayindir,G,6.4,0.0,0.0,0.0,0.0,0.0,0.0,0.0,0.0,0.0,0.0,0.0,0.0,0.0,0.0,0.0,0.0,0.0,0.0,0.0,0.0,0.0,0.0,0.0,0.0,0.0,0.0,0.0,0.0,0.0,0.0,0.0,0.0
224995,BOU,Sinisterra,M,6.3,0.0,0.0,0.0,0.0,0.0,0.0,0.0,0.0,0.0,0.0,0.0,0.0,0.0,0.0,0.0,0.0,0.0,0.0,0.0,0.0,0.0,0.0,0.0,0.0,0.0,0.0,0.0,0.0,0.0,0.0,0.0,0.0
587178,AVL,Yasin,D,6.1,0.0,0.0,0.0,0.0,0.0,0.0,0.0,0.0,0.0,0.0,0.0,0.0,0.0,0.0,0.0,0.0,0.0,0.0,0.0,0.0,0.0,0.0,0.0,0.0,0.0,0.0,0.0,0.0,0.0,0.0,0.0,0.0
74854,SUN,Moore,G,6.0,0.0,0.0,0.0,0.0,0.0,0.0,0.0,0.0,0.0,0.0,0.0,0.0,0.0,0.0,0.0,0.0,0.0,0.0,0.0,0.0,0.0,0.0,0.0,0.0,0.0,0.0,0.0,0.0,0.0,0.0,0.0,0.0
518030,BUR,Weiss,G,6.6,0.0,0.0,0.0,0.0,0.0,0.0,0.0,0.0,0.0,0.0,0.0,0.0,0.0,0.0,0.0,0.0,0.0,0.0,0.0,0.0,0.0,0.0,0.0,0.0,0.0,0.0,0.0,0.0,0.0,0.0,0.0,0.0
465920,CHE,Mudryk,M,8.4,0.0,0.0,0.0,0.0,0.0,0.0,0.0,0.0,0.0,0.0,0.0,0.0,0.0,0.0,0.0,0.0,0.0,0.0,0.0,0.0,0.0,0.0,0.0,0.0,0.0,0.0,0.0,0.0,0.0,0.0,0.0,0.0
560441,NFO,Cuiabano,D,6.7,0.0,0.0,0.0,0.0,0.0,0.0,0.0,0.0,0.0,0.0,0.0,0.0,0.0,0.0,0.0,0.0,0.0,0.0,0.0,0.0,0.0,0.0,0.0,0.0,0.0,0.0,0.0,0.0,0.0,0.0,0.0,0.0
221389,NFO,John,G,6.0,0.0,0.0,0.0,0.0,0.0,0.0,0.0,0.0,0.0,0.0,0.0,0.0,0.0,0.0,0.0,0.0,0.0,0.0,0.0,0.0,0.0,0.0,0.0,0.0,0.0,0.0,0.0,0.0,0.0,0.0,0.0,0.0
591386,LIV,Nyoni,M,6.9,0.0,0.0,0.0,0.0,0.0,0.0,0.0,0.0,0.0,0.0,0.0,0.0,0.0,0.0,0.0,0.0,0.0,0.0,0.0,0.0,0.0,0.0,0.0,0.0,0.0,0.0,0.0,0.0,0.0,0.0,0.0,0.0
556639,MUN,Fitzgerald,M,6.9,0.0,0.0,0.0,0.0,0.0,0.0,0.0,0.0,0.0,0.0,0.0,0.0,0.0,0.0,0.0,0.0,0.0,0.0,0.0,0.0,0.0,0.0,0.0,0.0,0.0,0.0,0.0,0.0,0.0,0.0,0.0,0.0
514613,SUN,Johnson,D,6.1,0.0,0.0,0.0,0.0,0.0,0.0,0.0,0.0,0.0,0.0,0.0,0.0,0.0,0.0,0.0,0.0,0.0,0.0,0.0,0.0,0.0,0.0,0.0,0.0,0.0,0.0,0.0,0.0,0.0,0.0,0.0,0.0
622536,BRE,Arthur,D,6.1,0.0,0.0,0.0,0.0,0.0,0.0,0.0,0.0,0.0,0.0,0.0,0.0,0.0,0.0,0.0,0.0,0.0,0.0,0.0,0.0,0.0,0.0,0.0,0.0,0.0,0.0,0.0,0.0,0.0,0.0,0.0,0.0
535017,BRE,Eyestone,G,6.0,0.0,0.0,0.0,0.0,0.0,0.0,0.0,0.0,0.0,0.0,0.0,0.0,0.0,0.0,0.0,0.0,0.0,0.0,0.0,0.0,0.0,0.0,0.0,0.0,0.0,0.0,0.0,0.0,0.0,0.0,0.0,0.0
547037,MUN,J.Fletcher,M,6.9,0.0,0.0,0.0,0.0,0.0,0.0,0.0,0.0,0.0,0.0,0.0,0.0,0.0,0.0,0.0,0.0,0.0,0.0,0.0,0.0,0.0,0.0,0.0,0.0,0.0,0.0,0.0,0.0,0.0,0.0,0.0,0.0
590014,CRY,Cardines,D,6.7,0.0,0.0,0.0,0.0,0.0,0.0,0.0,0.0,0.0,0.0,0.0,0.0,0.0,0.0,0.0,0.0,0.0,0.0,0.0,0.0,0.0,0.0,0.0,0.0,0.0,0.0,0.0,0.0,0.0,0.0,0.0,0.0
591385,FUL,Amissah,D,6.1,0.0,0.0,0.0,0.0,0.0,0.0,0.0,0.0,0.0,0.0,0.0,0.0,0.0,0.0,0.0,0.0,0.0,0.0,0.0,0.0,0.0,0.0,0.0,0.0,0.0,0.0,0.0,0.0,0.0,0.0,0.0,0.0
461537,MUN,Mee,G,6.0,0.0,0.0,0.0,0.0,0.0,0.0,0.0,0.0,0.0,0.0,0.0,0.0,0.0,0.0,0.0,0.0,0.0,0.0,0.0,0.0,0.0,0.0,0.0,0.0,0.0,0.0,0.0,0.0,0.0,0.0,0.0,0.0
623110,NEW,Seung soo,M,6.3,0.0,0.0,0.0,0.0,0.0,0.0,0.0,0.0,0.0,0.0,0.0,0.0,0.0,0.0,0.0,0.0,0.0,0.0,0.0,0.0,0.0,0.0,0.0,0.0,0.0,0.0,0.0,0.0,0.0,0.0,0.0,0.0
547410,SUN,H.Jones,M,6.9,0.0,0.0,0.0,0.0,0.0,0.0,0.0,0.0,0.0,0.0,0.0,0.0,0.0,0.0,0.0,0.0,0.0,0.0,0.0,0.0,0.0,0.0,0.0,0.0,0.0,0.0,0.0,0.0,0.0,0.0,0.0,0.0
612534,BRE,Fredrick,D,6.1,0.0,0.0,0.0,0.0,0.0,0.0,0.0,0.0,0.0,0.0,0.0,0.0,0.0,0.0,0.0,0.0,0.0,0.0,0.0,0.0,0.0,0.0,0.0,0.0,0.0,0.0,0.0,0.0,0.0,0.0,0.0,0.0
616222,MCI,Vitor Reis,D,6.2,0.0,0.0,0.0,0.0,0.0,0.0,0.0,0.0,0.0,0.0,0.0,0.0,0.0,0.0,0.0,0.0,0.0,0.0,0.0,0.0,0.0,0.0,0.0,0.0,0.0,0.0,0.0,0.0,0.0,0.0,0.0,0.0
492831,BUR,Amdouni,F,7.2,0.0,0.0,0.0,0.0,0.0,0.0,0.0,0.0,0.0,0.0,0.0,0.0,0.0,0.0,0.0,0.0,0.0,0.0,0.0,0.0,0.0,0.0,0.0,0.0,0.0,0.0,0.0,0.0,0.0,0.0,0.0,0.0
493125,TOT,Dragusin,D,6.8,0.0,0.0,0.0,0.0,0.0,0.0,0.0,0.0,0.0,0.0,0.0,0.0,0.0,0.0,0.0,0.0,0.0,0.0,0.0,0.0,0.0,0.0,0.0,0.0,0.0,0.0,0.0,0.0,0.0,0.0,0.0,0.0
101178,WHU,Ward-Prowse,M,7.4,0.0,0.0,0.0,0.0,0.0,0.0,0.0,0.0,0.0,0.0,0.0,0.0,0.0,0.0,0.0,0.0,0.0,0.0,0.0,0.0,0.0,0.0,0.0,0.0,0.0,0.0,0.0,0.0,0.0,0.0,0.0,0.0
441192,BHA,Sarmiento,M,6.3,0.0,0.0,0.0,0.0,0.0,0.0,0.0,0.0,0.0,0.0,0.0,0.0,0.0,0.0,0.0,0.0,0.0,0.0,0.0,0.0,0.0,0.0,0.0,0.0,0.0,0.0,0.0,0.0,0.0,0.0,0.0,0.0
149065,WOL,José Sá,G,7.2,0.0,0.0,0.0,0.0,0.0,0.0,0.0,0.0,0.0,0.0,0.0,0.0,0.0,0.0,0.0,0.0,0.0,0.0,0.0,0.0,0.0,0.0,0.0,0.0,0.0,0.0,0.0,0.0,0.0,0.0,0.0,0.0
577974,MUN,Amass,D,6.5,0.0,0.0,0.0,0.0,0.0,0.0,0.0,0.0,0.0,0.0,0.0,0.0,0.0,0.0,0.0,0.0,0.0,0.0,0.0,0.0,0.0,0.0,0.0,0.0,0.0,0.0,0.0,0.0,0.0,0.0,0.0,0.0
661712,MUN,D.Leon,D,6.7,0.0,0.0,0.0,0.0,0.0,0.0,0.0,0.0,0.0,0.0,0.0,0.0,0.0,0.0,0.0,0.0,0.0,0.0,0.0,0.0,0.0,0.0,0.0,0.0,0.0,0.0,0.0,0.0,0.0,0.0,0.0,0.0
631786,FUL,Kusi-Asare,F,6.5,0.0,0.0,0.0,0.0,0.0,0.0,0.0,0.0,0.0,0.0,0.0,0.0,0.0,0.0,0.0,0.0,0.0,0.0,0.0,0.0,0.0,0.0,0.0,0.0,0.0,0.0,0.0,0.0,0.0,0.0,0.0,0.0
622758,CHE,Anselmino,D,6.1,0.0,0.0,0.0,0.0,0.0,0.0,0.0,0.0,0.0,0.0,0.0,0.0,0.0,0.0,0.0,0.0,0.0,0.0,0.0,0.0,0.0,0.0,0.0,0.0,0.0,0.0,0.0,0.0,0.0,0.0,0.0,0.0
536694,CRY,M.França,M,6.3,0.0,0.0,0.0,0.0,0.0,0.0,0.0,0.0,0.0,0.0,0.0,0.0,0.0,0.0,0.0,0.0,0.0,0.0,0.0,0.0,0.0,0.0,0.0,0.0,0.0,0.0,0.0,0.0,0.0,0.0,0.0,0.0
109745,ARS,Arrizabalaga,G,7.5,0.0,0.0,0.0,0.0,0.0,0.0,0.0,0.0,0.0,0.0,0.0,0.0,0.0,0.0,0.0,0.0,0.0,0.0,0.0,0.0,0.0,0.0,0.0,0.0,0.0,0.0,0.0,0.0,0.0,0.0,0.0,0.0
149519,WHU,Cornet,M,6.3,0.0,0.0,0.0,0.0,0.0,0.0,0.0,0.0,0.0,0.0,0.0,0.0,0.0,0.0,0.0,0.0,0.0,0.0,0.0,0.0,0.0,0.0,0.0,0.0,0.0,0.0,0.0,0.0,0.0,0.0,0.0,0.0
623095,TOT,Min-hyeok,M,6.5,0.0,0.0,0.0,0.0,0.0,0.0,0.0,0.0,0.0,0.0,0.0,0.0,0.0,0.0,0.0,0.0,0.0,0.0,0.0,0.0,0.0,0.0,0.0,0.0,0.0,0.0,0.0,0.0,0.0,0.0,0.0,0.0
88248,MCI,Ortega Moreno,G,6.6,0.0,0.0,0.0,0.0,0.0,0.0,0.0,0.0,0.0,0.0,0.0,0.0,0.0,0.0,0.0,0.0,0.0,0.0,0.0,0.0,0.0,0.0,0.0,0.0,0.0,0.0,0.0,0.0,0.0,0.0,0.0,0.0
197024,WHU,G.Rodriguez,M,7.0,0.0,0.0,0.0,0.0,0.0,0.0,0.0,0.0,0.0,0.0,0.0,0.0,0.0,0.0,0.0,0.0,0.0,0.0,0.0,0.0,0.0,0.0,0.0,0.0,0.0,0.0,0.0,0.0,0.0,0.0,0.0,0.0
437495,LEE,Meslier,G,6.6,0.0,0.0,0.0,0.0,0.0,0.0,0.0,0.0,0.0,0.0,0.0,0.0,0.0,0.0,0.0,0.0,0.0,0.0,0.0,0.0,0.0,0.0,0.0,0.0,0.0,0.0,0.0,0.0,0.0,0.0,0.0,0.0
535928,LIV,Bajcetic,M,6.3,0.0,0.0,0.0,0.0,0.0,0.0,0.0,0.0,0.0,0.0,0.0,0.0,0.0,0.0,0.0,0.0,0.0,0.0,0.0,0.0,0.0,0.0,0.0,0.0,0.0,0.0,0.0,0.0,0.0,0.0,0.0,0.0
110735,BHA,Webster,D,6.8,0.0,0.0,0.0,0.0,0.0,0.0,0.0,0.0,0.0,0.0,0.0,0.0,0.0,0.0,0.0,0.0,0.0,0.0,0.0,0.0,0.0,0.0,0.0,0.0,0.0,0.0,0.0,0.0,0.0,0.0,0.0,0.0
543295,BRE,Milambo,M,6.9,0.0,0.0,0.0,0.0,0.0,0.0,0.0,0.0,0.0,0.0,0.0,0.0,0.0,0.0,0.0,0.0,0.0,0.0,0.0,0.0,0.0,0.0,0.0,0.0,0.0,0.0,0.0,0.0,0.0,0.0,0.0,0.0
439135,BHA,Cashin,D,6.1,0.0,0.0,0.0,0.0,0.0,0.0,0.0,0.0,0.0,0.0,0.0,0.0,0.0,0.0,0.0,0.0,0.0,0.0,0.0,0.0,0.0,0.0,0.0,0.0,0.0,0.0,0.0,0.0,0.0,0.0,0.0,0.0
606689,BRE,Donovan,M,6.9,0.0,0.0,0.0,0.0,0.0,0.0,0.0,0.0,0.0,0.0,0.0,0.0,0.0,0.0,0.0,0.0,0.0,0.0,0.0,0.0,0.0,0.0,0.0,0.0,0.0,0.0,0.0,0.0,0.0,0.0,0.0,0.0
565297,LEE,Mateo Joseph,F,7.2,0.0,0.0,0.0,0.0,0.0,0.0,0.0,0.0,0.0,0.0,0.0,0.0,0.0,0.0,0.0,0.0,0.0,0.0,0.0,0.0,0.0,0.0,0.0,0.0,0.0,0.0,0.0,0.0,0.0,0.0,0.0,0.0
491007,CHE,D.Essugo,M,6.9,0.0,0.0,0.0,0.0,0.0,0.0,0.0,0.0,0.0,0.0,0.0,0.0,0.0,0.0,0.0,0.0,0.0,0.0,0.0,0.0,0.0,0.0,0.0,0.0,0.0,0.0,0.0,0.0,0.0,0.0,0.0,0.0
548308,TOT,Phillips,D,6.1,0.0,0.0,0.0,0.0,0.0,0.0,0.0,0.0,0.0,0.0,0.0,0.0,0.0,0.0,0.0,0.0,0.0,0.0,0.0,0.0,0.0,0.0,0.0,0.0,0.0,0.0,0.0,0.0,0.0,0.0,0.0,0.0
172780,TOT,Maddison,M,10.6,0.0,0.0,0.0,0.0,0.0,0.0,0.0,0.0,0.0,0.0,0.0,0.0,0.0,0.0,0.0,0.0,0.0,0.0,0.0,0.0,0.0,0.0,0.0,0.0,0.0,0.0,0.0,0.0,0.0,0.0,0.0,0.0
232571,SUN,Patterson,G,6.6,0.0,0.0,0.0,0.0,0.0,0.0,0.0,0.0,0.0,0.0,0.0,0.0,0.0,0.0,0.0,0.0,0.0,0.0,0.0,0.0,0.0,0.0,0.0,0.0,0.0,0.0,0.0,0.0,0.0,0.0,0.0,0.0
471798,CHE,Slonina,G,6.0,0.0,0.0,0.0,0.0,0.0,0.0,0.0,0.0,0.0,0.0,0.0,0.0,0.0,0.0,0.0,0.0,0.0,0.0,0.0,0.0,0.0,0.0,0.0,0.0,0.0,0.0,0.0,0.0,0.0,0.0,0.0,0.0
610799,TOT,Vuskovic,D,6.1,0.0,0.0,0.0,0.0,0.0,0.0,0.0,0.0,0.0,0.0,0.0,0.0,0.0,0.0,0.0,0.0,0.0,0.0,0.0,0.0,0.0,0.0,0.0,0.0,0.0,0.0,0.0,0.0,0.0,0.0,0.0,0.0
450542,CRY,J.Rak-Sakyi,M,6.3,0.0,0.0,0.0,0.0,0.0,0.0,0.0,0.0,0.0,0.0,0.0,0.0,0.0,0.0,0.0,0.0,0.0,0.0,0.0,0.0,0.0,0.0,0.0,0.0,0.0,0.0,0.0,0.0,0.0,0.0,0.0,0.0
641221,WOL,Pedro Lima,D,6.1,0.0,0.0,0.0,0.0,0.0,0.0,0.0,0.0,0.0,0.0,0.0,0.0,0.0,0.0,0.0,0.0,0.0,0.0,0.0,0.0,0.0,0.0,0.0,0.0,0.0,0.0,0.0,0.0,0.0,0.0,0.0,0.0
611134,CHE,Paez,M,6.9,0.0,0.0,0.0,0.0,0.0,0.0,0.0,0.0,0.0,0.0,0.0,0.0,0.0,0.0,0.0,0.0,0.0,0.0,0.0,0.0,0.0,0.0,0.0,0.0,0.0,0.0,0.0,0.0,0.0,0.0,0.0,0.0
215711,AVL,Bailey,M,8.1,0.0,0.0,0.0,0.0,0.0,0.0,0.0,0.0,0.0,0.0,0.0,0.0,0.0,0.0,0.0,0.0,0.0,0.0,0.0,0.0,0.0,0.0,0.0,0.0,0.0,0.0,0.0,0.0,0.0,0.0,0.0,0.0
235674,TOT,Solomon,M,6.5,0.0,0.0,0.0,0.0,0.0,0.0,0.0,0.0,0.0,0.0,0.0,0.0,0.0,0.0,0.0,0.0,0.0,0.0,0.0,0.0,0.0,0.0,0.0,0.0,0.0,0.0,0.0,0.0,0.0,0.0,0.0,0.0
91651,MCI,Kovačić,M,8.7,0.0,0.0,0.0,0.0,0.0,0.0,0.0,0.0,0.0,0.0,0.0,0.0,0.0,0.0,0.0,0.0,0.0,0.0,0.0,0.0,0.0,0.0,0.0,0.0,0.0,0.0,0.0,0.0,0.0,0.0,0.0,0.0
211975,MCI,Akanji,D,8.1,0.0,0.0,0.0,0.0,0.0,0.0,0.0,0.0,0.0,0.0,0.0,0.0,0.0,0.0,0.0,0.0,0.0,0.0,0.0,0.0,0.0,0.0,0.0,0.0,0.0,0.0,0.0,0.0,0.0,0.0,0.0,0.0
437748,BUR,Trésor,M,6.9,0.0,0.0,0.0,0.0,0.0,0.0,0.0,0.0,0.0,0.0,0.0,0.0,0.0,0.0,0.0,0.0,0.0,0.0,0.0,0.0,0.0,0.0,0.0,0.0,0.0,0.0,0.0,0.0,0.0,0.0,0.0,0.0
121709,CRY,Benitez,G,6.0,0.0,0.0,0.0,0.0,0.0,0.0,0.0,0.0,0.0,0.0,0.0,0.0,0.0,0.0,0.0,0.0,0.0,0.0,0.0,0.0,0.0,0.0,0.0,0.0,0.0,0.0,0.0,0.0,0.0,0.0,0.0,0.0
214285,LIV,Tsimikas,D,6.8,0.0,0.0,0.0,0.0,0.0,0.0,0.0,0.0,0.0,0.0,0.0,0.0,0.0,0.0,0.0,0.0,0.0,0.0,0.0,0.0,0.0,0.0,0.0,0.0,0.0,0.0,0.0,0.0,0.0,0.0,0.0,0.0
549939,CHE,Penders,G,6.0,0.0,0.0,0.0,0.0,0.0,0.0,0.0,0.0,0.0,0.0,0.0,0.0,0.0,0.0,0.0,0.0,0.0,0.0,0.0,0.0,0.0,0.0,0.0,0.0,0.0,0.0,0.0,0.0,0.0,0.0,0.0,0.0
547676,MUN,Fredricson,D,6.1,0.0,0.0,0.0,0.0,0.0,0.0,0.0,0.0,0.0,0.0,0.0,0.0,0.0,0.0,0.0,0.0,0.0,0.0,0.0,0.0,0.0,0.0,0.0,0.0,0.0,0.0,0.0,0.0,0.0,0.0,0.0,0.0
487702,BUR,Koleosho,M,6.9,0.0,0.0,0.0,0.0,0.0,0.0,0.0,0.0,0.0,0.0,0.0,0.0,0.0,0.0,0.0,0.0,0.0,0.0,0.0,0.0,0.0,0.0,0.0,0.0,0.0,0.0,0.0,0.0,0.0,0.0,0.0,0.0
490881,MUN,Collyer,M,6.3,0.0,0.0,0.0,0.0,0.0,0.0,0.0,0.0,0.0,0.0,0.0,0.0,0.0,0.0,0.0,0.0,0.0,0.0,0.0,0.0,0.0,0.0,0.0,0.0,0.0,0.0,0.0,0.0,0.0,0.0,0.0,0.0
441240,BOU,Faivre,M,6.3,0.0,0.0,0.0,0.0,0.0,0.0,0.0,0.0,0.0,0.0,0.0,0.0,0.0,0.0,0.0,0.0,0.0,0.0,0.0,0.0,0.0,0.0,0.0,0.0,0.0,0.0,0.0,0.0,0.0,0.0,0.0,0.0
433952,LEE,Ramazani,M,6.9,0.0,0.0,0.0,0.0,0.0,0.0,0.0,0.0,0.0,0.0,0.0,0.0,0.0,0.0,0.0,0.0,0.0,0.0,0.0,0.0,0.0,0.0,0.0,0.0,0.0,0.0,0.0,0.0,0.0,0.0,0.0,0.0
628204,BRE,Konak,M,6.9,0.0,0.0,0.0,0.0,0.0,0.0,0.0,0.0,0.0,0.0,0.0,0.0,0.0,0.0,0.0,0.0,0.0,0.0,0.0,0.0,0.0,0.0,0.0,0.0,0.0,0.0,0.0,0.0,0.0,0.0,0.0,0.0
499309,CHE,Marc Guiu,F,6.5,0.0,0.0,0.0,0.0,0.0,0.0,0.0,0.0,0.0,0.0,0.0,0.0,0.0,0.0,0.0,0.0,0.0,0.0,0.0,0.0,0.0,0.0,0.0,0.0,0.0,0.0,0.0,0.0,0.0,0.0,0.0,0.0
436893,BOU,J.Araujo,D,6.5,0.0,0.0,0.0,0.0,0.0,0.0,0.0,0.0,0.0,0.0,0.0,0.0,0.0,0.0,0.0,0.0,0.0,0.0,0.0,0.0,0.0,0.0,0.0,0.0,0.0,0.0,0.0,0.0,0.0,0.0,0.0,0.0
499721,TOT,Moore,M,6.7,0.0,0.0,0.0,0.0,0.0,0.0,0.0,0.0,0.0,0.0,0.0,0.0,0.0,0.0,0.0,0.0,0.0,0.0,0.0,0.0,0.0,0.0,0.0,0.0,0.0,0.0,0.0,0.0,0.0,0.0,0.0,0.0
229600,EVE,Travers,G,6.4,0.0,0.0,0.0,0.0,0.0,0.0,0.0,0.0,0.0,0.0,0.0,0.0,0.0,0.0,0.0,0.0,0.0,0.0,0.0,0.0,0.0,0.0,0.0,0.0,0.0,0.0,0.0,0.0,0.0,0.0,0.0,0.0
438464,CRY,Doucouré,M,6.7,0.0,0.0,0.0,0.0,0.0,0.0,0.0,0.0,0.0,0.0,0.0,0.0,0.0,0.0,0.0,0.0,0.0,0.0,0.0,0.0,0.0,0.0,0.0,0.0,0.0,0.0,0.0,0.0,0.0,0.0,0.0,0.0
496208,BOU,Gannon-Doak,M,6.3,0.0,0.0,0.0,0.0,0.0,0.0,0.0,0.0,0.0,0.0,0.0,0.0,0.0,0.0,0.0,0.0,0.0,0.0,0.0,0.0,0.0,0.0,0.0,0.0,0.0,0.0,0.0,0.0,0.0,0.0,0.0,0.0
508479,CHE,Jörgensen,G,6.3,0.0,0.0,0.0,0.0,0.0,0.0,0.0,0.0,0.0,0.0,0.0,0.0,0.0,0.0,0.0,0.0,0.0,0.0,0.0,0.0,0.0,0.0,0.0,0.0,0.0,0.0,0.0,0.0,0.0,0.0,0.0,0.0
440854,ARS,Kiwior,D,6.8,0.0,0.0,0.0,0.0,0.0,0.0,0.0,0.0,0.0,0.0,0.0,0.0,0.0,0.0,0.0,0.0,0.0,0.0,0.0,0.0,0.0,0.0,0.0,0.0,0.0,0.0,0.0,0.0,0.0,0.0,0.0,0.0
499726,TOT,Olusesi,M,6.9,0.0,0.0,0.0,0.0,0.0,0.0,0.0,0.0,0.0,0.0,0.0,0.0,0.0,0.0,0.0,0.0,0.0,0.0,0.0,0.0,0.0,0.0,0.0,0.0,0.0,0.0,0.0,0.0,0.0,0.0,0.0,0.0
551221,ARS,Setford,G,6.0,0.0,0.0,0.0,0.0,0.0,0.0,0.0,0.0,0.0,0.0,0.0,0.0,0.0,0.0,0.0,0.0,0.0,0.0,0.0,0.0,0.0,0.0,0.0,0.0,0.0,0.0,0.0,0.0,0.0,0.0,0.0,0.0
606775,BOU,Winterburn,M,6.9,0.0,0.0,0.0,0.0,0.0,0.0,0.0,0.0,0.0,0.0,0.0,0.0,0.0,0.0,0.0,0.0,0.0,0.0,0.0,0.0,0.0,0.0,0.0,0.0,0.0,0.0,0.0,0.0,0.0,0.0,0.0,0.0
504296,EVE,Ebere,M,6.9,0.0,0.0,0.0,0.0,0.0,0.0,0.0,0.0,0.0,0.0,0.0,0.0,0.0,0.0,0.0,0.0,0.0,0.0,0.0,0.0,0.0,0.0,0.0,0.0,0.0,0.0,0.0,0.0,0.0,0.0,0.0,0.0
219937,LIV,R.Williams,D,6.1,0.0,0.0,0.0,0.0,0.0,0.0,0.0,0.0,0.0,0.0,0.0,0.0,0.0,0.0,0.0,0.0,0.0,0.0,0.0,0.0,0.0,0.0,0.0,0.0,0.0,0.0,0.0,0.0,0.0,0.0,0.0,0.0
483364,WHU,Hegyi,G,6.0,0.0,0.0,0.0,0.0,0.0,0.0,0.0,0.0,0.0,0.0,0.0,0.0,0.0,0.0,0.0,0.0,0.0,0.0,0.0,0.0,0.0,0.0,0.0,0.0,0.0,0.0,0.0,0.0,0.0,0.0,0.0,0.0
599303,NEW,Neave,F,7.2,0.0,0.0,0.0,0.0,0.0,0.0,0.0,0.0,0.0,0.0,0.0,0.0,0.0,0.0,0.0,0.0,0.0,0.0,0.0,0.0,0.0,0.0,0.0,0.0,0.0,0.0,0.0,0.0,0.0,0.0,0.0,0.0
588796,ARS,Kabia,M,6.9,0.0,0.0,0.0,0.0,0.0,0.0,0.0,0.0,0.0,0.0,0.0,0.0,0.0,0.0,0.0,0.0,0.0,0.0,0.0,0.0,0.0,0.0,0.0,0.0,0.0,0.0,0.0,0.0,0.0,0.0,0.0,0.0
567121,BHA,Knight,M,6.9,0.0,0.0,0.0,0.0,0.0,0.0,0.0,0.0,0.0,0.0,0.0,0.0,0.0,0.0,0.0,0.0,0.0,0.0,0.0,0.0,0.0,0.0,0.0,0.0,0.0,0.0,0.0,0.0,0.0,0.0,0.0,0.0
575034,MUN,Wheatley,F,7.2,0.0,0.0,0.0,0.0,0.0,0.0,0.0,0.0,0.0,0.0,0.0,0.0,0.0,0.0,0.0,0.0,0.0,0.0,0.0,0.0,0.0,0.0,0.0,0.0,0.0,0.0,0.0,0.0,0.0,0.0,0.0,0.0
72147,AVL,M.Bizot,G,6.6,0.0,0.0,0.0,0.0,0.0,0.0,0.0,0.0,0.0,0.0,0.0,0.0,0.0,0.0,0.0,0.0,0.0,0.0,0.0,0.0,0.0,0.0,0.0,0.0,0.0,0.0,0.0,0.0,0.0,0.0,0.0,0.0
462635,LEE,Gelhardt,M,6.9,0.0,0.0,0.0,0.0,0.0,0.0,0.0,0.0,0.0,0.0,0.0,0.0,0.0,0.0,0.0,0.0,0.0,0.0,0.0,0.0,0.0,0.0,0.0,0.0,0.0,0.0,0.0,0.0,0.0,0.0,0.0,0.0
477547,SUN,Hjelde,D,6.1,0.0,0.0,0.0,0.0,0.0,0.0,0.0,0.0,0.0,0.0,0.0,0.0,0.0,0.0,0.0,0.0,0.0,0.0,0.0,0.0,0.0,0.0,0.0,0.0,0.0,0.0,0.0,0.0,0.0,0.0,0.0,0.0
176297,MUN,Rashford,F,10.4,0.0,0.0,0.0,0.0,0.0,0.0,0.0,0.0,0.0,0.0,0.0,0.0,0.0,0.0,0.0,0.0,0.0,0.0,0.0,0.0,0.0,0.0,0.0,0.0,0.0,0.0,0.0,0.0,0.0,0.0,0.0,0.0
490145,TOT,Scarlett,F,6.5,0.0,0.0,0.0,0.0,0.0,0.0,0.0,0.0,0.0,0.0,0.0,0.0,0.0,0.0,0.0,0.0,0.0,0.0,0.0,0.0,0.0,0.0,0.0,0.0,0.0,0.0,0.0,0.0,0.0,0.0,0.0,0.0
513834,BHA,Moran,M,6.9,0.0,0.0,0.0,0.0,0.0,0.0,0.0,0.0,0.0,0.0,0.0,0.0,0.0,0.0,0.0,0.0,0.0,0.0,0.0,0.0,0.0,0.0,0.0,0.0,0.0,0.0,0.0,0.0,0.0,0.0,0.0,0.0
192290,BUR,Roberts,D,6.7,0.0,0.0,0.0,0.0,0.0,0.0,0.0,0.0,0.0,0.0,0.0,0.0,0.0,0.0,0.0,0.0,0.0,0.0,0.0,0.0,0.0,0.0,0.0,0.0,0.0,0.0,0.0,0.0,0.0,0.0,0.0,0.0
552427,TOT,Lankshear,F,7.2,0.0,0.0,0.0,0.0,0.0,0.0,0.0,0.0,0.0,0.0,0.0,0.0,0.0,0.0,0.0,0.0,0.0,0.0,0.0,0.0,0.0,0.0,0.0,0.0,0.0,0.0,0.0,0.0,0.0,0.0,0.0,0.0
647681,LIV,Leoni,D,7.3,0.0,0.0,0.0,0.0,0.0,0.0,0.0,0.0,0.0,0.0,0.0,0.0,0.0,0.0,0.0,0.0,0.0,0.0,0.0,0.0,0.0,0.0,0.0,0.0,0.0,0.0,0.0,0.0,0.0,0.0,0.0,0.0
550615,CHE,George,M,6.9,0.0,0.0,0.0,0.0,0.0,0.0,0.0,0.0,0.0,0.0,0.0,0.0,0.0,0.0,0.0,0.0,0.0,0.0,0.0,0.0,0.0,0.0,0.0,0.0,0.0,0.0,0.0,0.0,0.0,0.0,0.0,0.0
566164,MCI,Nypan,M,6.9,0.0,0.0,0.0,0.0,0.0,0.0,0.0,0.0,0.0,0.0,0.0,0.0,0.0,0.0,0.0,0.0,0.0,0.0,0.0,0.0,0.0,0.0,0.0,0.0,0.0,0.0,0.0,0.0,0.0,0.0,0.0,0.0
485055,TOT,Kinsky,G,6.0,0.0,0.0,0.0,0.0,0.0,0.0,0.0,0.0,0.0,0.0,0.0,0.0,0.0,0.0,0.0,0.0,0.0,0.0,0.0,0.0,0.0,0.0,0.0,0.0,0.0,0.0,0.0,0.0,0.0,0.0,0.0,0.0
476502,WOL,B.Traore,M,6.3,0.0,0.0,0.0,0.0,0.0,0.0,0.0,0.0,0.0,0.0,0.0,0.0,0.0,0.0,0.0,0.0,0.0,0.0,0.0,0.0,0.0,0.0,0.0,0.0,0.0,0.0,0.0,0.0,0.0,0.0,0.0,0.0
465702,SUN,Pembele,D,6.1,0.0,0.0,0.0,0.0,0.0,0.0,0.0,0.0,0.0,0.0,0.0,0.0,0.0,0.0,0.0,0.0,0.0,0.0,0.0,0.0,0.0,0.0,0.0,0.0,0.0,0.0,0.0,0.0,0.0,0.0,0.0,0.0
593001,WOL,Gonzalez,M,6.3,0.0,0.0,0.0,0.0,0.0,0.0,0.0,0.0,0.0,0.0,0.0,0.0,0.0,0.0,0.0,0.0,0.0,0.0,0.0,0.0,0.0,0.0,0.0,0.0,0.0,0.0,0.0,0.0,0.0,0.0,0.0,0.0
472739,BHA,Rushworth,G,6.0,0.0,0.0,0.0,0.0,0.0,0.0,0.0,0.0,0.0,0.0,0.0,0.0,0.0,0.0,0.0,0.0,0.0,0.0,0.0,0.0,0.0,0.0,0.0,0.0,0.0,0.0,0.0,0.0,0.0,0.0,0.0,0.0
606921,CRY,Esse,M,6.3,0.0,0.0,0.0,0.0,0.0,0.0,0.0,0.0,0.0,0.0,0.0,0.0,0.0,0.0,0.0,0.0,0.0,0.0,0.0,0.0,0.0,0.0,0.0,0.0,0.0,0.0,0.0,0.0,0.0,0.0,0.0,0.0
213999,WHU,Álvarez,M,7.3,0.0,0.0,0.0,0.0,0.0,0.0,0.0,0.0,0.0,0.0,0.0,0.0,0.0,0.0,0.0,0.0,0.0,0.0,0.0,0.0,0.0,0.0,0.0,0.0,0.0,0.0,0.0,0.0,0.0,0.0,0.0,0.0
124165,SUN,Roberts,M,6.9,0.0,0.0,0.0,0.0,0.0,0.0,0.0,0.0,0.0,0.0,0.0,0.0,0.0,0.0,0.0,0.0,0.0,0.0,0.0,0.0,0.0,0.0,0.0,0.0,0.0,0.0,0.0,0.0,0.0,0.0,0.0,0.0
463748,ARS,Hein,G,6.0,0.0,0.0,0.0,0.0,0.0,0.0,0.0,0.0,0.0,0.0,0.0,0.0,0.0,0.0,0.0,0.0,0.0,0.0,0.0,0.0,0.0,0.0,0.0,0.0,0.0,0.0,0.0,0.0,0.0,0.0,0.0,0.0
477851,SUN,Ba,M,6.9,0.0,0.0,0.0,0.0,0.0,0.0,0.0,0.0,0.0,0.0,0.0,0.0,0.0,0.0,0.0,0.0,0.0,0.0,0.0,0.0,0.0,0.0,0.0,0.0,0.0,0.0,0.0,0.0,0.0,0.0,0.0,0.0
183751,BUR,Benson,M,6.9,0.0,0.0,0.0,0.0,0.0,0.0,0.0,0.0,0.0,0.0,0.0,0.0,0.0,0.0,0.0,0.0,0.0,0.0,0.0,0.0,0.0,0.0,0.0,0.0,0.0,0.0,0.0,0.0,0.0,0.0,0.0,0.0
489580,LIV,Ramsay,D,6.1,0.0,0.0,0.0,0.0,0.0,0.0,0.0,0.0,0.0,0.0,0.0,0.0,0.0,0.0,0.0,0.0,0.0,0.0,0.0,0.0,0.0,0.0,0.0,0.0,0.0,0.0,0.0,0.0,0.0,0.0,0.0,0.0
101148,NEW,Lascelles,D,6.1,0.0,0.0,0.0,0.0,0.0,0.0,0.0,0.0,0.0,0.0,0.0,0.0,0.0,0.0,0.0,0.0,0.0,0.0,0.0,0.0,0.0,0.0,0.0,0.0,0.0,0.0,0.0,0.0,0.0,0.0,0.0,0.0
490885,WHU,Earthy,M,6.9,0.0,0.0,0.0,0.0,0.0,0.0,0.0,0.0,0.0,0.0,0.0,0.0,0.0,0.0,0.0,0.0,0.0,0.0,0.0,0.0,0.0,0.0,0.0,0.0,0.0,0.0,0.0,0.0,0.0,0.0,0.0,0.0
429414,WOL,Kalajdžić,F,6.5,0.0,0.0,0.0,0.0,0.0,0.0,0.0,0.0,0.0,0.0,0.0,0.0,0.0,0.0,0.0,0.0,0.0,0.0,0.0,0.0,0.0,0.0,0.0,0.0,0.0,0.0,0.0,0.0,0.0,0.0,0.0,0.0
169359,NEW,Targett,D,6.1,0.0,0.0,0.0,0.0,0.0,0.0,0.0,0.0,0.0,0.0,0.0,0.0,0.0,0.0,0.0,0.0,0.0,0.0,0.0,0.0,0.0,0.0,0.0,0.0,0.0,0.0,0.0,0.0,0.0,0.0,0.0,0.0
491287,AVL,Barrenechea,M,6.3,0.0,0.0,0.0,0.0,0.0,0.0,0.0,0.0,0.0,0.0,0.0,0.0,0.0,0.0,0.0,0.0,0.0,0.0,0.0,0.0,0.0,0.0,0.0,0.0,0.0,0.0,0.0,0.0,0.0,0.0,0.0,0.0
438098,ARS,Fábio Vieira,M,6.5,0.0,0.0,0.0,0.0,0.0,0.0,0.0,0.0,0.0,0.0,0.0,0.0,0.0,0.0,0.0,0.0,0.0,0.0,0.0,0.0,0.0,0.0,0.0,0.0,0.0,0.0,0.0,0.0,0.0,0.0,0.0,0.0
155503,LIV,Woodman,G,6.0,0.0,0.0,0.0,0.0,0.0,0.0,0.0,0.0,0.0,0.0,0.0,0.0,0.0,0.0,0.0,0.0,0.0,0.0,0.0,0.0,0.0,0.0,0.0,0.0,0.0,0.0,0.0,0.0,0.0,0.0,0.0,0.0
507433,BRE,Valdimarsson,G,6.0,0.0,0.0,0.0,0.0,0.0,0.0,0.0,0.0,0.0,0.0,0.0,0.0,0.0,0.0,0.0,0.0,0.0,0.0,0.0,0.0,0.0,0.0,0.0,0.0,0.0,0.0,0.0,0.0,0.0,0.0,0.0,0.0
466117,CRY,Ahamada,M,6.4,0.0,0.0,0.0,0.0,0.0,0.0,0.0,0.0,0.0,0.0,0.0,0.0,0.0,0.0,0.0,0.0,0.0,0.0,0.0,0.0,0.0,0.0,0.0,0.0,0.0,0.0,0.0,0.0,0.0,0.0,0.0,0.0
590012,CRY,Kporha,D,6.1,0.0,0.0,0.0,0.0,0.0,0.0,0.0,0.0,0.0,0.0,0.0,0.0,0.0,0.0,0.0,0.0,0.0,0.0,0.0,0.0,0.0,0.0,0.0,0.0,0.0,0.0,0.0,0.0,0.0,0.0,0.0,0.0
609873,EVE,Armstrong,M,6.3,0.0,0.0,0.0,0.0,0.0,0.0,0.0,0.0,0.0,0.0,0.0,0.0,0.0,0.0,0.0,0.0,0.0,0.0,0.0,0.0,0.0,0.0,0.0,0.0,0.0,0.0,0.0,0.0,0.0,0.0,0.0,0.0
111452,NEW,Odysseas,G,6.0,0.0,0.0,0.0,0.0,0.0,0.0,0.0,0.0,0.0,0.0,0.0,0.0,0.0,0.0,0.0,0.0,0.0,0.0,0.0,0.0,0.0,0.0,0.0,0.0,0.0,0.0,0.0,0.0,0.0,0.0,0.0,0.0
461421,AVL,Dobbin,M,6.3,0.0,0.0,0.0,0.0,0.0,0.0,0.0,0.0,0.0,0.0,0.0,0.0,0.0,0.0,0.0,0.0,0.0,0.0,0.0,0.0,0.0,0.0,0.0,0.0,0.0,0.0,0.0,0.0,0.0,0.0,0.0,0.0
551206,BUR,Banel,M,6.9,0.0,0.0,0.0,0.0,0.0,0.0,0.0,0.0,0.0,0.0,0.0,0.0,0.0,0.0,0.0,0.0,0.0,0.0,0.0,0.0,0.0,0.0,0.0,0.0,0.0,0.0,0.0,0.0,0.0,0.0,0.0,0.0
460028,CHE,Colwill,D,8.5,0.0,0.0,0.0,0.0,0.0,0.0,0.0,0.0,0.0,0.0,0.0,0.0,0.0,0.0,0.0,0.0,0.0,0.0,0.0,0.0,0.0,0.0,0.0,0.0,0.0,0.0,0.0,0.0,0.0,0.0,0.0,0.0
569014,NFO,Da Silva Moreira,M,6.3,0.0,0.0,0.0,0.0,0.0,0.0,0.0,0.0,0.0,0.0,0.0,0.0,0.0,0.0,0.0,0.0,0.0,0.0,0.0,0.0,0.0,0.0,0.0,0.0,0.0,0.0,0.0,0.0,0.0,0.0,0.0,0.0
450072,BUR,Sambo,D,6.1,0.0,0.0,0.0,0.0,0.0,0.0,0.0,0.0,0.0,0.0,0.0,0.0,0.0,0.0,0.0,0.0,0.0,0.0,0.0,0.0,0.0,0.0,0.0,0.0,0.0,0.0,0.0,0.0,0.0,0.0,0.0,0.0
518438,WHU,Casey,D,6.1,0.0,0.0,0.0,0.0,0.0,0.0,0.0,0.0,0.0,0.0,0.0,0.0,0.0,0.0,0.0,0.0,0.0,0.0,0.0,0.0,0.0,0.0,0.0,0.0,0.0,0.0,0.0,0.0,0.0,0.0,0.0,0.0
517052,CHE,N.Jackson,F,10.7,0.0,0.0,0.0,0.0,0.0,0.0,0.0,0.0,0.0,0.0,0.0,0.0,0.0,0.0,0.0,0.0,0.0,0.0,0.0,0.0,0.0,0.0,0.0,0.0,0.0,0.0,0.0,0.0,0.0,0.0,0.0,0.0
541462,BOU,Akinmboni,D,6.1,0.0,0.0,0.0,0.0,0.0,0.0,0.0,0.0,0.0,0.0,0.0,0.0,0.0,0.0,0.0,0.0,0.0,0.0,0.0,0.0,0.0,0.0,0.0,0.0,0.0,0.0,0.0,0.0,0.0,0.0,0.0,0.0
107265,NFO,Gunn,G,6.0,0.0,0.0,0.0,0.0,0.0,0.0,0.0,0.0,0.0,0.0,0.0,0.0,0.0,0.0,0.0,0.0,0.0,0.0,0.0,0.0,0.0,0.0,0.0,0.0,0.0,0.0,0.0,0.0,0.0,0.0,0.0,0.0
220684,SUN,Alese,D,6.1,0.0,0.0,0.0,0.0,0.0,0.0,0.0,0.0,0.0,0.0,0.0,0.0,0.0,0.0,0.0,0.0,0.0,0.0,0.0,0.0,0.0,0.0,0.0,0.0,0.0,0.0,0.0,0.0,0.0,0.0,0.0,0.0
575204,MCI,Echeverri,M,6.7,0.0,0.0,0.0,0.0,0.0,0.0,0.0,0.0,0.0,0.0,0.0,0.0,0.0,0.0,0.0,0.0,0.0,0.0,0.0,0.0,0.0,0.0,0.0,0.0,0.0,0.0,0.0,0.0,0.0,0.0,0.0,0.0
219249,BHA,O'Riley,M,7.0,0.0,0.0,0.0,0.0,0.0,0.0,0.0,0.0,0.0,0.0,0.0,0.0,0.0,0.0,0.0,0.0,0.0,0.0,0.0,0.0,0.0,0.0,0.0,0.0,0.0,0.0,0.0,0.0,0.0,0.0,0.0,0.0
247245,BUR,Delcroix,D,6.1,0.0,0.0,0.0,0.0,0.0,0.0,0.0,0.0,0.0,0.0,0.0,0.0,0.0,0.0,0.0,0.0,0.0,0.0,0.0,0.0,0.0,0.0,0.0,0.0,0.0,0.0,0.0,0.0,0.0,0.0,0.0,0.0
202641,MUN,Onana,G,7.7,0.0,0.0,0.0,0.0,0.0,0.0,0.0,0.0,0.0,0.0,0.0,0.0,0.0,0.0,0.0,0.0,0.0,0.0,0.0,0.0,0.0,0.0,0.0,0.0,0.0,0.0,0.0,0.0,0.0,0.0,0.0,0.0
574458,CHE,M.Sarr,D,6.7,0.0,0.0,0.0,0.0,0.0,0.0,0.0,0.0,0.0,0.0,0.0,0.0,0.0,0.0,0.0,0.0,0.0,0.0,0.0,0.0,0.0,0.0,0.0,0.0,0.0,0.0,0.0,0.0,0.0,0.0,0.0,0.0
467189,WHU,Hermansen,G,6.6,0.0,0.0,0.0,0.0,0.0,0.0,0.0,0.0,0.0,0.0,0.0,0.0,0.0,0.0,0.0,0.0,0.0,0.0,0.0,0.0,0.0,0.0,0.0,0.0,0.0,0.0,0.0,0.0,0.0,0.0,0.0,0.0
424044,BOU,H.Traorè,M,6.3,0.0,0.0,0.0,0.0,0.0,0.0,0.0,0.0,0.0,0.0,0.0,0.0,0.0,0.0,0.0,0.0,0.0,0.0,0.0,0.0,0.0,0.0,0.0,0.0,0.0,0.0,0.0,0.0,0.0,0.0,0.0,0.0
549067,NFO,Abbott,D,6.1,0.0,0.0,0.0,0.0,0.0,0.0,0.0,0.0,0.0,0.0,0.0,0.0,0.0,0.0,0.0,0.0,0.0,0.0,0.0,0.0,0.0,0.0,0.0,0.0,0.0,0.0,0.0,0.0,0.0,0.0,0.0,0.0
441024,NEW,Ashby,D,6.1,0.0,0.0,0.0,0.0,0.0,0.0,0.0,0.0,0.0,0.0,0.0,0.0,0.0,0.0,0.0,0.0,0.0,0.0,0.0,0.0,0.0,0.0,0.0,0.0,0.0,0.0,0.0,0.0,0.0,0.0,0.0,0.0
611926,LIV,Nallo,D,6.1,0.0,0.0,0.0,0.0,0.0,0.0,0.0,0.0,0.0,0.0,0.0,0.0,0.0,0.0,0.0,0.0,0.0,0.0,0.0,0.0,0.0,0.0,0.0,0.0,0.0,0.0,0.0,0.0,0.0,0.0,0.0,0.0
570241,BRE,Ji-soo,D,6.1,0.0,0.0,0.0,0.0,0.0,0.0,0.0,0.0,0.0,0.0,0.0,0.0,0.0,0.0,0.0,0.0,0.0,0.0,0.0,0.0,0.0,0.0,0.0,0.0,0.0,0.0,0.0,0.0,0.0,0.0,0.0,0.0
499717,BRE,Meghoma,D,6.3,0.0,0.0,0.0,0.0,0.0,0.0,0.0,0.0,0.0,0.0,0.0,0.0,0.0,0.0,0.0,0.0,0.0,0.0,0.0,0.0,0.0,0.0,0.0,0.0,0.0,0.0,0.0,0.0,0.0,0.0,0.0,0.0
171422,SUN,Browne,M,6.9,0.0,0.0,0.0,0.0,0.0,0.0,0.0,0.0,0.0,0.0,0.0,0.0,0.0,0.0,0.0,0.0,0.0,0.0,0.0,0.0,0.0,0.0,0.0,0.0,0.0,0.0,0.0,0.0,0.0,0.0,0.0,0.0
86873,FUL,Lecomte,G,6.0,0.0,0.0,0.0,0.0,0.0,0.0,0.0,0.0,0.0,0.0,0.0,0.0,0.0,0.0,0.0,0.0,0.0,0.0,0.0,0.0,0.0,0.0,0.0,0.0,0.0,0.0,0.0,0.0,0.0,0.0,0.0,0.0
519634,SUN,Seelt,D,6.1,0.0,0.0,0.0,0.0,0.0,0.0,0.0,0.0,0.0,0.0,0.0,0.0,0.0,0.0,0.0,0.0,0.0,0.0,0.0,0.0,0.0,0.0,0.0,0.0,0.0,0.0,0.0,0.0,0.0,0.0,0.0,0.0
565431,WHU,Marshall,F,7.2,0.0,0.0,0.0,0.0,0.0,0.0,0.0,0.0,0.0,0.0,0.0,0.0,0.0,0.0,0.0,0.0,0.0,0.0,0.0,0.0,0.0,0.0,0.0,0.0,0.0,0.0,0.0,0.0,0.0,0.0,0.0,0.0
510500,NFO,Jota,M,7.0,0.0,0.0,0.0,0.0,0.0,0.0,0.0,0.0,0.0,0.0,0.0,0.0,0.0,0.0,0.0,0.0,0.0,0.0,0.0,0.0,0.0,0.0,0.0,0.0,0.0,0.0,0.0,0.0,0.0,0.0,0.0,0.0
611695,BHA,Yalcouye,M,6.3,0.0,0.0,0.0,0.0,0.0,0.0,0.0,0.0,0.0,0.0,0.0,0.0,0.0,0.0,0.0,0.0,0.0,0.0,0.0,0.0,0.0,0.0,0.0,0.0,0.0,0.0,0.0,0.0,0.0,0.0,0.0,0.0
640108,NEW,Antoñito C.,M,6.9,0.0,0.0,0.0,0.0,0.0,0.0,0.0,0.0,0.0,0.0,0.0,0.0,0.0,0.0,0.0,0.0,0.0,0.0,0.0,0.0,0.0,0.0,0.0,0.0,0.0,0.0,0.0,0.0,0.0,0.0,0.0,0.0
515024,FUL,Harris,M,6.6,0.0,0.0,0.0,0.0,0.0,0.0,0.0,0.0,0.0,0.0,0.0,0.0,0.0,0.0,0.0,0.0,0.0,0.0,0.0,0.0,0.0,0.0,0.0,0.0,0.0,0.0,0.0,0.0,0.0,0.0,0.0,0.0
204822,NFO,O.Richards,D,6.1,0.0,0.0,0.0,0.0,0.0,0.0,0.0,0.0,0.0,0.0,0.0,0.0,0.0,0.0,0.0,0.0,0.0,0.0,0.0,0.0,0.0,0.0,0.0,0.0,0.0,0.0,0.0,0.0,0.0,0.0,0.0,0.0
589507,WOL,Chiwome,F,7.2,0.0,0.0,0.0,0.0,0.0,0.0,0.0,0.0,0.0,0.0,0.0,0.0,0.0,0.0,0.0,0.0,0.0,0.0,0.0,0.0,0.0,0.0,0.0,0.0,0.0,0.0,0.0,0.0,0.0,0.0,0.0,0.0
492368,LEE,Schmidt,D,6.1,0.0,0.0,0.0,0.0,0.0,0.0,0.0,0.0,0.0,0.0,0.0,0.0,0.0,0.0,0.0,0.0,0.0,0.0,0.0,0.0,0.0,0.0,0.0,0.0,0.0,0.0,0.0,0.0,0.0,0.0,0.0,0.0
611975,SUN,Abdullahi,F,7.2,0.0,0.0,0.0,0.0,0.0,0.0,0.0,0.0,0.0,0.0,0.0,0.0,0.0,0.0,0.0,0.0,0.0,0.0,0.0,0.0,0.0,0.0,0.0,0.0,0.0,0.0,0.0,0.0,0.0,0.0,0.0,0.0
79602,WOL,Bentley,G,6.0,0.0,0.0,0.0,0.0,0.0,0.0,0.0,0.0,0.0,0.0,0.0,0.0,0.0,0.0,0.0,0.0,0.0,0.0,0.0,0.0,0.0,0.0,0.0,0.0,0.0,0.0,0.0,0.0,0.0,0.0,0.0,0.0
626844,SUN,Aleksić,M,6.9,0.0,0.0,0.0,0.0,0.0,0.0,0.0,0.0,0.0,0.0,0.0,0.0,0.0,0.0,0.0,0.0,0.0,0.0,0.0,0.0,0.0,0.0,0.0,0.0,0.0,0.0,0.0,0.0,0.0,0.0,0.0,0.0
220598,BUR,Obafemi,F,7.2,0.0,0.0,0.0,0.0,0.0,0.0,0.0,0.0,0.0,0.0,0.0,0.0,0.0,0.0,0.0,0.0,0.0,0.0,0.0,0.0,0.0,0.0,0.0,0.0,0.0,0.0,0.0,0.0,0.0,0.0,0.0,0.0
586268,LIV,Pécsi,G,6.0,0.0,0.0,0.0,0.0,0.0,0.0,0.0,0.0,0.0,0.0,0.0,0.0,0.0,0.0,0.0,0.0,0.0,0.0,0.0,0.0,0.0,0.0,0.0,0.0,0.0,0.0,0.0,0.0,0.0,0.0,0.0,0.0
531989,CRY,Ozoh,M,6.3,0.0,0.0,0.0,0.0,0.0,0.0,0.0,0.0,0.0,0.0,0.0,0.0,0.0,0.0,0.0,0.0,0.0,0.0,0.0,0.0,0.0,0.0,0.0,0.0,0.0,0.0,0.0,0.0,0.0,0.0,0.0,0.0
530318,CRY,Rodney,M,6.9,0.0,0.0,0.0,0.0,0.0,0.0,0.0,0.0,0.0,0.0,0.0,0.0,0.0,0.0,0.0,0.0,0.0,0.0,0.0,0.0,0.0,0.0,0.0,0.0,0.0,0.0,0.0,0.0,0.0,0.0,0.0,0.0
500058,LIV,Danns,F,7.2,0.0,0.0,0.0,0.0,0.0,0.0,0.0,0.0,0.0,0.0,0.0,0.0,0.0,0.0,0.0,0.0,0.0,0.0,0.0,0.0,0.0,0.0,0.0,0.0,0.0,0.0,0.0,0.0,0.0,0.0,0.0,0.0
90585,NFO,Boly,D,6.1,0.0,0.0,0.0,0.0,0.0,0.0,0.0,0.0,0.0,0.0,0.0,0.0,0.0,0.0,0.0,0.0,0.0,0.0,0.0,0.0,0.0,0.0,0.0,0.0,0.0,0.0,0.0,0.0,0.0,0.0,0.0,0.0
503300,BRE,Cox,G,6.0,0.0,0.0,0.0,0.0,0.0,0.0,0.0,0.0,0.0,0.0,0.0,0.0,0.0,0.0,0.0,0.0,0.0,0.0,0.0,0.0,0.0,0.0,0.0,0.0,0.0,0.0,0.0,0.0,0.0,0.0,0.0,0.0
444172,BOU,Dennis,G,6.0,0.0,0.0,0.0,0.0,0.0,0.0,0.0,0.0,0.0,0.0,0.0,0.0,0.0,0.0,0.0,0.0,0.0,0.0,0.0,0.0,0.0,0.0,0.0,0.0,0.0,0.0,0.0,0.0,0.0,0.0,0.0,0.0
462492,AVL,Gauci,G,6.0,0.0,0.0,0.0,0.0,0.0,0.0,0.0,0.0,0.0,0.0,0.0,0.0,0.0,0.0,0.0,0.0,0.0,0.0,0.0,0.0,0.0,0.0,0.0,0.0,0.0,0.0,0.0,0.0,0.0,0.0,0.0,0.0
579075,CRY,Agbinone,M,6.9,0.0,0.0,0.0,0.0,0.0,0.0,0.0,0.0,0.0,0.0,0.0,0.0,0.0,0.0,0.0,0.0,0.0,0.0,0.0,0.0,0.0,0.0,0.0,0.0,0.0,0.0,0.0,0.0,0.0,0.0,0.0,0.0
518442,WHU,Orford,M,6.9,0.0,0.0,0.0,0.0,0.0,0.0,0.0,0.0,0.0,0.0,0.0,0.0,0.0,0.0,0.0,0.0,0.0,0.0,0.0,0.0,0.0,0.0,0.0,0.0,0.0,0.0,0.0,0.0,0.0,0.0,0.0,0.0
220695,BRE,Maghoma,M,6.9,0.0,0.0,0.0,0.0,0.0,0.0,0.0,0.0,0.0,0.0,0.0,0.0,0.0,0.0,0.0,0.0,0.0,0.0,0.0,0.0,0.0,0.0,0.0,0.0,0.0,0.0,0.0,0.0,0.0,0.0,0.0,0.0
518906,BOU,Bevan,D,6.1,0.0,0.0,0.0,0.0,0.0,0.0,0.0,0.0,0.0,0.0,0.0,0.0,0.0,0.0,0.0,0.0,0.0,0.0,0.0,0.0,0.0,0.0,0.0,0.0,0.0,0.0,0.0,0.0,0.0,0.0,0.0,0.0
536119,LEE,Crew,M,6.9,0.0,0.0,0.0,0.0,0.0,0.0,0.0,0.0,0.0,0.0,0.0,0.0,0.0,0.0,0.0,0.0,0.0,0.0,0.0,0.0,0.0,0.0,0.0,0.0,0.0,0.0,0.0,0.0,0.0,0.0,0.0,0.0
559962,AVL,Jimoh-Aloba,M,6.9,0.0,0.0,0.0,0.0,0.0,0.0,0.0,0.0,0.0,0.0,0.0,0.0,0.0,0.0,0.0,0.0,0.0,0.0,0.0,0.0,0.0,0.0,0.0,0.0,0.0,0.0,0.0,0.0,0.0,0.0,0.0,0.0
551153,SUN,Luís Hemir,F,7.2,0.0,0.0,0.0,0.0,0.0,0.0,0.0,0.0,0.0,0.0,0.0,0.0,0.0,0.0,0.0,0.0,0.0,0.0,0.0,0.0,0.0,0.0,0.0,0.0,0.0,0.0,0.0,0.0,0.0,0.0,0.0,0.0
497606,WOL,Chirewa,M,6.3,0.0,0.0,0.0,0.0,0.0,0.0,0.0,0.0,0.0,0.0,0.0,0.0,0.0,0.0,0.0,0.0,0.0,0.0,0.0,0.0,0.0,0.0,0.0,0.0,0.0,0.0,0.0,0.0,0.0,0.0,0.0,0.0
214572,TOT,Austin,G,6.0,0.0,0.0,0.0,0.0,0.0,0.0,0.0,0.0,0.0,0.0,0.0,0.0,0.0,0.0,0.0,0.0,0.0,0.0,0.0,0.0,0.0,0.0,0.0,0.0,0.0,0.0,0.0,0.0,0.0,0.0,0.0,0.0
547801,EVE,Bates,M,6.9,0.0,0.0,0.0,0.0,0.0,0.0,0.0,0.0,0.0,0.0,0.0,0.0,0.0,0.0,0.0,0.0,0.0,0.0,0.0,0.0,0.0,0.0,0.0,0.0,0.0,0.0,0.0,0.0,0.0,0.0,0.0,0.0
49262,BHA,Steele,G,6.0,0.0,0.0,0.0,0.0,0.0,0.0,0.0,0.0,0.0,0.0,0.0,0.0,0.0,0.0,0.0,0.0,0.0,0.0,0.0,0.0,0.0,0.0,0.0,0.0,0.0,0.0,0.0,0.0,0.0,0.0,0.0,0.0
545477,NEW,A.Murphy,D,6.1,0.0,0.0,0.0,0.0,0.0,0.0,0.0,0.0,0.0,0.0,0.0,0.0,0.0,0.0,0.0,0.0,0.0,0.0,0.0,0.0,0.0,0.0,0.0,0.0,0.0,0.0,0.0,0.0,0.0,0.0,0.0,0.0
244858,BRE,Carvalho,M,6.7,0.0,0.0,0.0,0.0,0.0,0.0,0.0,0.0,0.0,0.0,0.0,0.0,0.0,0.0,0.0,0.0,0.0,0.0,0.0,0.0,0.0,0.0,0.0,0.0,0.0,0.0,0.0,0.0,0.0,0.0,0.0,0.0
660392,CRY,Uche,F,6.5,0.0,0.0,0.0,0.0,0.0,0.0,0.0,0.0,0.0,0.0,0.0,0.0,0.0,0.0,0.0,0.0,0.0,0.0,0.0,0.0,0.0,0.0,0.0,0.0,0.0,0.0,0.0,0.0,0.0,0.0,0.0,0.0
440955,SUN,Rusyn,F,7.2,0.0,0.0,0.0,0.0,0.0,0.0,0.0,0.0,0.0,0.0,0.0,0.0,0.0,0.0,0.0,0.0,0.0,0.0,0.0,0.0,0.0,0.0,0.0,0.0,0.0,0.0,0.0,0.0,0.0,0.0,0.0,0.0
578614,BUR,Boateng,M,6.9,0.0,0.0,0.0,0.0,0.0,0.0,0.0,0.0,0.0,0.0,0.0,0.0,0.0,0.0,0.0,0.0,0.0,0.0,0.0,0.0,0.0,0.0,0.0,0.0,0.0,0.0,0.0,0.0,0.0,0.0,0.0,0.0
487117,BHA,Ferguson,F,7.5,0.0,0.0,0.0,0.0,0.0,0.0,0.0,0.0,0.0,0.0,0.0,0.0,0.0,0.0,0.0,0.0,0.0,0.0,0.0,0.0,0.0,0.0,0.0,0.0,0.0,0.0,0.0,0.0,0.0,0.0,0.0,0.0
205651,ARS,G.Jesus,F,11.0,0.0,0.0,0.0,0.0,0.0,0.0,0.0,0.0,0.0,0.0,0.0,0.0,0.0,0.0,0.0,0.0,0.0,0.0,0.0,0.0,0.0,0.0,0.0,0.0,0.0,0.0,0.0,0.0,0.0,0.0,0.0,0.0
44699,BUR,Barnes,F,7.2,0.0,0.0,0.0,0.0,0.0,0.0,0.0,0.0,0.0,0.0,0.0,0.0,0.0,0.0,0.0,0.0,0.0,0.0,0.0,0.0,0.0,0.0,0.0,0.0,0.0,0.0,0.0,0.0,0.0,0.0,0.0,0.0
209288,BHA,McGill,G,6.0,0.0,0.0,0.0,0.0,0.0,0.0,0.0,0.0,0.0,0.0,0.0,0.0,0.0,0.0,0.0,0.0,0.0,0.0,0.0,0.0,0.0,0.0,0.0,0.0,0.0,0.0,0.0,0.0,0.0,0.0,0.0,0.0
461567,BUR,Dodgson,D,6.1,0.0,0.0,0.0,0.0,0.0,0.0,0.0,0.0,0.0,0.0,0.0,0.0,0.0,0.0,0.0,0.0,0.0,0.0,0.0,0.0,0.0,0.0,0.0,0.0,0.0,0.0,0.0,0.0,0.0,0.0,0.0,0.0
496178,EVE,Dixon,D,6.1,0.0,0.0,0.0,0.0,0.0,0.0,0.0,0.0,0.0,0.0,0.0,0.0,0.0,0.0,0.0,0.0,0.0,0.0,0.0,0.0,0.0,0.0,0.0,0.0,0.0,0.0,0.0,0.0,0.0,0.0,0.0,0.0
235448,BRE,Balcombe,G,6.0,0.0,0.0,0.0,0.0,0.0,0.0,0.0,0.0,0.0,0.0,0.0,0.0,0.0,0.0,0.0,0.0,0.0,0.0,0.0,0.0,0.0,0.0,0.0,0.0,0.0,0.0,0.0,0.0,0.0,0.0,0.0,0.0
517179,WOL,Pond,D,6.1,0.0,0.0,0.0,0.0,0.0,0.0,0.0,0.0,0.0,0.0,0.0,0.0,0.0,0.0,0.0,0.0,0.0,0.0,0.0,0.0,0.0,0.0,0.0,0.0,0.0,0.0,0.0,0.0,0.0,0.0,0.0,0.0
490000,SUN,Nna Noukeu,G,6.0,0.0,0.0,0.0,0.0,0.0,0.0,0.0,0.0,0.0,0.0,0.0,0.0,0.0,0.0,0.0,0.0,0.0,0.0,0.0,0.0,0.0,0.0,0.0,0.0,0.0,0.0,0.0,0.0,0.0,0.0,0.0,0.0
568791,BOU,McKenna,G,6.0,0.0,0.0,0.0,0.0,0.0,0.0,0.0,0.0,0.0,0.0,0.0,0.0,0.0,0.0,0.0,0.0,0.0,0.0,0.0,0.0,0.0,0.0,0.0,0.0,0.0,0.0,0.0,0.0,0.0,0.0,0.0,0.0
531363,WOL,Fraser,F,6.7,0.0,0.0,0.0,0.0,0.0,0.0,0.0,0.0,0.0,0.0,0.0,0.0,0.0,0.0,0.0,0.0,0.0,0.0,0.0,0.0,0.0,0.0,0.0,0.0,0.0,0.0,0.0,0.0,0.0,0.0,0.0,0.0
428971,FUL,Benda,G,6.0,0.0,0.0,0.0,0.0,0.0,0.0,0.0,0.0,0.0,0.0,0.0,0.0,0.0,0.0,0.0,0.0,0.0,0.0,0.0,0.0,0.0,0.0,0.0,0.0,0.0,0.0,0.0,0.0,0.0,0.0,0.0,0.0
51943,BUR,Hladký,G,6.0,0.0,0.0,0.0,0.0,0.0,0.0,0.0,0.0,0.0,0.0,0.0,0.0,0.0,0.0,0.0,0.0,0.0,0.0,0.0,0.0,0.0,0.0,0.0,0.0,0.0,0.0,0.0,0.0,0.0,0.0,0.0,0.0
122074,MCI,Bettinelli,G,6.0,0.0,0.0,0.0,0.0,0.0,0.0,0.0,0.0,0.0,0.0,0.0,0.0,0.0,0.0,0.0,0.0,0.0,0.0,0.0,0.0,0.0,0.0,0.0,0.0,0.0,0.0,0.0,0.0,0.0,0.0,0.0,0.0
495145,BOU,Paulsen,G,6.0,0.0,0.0,0.0,0.0,0.0,0.0,0.0,0.0,0.0,0.0,0.0,0.0,0.0,0.0,0.0,0.0,0.0,0.0,0.0,0.0,0.0,0.0,0.0,0.0,0.0,0.0,0.0,0.0,0.0,0.0,0.0,0.0
447325,EVE,Tyrer,G,6.0,0.0,0.0,0.0,0.0,0.0,0.0,0.0,0.0,0.0,0.0,0.0,0.0,0.0,0.0,0.0,0.0,0.0,0.0,0.0,0.0,0.0,0.0,0.0,0.0,0.0,0.0,0.0,0.0,0.0,0.0,0.0,0.0
97846,LEE,Cairns,G,6.0,0.0,0.0,0.0,0.0,0.0,0.0,0.0,0.0,0.0,0.0,0.0,0.0,0.0,0.0,0.0,0.0,0.0,0.0,0.0,0.0,0.0,0.0,0.0,0.0,0.0,0.0,0.0,0.0,0.0,0.0,0.0,0.0
169593,CRY,Matthews,G,6.0,0.0,0.0,0.0,0.0,0.0,0.0,0.0,0.0,0.0,0.0,0.0,0.0,0.0,0.0,0.0,0.0,0.0,0.0,0.0,0.0,0.0,0.0,0.0,0.0,0.0,0.0,0.0,0.0,0.0,0.0,0.0,0.0
59735,LEE,Darlow,G,6.0,0.0,0.0,0.0,0.0,0.0,0.0,0.0,0.0,0.0,0.0,0.0,0.0,0.0,0.0,0.0,0.0,0.0,0.0,0.0,0.0,0.0,0.0,0.0,0.0,0.0,0.0,0.0,0.0,0.0,0.0,0.0,0.0
21205,MUN,Heaton,G,6.0,0.0,0.0,0.0,0.0,0.0,0.0,0.0,0.0,0.0,0.0,0.0,0.0,0.0,0.0,0.0,0.0,0.0,0.0,0.0,0.0,0.0,0.0,0.0,0.0,0.0,0.0,0.0,0.0,0.0,0.0,0.0,0.0
606774,BOU,Rees-Dottin,M,6.3,0.0,0.0,0.0,0.0,0.0,0.0,0.0,0.0,0.0,0.0,0.0,0.0,0.0,0.0,0.0,0.0,0.0,0.0,0.0,0.0,0.0,0.0,0.0,0.0,0.0,0.0,0.0,0.0,0.0,0.0,0.0,0.0
461484,NEW,White,M,6.9,0.0,0.0,0.0,0.0,0.0,0.0,0.0,0.0,0.0,0.0,0.0,0.0,0.0,0.0,0.0,0.0,0.0,0.0,0.0,0.0,0.0,0.0,0.0,0.0,0.0,0.0,0.0,0.0,0.0,0.0,0.0,0.0
588555,MUN,Harrison,G,6.0,0.0,0.0,0.0,0.0,0.0,0.0,0.0,0.0,0.0,0.0,0.0,0.0,0.0,0.0,0.0,0.0,0.0,0.0,0.0,0.0,0.0,0.0,0.0,0.0,0.0,0.0,0.0,0.0,0.0,0.0,0.0,0.0
591357,BRE,Trevitt,M,6.9,0.0,0.0,0.0,0.0,0.0,0.0,0.0,0.0,0.0,0.0,0.0,0.0,0.0,0.0,0.0,0.0,0.0,0.0,0.0,0.0,0.0,0.0,0.0,0.0,0.0,0.0,0.0,0.0,0.0,0.0,0.0,0.0
588793,ARS,Kacurri,D,6.1,0.0,0.0,0.0,0.0,0.0,0.0,0.0,0.0,0.0,0.0,0.0,0.0,0.0,0.0,0.0,0.0,0.0,0.0,0.0,0.0,0.0,0.0,0.0,0.0,0.0,0.0,0.0,0.0,0.0,0.0,0.0,0.0
461446,EVE,Onyango,M,6.3,0.0,0.0,0.0,0.0,0.0,0.0,0.0,0.0,0.0,0.0,0.0,0.0,0.0,0.0,0.0,0.0,0.0,0.0,0.0,0.0,0.0,0.0,0.0,0.0,0.0,0.0,0.0,0.0,0.0,0.0,0.0,0.0
616077,ARS,Dowman,M,6.3,0.0,0.0,0.0,0.0,0.0,0.0,0.0,0.0,0.0,0.0,0.0,0.0,0.0,0.0,0.0,0.0,0.0,0.0,0.0,0.0,0.0,0.0,0.0,0.0,0.0,0.0,0.0,0.0,0.0,0.0,0.0,0.0
533710,BRE,Morgan,F,7.2,0.0,0.0,0.0,0.0,0.0,0.0,0.0,0.0,0.0,0.0,0.0,0.0,0.0,0.0,0.0,0.0,0.0,0.0,0.0,0.0,0.0,0.0,0.0,0.0,0.0,0.0,0.0,0.0,0.0,0.0,0.0,0.0
618873,MUN,Kone,M,6.3,0.0,0.0,0.0,0.0,0.0,0.0,0.0,0.0,0.0,0.0,0.0,0.0,0.0,0.0,0.0,0.0,0.0,0.0,0.0,0.0,0.0,0.0,0.0,0.0,0.0,0.0,0.0,0.0,0.0,0.0,0.0,0.0
576980,CRY,Marsh,F,7.2,0.0,0.0,0.0,0.0,0.0,0.0,0.0,0.0,0.0,0.0,0.0,0.0,0.0,0.0,0.0,0.0,0.0,0.0,0.0,0.0,0.0,0.0,0.0,0.0,0.0,0.0,0.0,0.0,0.0,0.0,0.0,0.0
563324,ARS,Clarke,D,6.1,0.0,0.0,0.0,0.0,0.0,0.0,0.0,0.0,0.0,0.0,0.0,0.0,0.0,0.0,0.0,0.0,0.0,0.0,0.0,0.0,0.0,0.0,0.0,0.0,0.0,0.0,0.0,0.0,0.0,0.0,0.0,0.0
499167,ARS,Nichols,D,6.1,0.0,0.0,0.0,0.0,0.0,0.0,0.0,0.0,0.0,0.0,0.0,0.0,0.0,0.0,0.0,0.0,0.0,0.0,0.0,0.0,0.0,0.0,0.0,0.0,0.0,0.0,0.0,0.0,0.0,0.0,0.0,0.0
