fpl_code,fbref_code,fotmob_id,fanteam_id,ref_name,fotmob_name,current_team,current_team_id,parent_team,parent_team_id,height_cm,preferred_foot,age,country,market_value_€m,primary_position,listed_positions,is_injured,expected_return,sample_mins,fin_skill,npxg,sot,xa,bcc,tack_w,tack_att,acc_pass,yc,s_rc,og,s_dribb,s_cross,offside,int,block,recov,clear,goal_oa,foul_w,foul_l,eltg,p60_gstart,p90_gstart,on_pens,g,sv_p_xgot,europe_mins_ratio,fac_mins_ratio,lc_mins_ratio,p60_gstart_source_league,xgot
223094,1f44ac21,737066,4700673.0,Erling Haaland,Erling Haaland,Manchester City,8456.0,Manchester City,8456.0,194.0,left,25.0,Norway,158.94288,ST,ST,False,,90.0,1.0932426472299712,0.6483043553880122,1.7969732826804508,0.0743124797609571,0.2299680599916678,0.1935483871,0.2670443050778879,8.175694742653825,0.03292,0.0,0.0,0.411264,0.0393079119771543,0.152387,0.1367328519855595,0.0648275862068965,1.148818316100443,0.8905613818630475,0.01323,0.679354094579008,0.8,0.00021,0.97859,0.764706,0.9,0.8082939696951107,0.0,0.95,0.66,0.4,Premier League,
118748,e342ad68,292462,,Mohamed Salah,Mohamed Salah,,,,,175.0,left,33.0,Egypt,46.14642,RW,RW/AM/ST,False,,122.0,1.0435527389843715,0.4234268554858369,1.3305309448360598,0.2188571914466735,0.5586331175332043,0.2102803738,0.5567260940032415,21.793701092931514,0.02166,0.0,9e-05,1.116945107398568,0.4591470705460342,0.49745,0.1853849926434526,0.0426151884902567,2.6040698815677557,0.1727769630715904,0.00844,0.8091343322646077,0.7484407484407485,0.00305,0.98797,0.695652,0.92,0.5436202548017848,0.0,0.95,0.66,0.4,,
502500,dc45ac24,1302005,4700927.0,Igor Thiago Nascimento Rodrigues,Igor Thiago,Brentford,9937.0,Brentford,9937.0,191.0,right,24.0,Brazil,25.27405,ST,ST,False,,83.0,1.1142446150225231,0.3257007399216074,0.9100840336134454,0.0550099157732842,0.147787745172571,2.9032258065,0.9137931034482758,11.0615763546798,0.03589,0.0,0.0,0.6936560934891486,0.1268259151056882,0.658135,0.2555536996826457,0.1743589743589743,2.2093596059113305,1.57359900373599,0.00671,0.7637729549248746,1.4221218961625284,0.00077,0.95411,0.810811,0.95,0.4679802955665024,0.0,0.95,0.66,0.4,Premier League,
231747,50e6dc35,706297,4701084.0,Jean-Philippe Mateta,Jean-Philippe Mateta,Crystal Palace,9826.0,Crystal Palace,9826.0,192.0,right,28.0,France,37.90868,ST,ST,True,Hamstring injury - Expected back 11 Oct,63.0,0.9271773300702771,0.3732168810321197,1.0597387629658084,0.0596520800338265,0.1994107248084855,0.4050405041,0.5995734741545649,9.03231292517007,0.04642,0.0,0.0,0.633304572907679,0.1694915254237288,0.730388,0.1747976878612716,0.1655716162943495,2.2590051457975986,1.1825491873396066,0.00685,0.8229255774165954,2.8571428571428568,0.00033,0.92818,0.48,0.9,0.445578231292517,0.0,0.95,0.66,0.4,Premier League,
60689,4e9a0555,169719,4701034.0,Chris Wood,Chris Wood,Nottingham Forest,10203.0,Nottingham Forest,10203.0,191.0,right,34.0,New Zealand,6.38018,ST,ST,False,,28.0,1.0482980245882942,0.3899663894013925,0.9974750830564784,0.043477948487369,0.1129234629861982,0.3333333333,0.2672758423757853,10.556942072770262,0.0273,0.0,0.0,0.1660516605166051,0.0439560439560439,0.399556,0.1269841269841269,0.2349799732977303,1.7400911476315424,0.8681397006414825,0.00661,0.6984717607973422,0.6666666666666667,0.00034,0.98252,0.0,0.9,0.5083409956653093,0.0,0.95,0.66,0.4,Premier League,
219168,8e92be30,690107,4700702.0,Alexander Isak,Alexander Isak,Liverpool,8650.0,Liverpool,8650.0,192.0,right,26.0,Sweden,124.1,ST,ST,False,,90.0,1.1785232809808404,0.4748228101461816,1.36793150829722,0.0839145708764208,0.2378365028402075,0.5027932961,0.4820742637644045,13.236569274269556,0.05167,0.0,0.0,1.2563016310103792,0.0870479394449116,0.0,0.1802371541501976,0.0963224410793578,1.6306017925736234,0.6146549679867204,0.00747,0.5576086956521739,0.2168674698795181,0.00041,0.94131,0.0,0.65,0.6314797360980207,0.0,0.95,0.66,0.4,Premier League,
178301,aed3a70f,540088,4700834.0,Ollie Watkins,Ollie Watkins,Aston Villa,10252.0,Aston Villa,10252.0,180.0,right,30.0,England,63.49758,ST,ST,True,Has joined Al Hilal permanently,51.0,0.9834935167219752,0.4200042811484338,1.1840539468464897,0.0749199184916073,0.2094218415417559,0.6942496494,0.4253113429821608,10.420864736215789,0.04894,0.0,0.0,0.5821583695289009,0.0770802919708029,0.792533,0.2115791779221727,0.1021002606162808,1.4720349067830223,0.4339111592632719,0.00765,1.0334985930590914,1.1501597444089455,0.00557,0.97297,0.393939,0.3,0.4462514875049583,0.0,0.95,0.66,0.4,Premier League,
510663,5b92d896,1197030,4700701.0,Hugo Ekitiké,Hugo Ekitike,Liverpool,8650.0,Liverpool,8650.0,190.0,right,23.0,France,81.70485,ST,LW/ST,True,Achilles injury - Unknown return date,1810.0,1.0468114487066689,0.4066115181321061,1.0627843494085536,0.1283091532296678,0.2605514316012726,0.546961326,0.7058282208588957,14.29572338489536,0.04001,0.0,0.0,1.5639870034587573,0.1402682131206959,0.499168,0.2763532763532764,0.0775979428225684,2.3148316651501366,0.8503937007874016,0.0075,0.7707739307535642,1.740331491712707,0.00053,0.91228,0.285714,0.01,0.4267515923566879,0.0,0.95,0.66,0.4,Premier League,
216646,2500cef9,666857,4700859.0,Yoane Wissa,Yoane Wissa,Newcastle United,10261.0,Newcastle United,10261.0,176.0,right,29.0,DR Congo,26.76315,ST,CM/LW/ST,False,,89.0,0.8765103759011948,0.4430674655589847,1.0180107835264425,0.0593686334974662,0.1734189723320158,0.25,0.8755333414604413,12.145760018163244,0.08465,0.0,0.0,0.6976413417091384,0.1072340425531915,0.677966,0.3088845834486576,0.1829268292682927,3.0735311363902897,0.6144578313253013,0.0067,1.530890052356021,2.0408163265306123,0.00049,0.98674,0.0,0.35,0.4270632307866954,0.0,0.95,0.66,0.4,Premier League,
517052,9c36ed83,1197347,,Nicolas Jackson,Nicolas Jackson,Aston Villa,10252.0,Chelsea,8455.0,187.0,right,24.0,Senegal,55.38903,ST,AM/ST,False,,232.0,0.9199650462747244,0.4723101359996147,1.204345088161209,0.1005437903432292,0.2684193085165138,0.775862069,0.6634256642170717,13.70308564231738,0.15511,0.0,0.0,1.1665617128463477,0.0762711864406779,0.714995,0.1673762043468518,0.1111111111111111,2.2736146095717884,0.4995751911639762,0.00787,1.0333753148614608,0.6228373702422145,0.00064,0.9185,0.416667,0.0,0.4345088161209069,0.0,0.95,0.66,0.4,Bundesliga,
154566,e77dc3b2,591734,4700807.0,Dominic Solanke-Mitchell,Dominic Solanke,Tottenham Hotspur,8586.0,Tottenham Hotspur,8586.0,187.0,right,28.0,England,46.8183,ST,ST,False,,22.0,0.7586810845960161,0.3592678843596235,0.94954493240258,0.054890754818225,0.1646443905170804,1.98,0.7549633339295295,10.149156136785368,0.04311,0.0,0.0,1.05085368092528,0.0647031539888682,0.26973,0.1673017938470118,0.2182266515976574,2.2712733056463725,0.9594314480307966,0.00734,1.3019222172552525,1.0465116279069768,0.00045,0.98167,0.636364,0.8,0.3610497481664752,0.0,0.95,0.66,0.4,Premier League,
224117,4d5a9185,664500,4700643.0,Viktor Gyökeres,Viktor Gyökeres,Arsenal,9825.0,Arsenal,9825.0,187.0,right,27.0,Sweden,75.07732,ST,ST/LW,False,,360.0,1.2523517074851462,0.3238357507995217,1.0211574362165523,0.1002884384390247,0.1814284702047757,0.5,0.2592280032288838,9.412970796943233,0.05038,0.0,0.0,1.0047609190643758,0.0809495723975228,0.161871,0.0716295254312578,0.0918438887590558,1.6564888100436683,0.5292584009269987,0.00701,1.3293628999038856,1.0,0.00023,0.95051,0.384615,0.7,0.4829762554585153,0.0,0.95,0.66,0.4,Premier League,
205651,b66315ae,576165,4700641.0,Gabriel Fernando de Jesus,Gabriel Jesus,Arsenal,9825.0,Arsenal,9825.0,175.0,right,28.0,Brazil,22.53841,ST,ST,True,Has joined FC Barcelona permanently,421.0,0.857573831128676,0.4520199140498704,1.3087311557788943,0.1296684220590199,0.3084415584415585,0.8551068884,1.240891959798995,20.716292134831463,0.11251,0.0,0.0,1.7551867219917012,0.098984771573604,1.468531,0.5226586102719034,0.1081990863188266,3.216708542713568,0.8386773547094186,0.00718,1.6348314606741572,1.9239904988123515,0.00024,0.95878,0.0,0.0,0.3876404494382022,0.0,0.95,0.66,0.4,Premier League,
244851,dc7f8a28,1096353,4700753.0,Cole Palmer,Cole Palmer,Chelsea,8455.0,Chelsea,8455.0,185.0,left,23.0,England,99.65384,AM,RW/AM/LW,False,Muscular injury - 75% chance of playing,83.0,1.0585354178550268,0.3254483718392139,1.266744165250827,0.2062105600859591,0.5025940948967078,1.1450381679,0.8820531163372975,30.277921845658593,0.1169,0.0,0.0,1.4019493874631137,0.582130458615019,0.092072,0.4863451481696687,0.0679758308157099,3.2014665116694987,0.4938026772434307,0.00552,1.2552026286966045,0.8126410835214446,0.00957,0.90215,0.5,0.8,0.4329786282750604,0.0,0.95,0.66,0.4,Premier League,
485711,3260690c,1073977,4700732.0,Benjamin Sesko,Benjamin Sesko,Manchester United,10260.0,Manchester United,10260.0,195.0,right,22.0,Slovenia,74.66216,ST,ST,False,Shin injury - 75% chance of playing,23.0,1.3065940893896384,0.4130414531360724,1.3677172874880612,0.0609002881964602,0.1845493562231759,0.2752293578,0.4185149469623915,11.291495415744548,0.04125,0.0,0.0,0.996142719382835,0.0859598853868194,0.383445,0.1490836466165413,0.1133995638478313,2.011923944569771,0.84375,0.00648,0.5264059989287626,0.9357798165137616,0.00071,0.94885,0.470588,0.0,0.5396775213404995,0.0,0.95,0.66,0.4,Premier League,
447203,4d77b365,950561,,Darwin Núñez Ribeiro,Darwin Nunez,,,,,187.0,right,26.0,Uruguay,34.48105,ST,AM/ST/LW,True,Has joined Al-Hilal permanently.,90.0,0.7406587737928921,0.5227215418870674,1.4362934362934363,0.1103524125037607,0.3478260869565217,1.1612903226,0.8809702694000213,11.275270184361093,0.11943,0.0,0.0004,0.7113795295613476,0.1163354338342219,0.68129,0.1574479032673012,0.2143991529910004,2.0826446280991737,0.5918057663125947,0.00794,0.6903183023872679,0.2045454545454545,0.00059,0.91465,0.3849,0.0,0.3871582962492053,0.0,0.95,0.66,0.4,,
213198,7c56da38,704523,,Christopher Nkunku,Christopher Nkunku,,,,,178.0,right,28.0,France,37.74506,ST,RW/AM/LW/ST,True,has joined AC Milan permanently.,1351.0,1.277193813248124,0.3848732816350684,1.167392283440925,0.1268286664475678,0.2721629794684068,0.3330866025,0.5585839134942971,21.8042871824989,0.07322,0.0,0.00045,0.9580924855491328,0.3270603504218041,0.42439,0.3494391716997411,0.132980663991244,2.2272456870910173,0.6227347611202636,0.00625,1.1971810306856556,0.7228915662650601,0.00068,0.9573,0.55608,0.0,0.4915577741888122,0.0,0.95,0.66,0.4,,
50175,ce5143da,113836,4700895.0,Danny Welbeck,Danny Welbeck,Chelsea,8455.0,Brighton & Hove Albion,10204.0,185.0,right,35.0,England,4.3059,ST,AM/ST,False,,2263.0,0.9703609805586214,0.3703717061681585,0.9928539526574366,0.0668097736522936,0.190546528803545,0.9544851966,1.0934772622875517,17.19291338582677,0.05468,0.0,0.0,0.6046676096181047,0.3233532934131736,0.199291,0.3239644970414201,0.1745919091554293,1.917322834645669,0.8749480681346075,0.00549,0.7950169875424686,1.0465116279069768,0.00924,0.93961,0.269231,0.15,0.3759842519685039,0.0,0.95,0.66,0.4,Premier League,
102057,b561db50,292313,,Raúl Jiménez Rodríguez,Raul Jiménez,,,,,188.0,right,34.0,Mexico,5.08099,ST,ST/LW,False,,109.0,0.8987445302868114,0.3102415144962904,0.9717330861909176,0.0581980601601495,0.2054224464060529,0.28125,1.2140421027872514,13.893666704636065,0.06033,0.0,0.00245,0.5600119545726239,0.1662269129287598,0.6188,0.3038416763678696,0.168552209142333,2.348672969586513,0.9422471602572876,0.00511,1.348103428636519,1.542857142857143,0.01055,0.91014,0.37037,0.7,0.3562478642214375,0.0,0.95,0.66,0.4,,
219847,fed7cb61,749736,4700642.0,Kai Havertz,Kai Havertz,Arsenal,9825.0,Arsenal,9825.0,193.0,left,26.0,Germany,62.51382,ST,ST,False,Hamstring injury - 75% chance of playing,90.0,0.9374136997128171,0.3520491701104344,0.904241130968258,0.1024423613119516,0.2281544075283272,0.7605633803,0.9953218562874252,20.578837087480352,0.1322,0.0,0.0,0.517193437760682,0.087013843111404,0.464716,0.359898142035273,0.1228868660598179,2.6102671555788373,1.0702469431790935,0.00665,1.100936892345766,1.2328767123287672,0.00219,0.93777,0.142857,0.0,0.3300157150340492,0.0,0.95,0.66,0.4,Premier League,
500058,003cf4d1,1416696,,Jayden Danns,Jayden Danns,Liverpool,8650.0,Liverpool,8650.0,183.0,right,20.0,England,0.93436,ST,ST,False,,28.0,2.247872550178976,0.0459325320749397,0.9050279329608938,0.0257263802979365,0.6585365853658536,0.942408377,0.6136363636363636,8.982791586998088,0.11983,0.0,0.0,1.35,0.3016759776536313,0.0,0.21708,0.0681,2.5772727272727276,0.6506024096385543,0.00434,0.9292543021032504,0.9424083769633508,0.00121,0.91773,0.0,0.0,0.1032504780114723,0.0,0.95,0.66,0.4,PL2,
244731,4a1a9578,860914,,Luis Díaz Marulanda,Luis Diaz,,,,,180.0,right,29.0,Colombia,79.63577,LW,LW/ST,True,Has joined Bayern Munch permanently.,478.0,0.9722359426031629,0.3759780015348619,1.013765436954299,0.1704657395156223,0.3209975864843122,0.3765690377,1.0024090580582994,28.408029368116843,0.06217,0.0,0.00014,1.9331406701554323,0.230424071793067,0.33183,0.2818064516129032,0.0794409709452004,3.610403811606654,0.1670810542018896,0.00637,1.2061268107337926,2.3507462686567164,0.00107,0.9484,0.36668,0.0,0.3655393267202999,0.0,0.95,0.66,0.4,,
209244,ed1e53f3,815006,4700645.0,Phil Foden,Phil Foden,Manchester City,8456.0,Manchester City,8456.0,171.0,left,25.0,England,69.86963,AM,DM/RM/RW/AM/LW/ST,False,,82.0,1.4860676944272164,0.2534740093550869,0.9674982293224208,0.2111459552804311,0.3694581280788177,1.4683301344,0.8218262806236081,38.672895752895755,0.03313,0.410958904109589,0.0,1.1677787603505103,1.0868614279018904,0.129434,0.3469732837335137,0.0928850664581704,3.3522550544323484,0.4201591511936339,0.00543,1.365902912621359,1.643835616438356,0.00557,0.92498,0.565217,0.0,0.3766795366795367,0.0,0.95,0.66,0.4,Premier League,
444102,6f3cc2fe,1098096,4700953.0,Francisco Evanilson de Lima Barbosa,Evanilson,AFC Bournemouth,8678.0,AFC Bournemouth,8678.0,183.0,both,26.0,Brazil,29.53339,ST,AM/ST,False,,75.0,0.8516859388003974,0.3275598853163827,0.7598664834086,0.0868910674416092,0.1533834586466165,0.4240666908,0.5249629263470095,10.443746318476338,0.04552,0.0,0.0,0.4466633712308452,0.0844221105527638,0.919037,0.1953016125821222,0.0973617397063693,2.299037895150206,0.9402504472271914,0.007,1.572746907520126,1.9058823529411764,0.0004,0.96338,0.28125,0.05,0.2845081484390339,0.0,0.95,0.66,0.4,Premier League,
204646,116c35df,660301,,Donyell Malen,Donyell Malen,,,,,179.0,right,27.0,Netherlands,19.3966,ST,RW/ST,True,has joined Roma on loan for the rest of the season.,68.0,1.1480970924663882,0.4550307959834598,1.4328920337822415,0.1242386292990135,0.2843701727285494,0.5581395349,0.505876341338784,14.239178690344064,0.05834,0.0,0.00039,1.51559879235156,0.4134320022340129,0.31395,0.1900043084877208,0.1154503990877993,2.22609862462261,0.2434869739478957,0.00636,1.1968841724994357,0.782608695652174,0.00077,0.89645,0.2497,0.0,0.5224195338512765,0.0,0.95,0.66,0.4,,
223340,bc7dc64d,961995,4700637.0,Bukayo Saka,Bukayo Saka,Arsenal,9825.0,Arsenal,9825.0,178.0,left,24.0,England,103.45,RW,RM/RW,False,,68.0,1.0806884525357467,0.2671281602925693,1.0265665607854462,0.2557093686345506,0.4639246855467243,3.2773109244,1.5556859867938373,25.164108449289916,0.06815,0.0,0.0,1.6290310732388158,1.248803827751196,0.567057,0.4252943875210277,0.0601527689369828,3.706683971447112,0.4346135148274185,0.00497,1.858533419857236,0.4306220095693779,0.00506,0.94376,0.6,0.6,0.3550423181752977,0.0,0.95,0.66,0.4,Premier League,
646243,2d14071d,1636592,,Andre Harriman-Annous,Andre Harriman-Annous,,,,,181.0,right,18.0,England,0.02,ST,LW/ST,False,,90.0,1.1374469253071477,0.2036571417536054,0.6949475691134414,0.0124209812031937,0.1559792027729636,1.5098468271,0.875119161105815,8.262154432793137,0.10817,0.0,0.00045,0.4690553745928339,0.3,0.67824,0.3743500866551126,0.0393873085339168,1.3894111825828797,0.3376758728504429,0.00431,1.3092528451261751,0.75,0.00077,0.9095,0.3692,0.0,0.2316491897044804,0.0,0.95,0.66,0.4,,
560262,b2fe86e5,1460534,4700957.0,Junior Kroupi,Eli Junior Kroupi,AFC Bournemouth,8678.0,AFC Bournemouth,8678.0,179.0,right,19.0,France,20.71304,ST,LM/AM/LW/ST,True,Foot injury - Expected back 7 Nov,1683.0,1.7186272625065533,0.3069771113403049,1.065813905508562,0.0763716991891276,0.1611596674483052,0.4812834225,0.4103743986613679,15.173922013616671,0.07392,0.0,0.0,0.6907365380647824,0.1280066931604266,0.322967,0.4894373562016313,0.04255,2.454714256240974,1.1873684210526316,0.00547,0.5602217011298231,1.4438502673796794,0.00095,0.87864,0.0,0.3,0.5607592325149576,0.0,0.95,0.66,0.4,Premier League,
438234,0e0102eb,839204,4700674.0,Omar Marmoush,Omar Marmoush,Tottenham Hotspur,8586.0,Manchester City,8456.0,183.0,right,26.0,Egypt,79.15664,LW,RW/AM/LW/ST,False,,326.0,1.3012465506815762,0.3310017844309069,1.1594926595425947,0.132497443654856,0.3387936645693209,1.1042944785,0.8260273972602739,14.664061727173804,0.05122,0.0,0.0,1.6414977882933852,0.5881145065829206,0.771429,0.3094786200736855,0.1039461020211742,2.8088831734098334,0.1980742778541953,0.00592,2.075279453951924,2.1114369501466275,0.00099,0.90495,0.0,0.05,0.4362449302601642,0.0,0.95,0.66,0.4,Premier League,
470313,7ca196eb,1106563,4700861.0,Nick Woltemade,Nick Woltemade,Newcastle United,10261.0,Newcastle United,10261.0,198.0,right,23.0,Germany,76.74487,ST,AM/LW/RW/ST,True,Has joined Juventus on loan for the rest of the season,90.0,0.9082534441959714,0.2625460547612745,0.6925483833584425,0.1137930750030526,0.2858620180233417,1.129707113,0.998936170212766,14.046089226927004,0.04905,0.0,0.047319,1.3141500694766095,0.0538492221779018,0.378549,0.1671543060679303,0.0889463281131214,2.6304322632981805,0.9800835207195632,0.0058,1.3537291406516063,1.0,0.00599,0.93875,0.125,0.8,0.3269383584969917,0.0,0.95,0.66,0.4,Premier League,
243298,1971591f,806552,4700696.0,Cody Gakpo,Cody Gakpo,Liverpool,8650.0,Liverpool,8650.0,193.0,right,26.0,Netherlands,77.772,LW,LM/LW/ST,False,,90.0,1.1967660160261597,0.2983914456079056,0.9355142386443868,0.1810469861163777,0.4014231169732731,0.7277628032,1.0490098249923243,17.9674111907303,0.04277,0.0,0.0,1.1876048178075922,0.598326026305301,0.986482,0.4602752580544261,0.1426840830085325,2.952889159932917,0.5350877192982456,0.00569,1.4621200491249615,1.4555256064690028,0.00056,0.90273,0.5,0.0,0.3571047415764597,0.0,0.95,0.66,0.4,Premier League,
85971,92e7e919,212867,,Son Heung-min,Heung-Min Son,,,,,184.0,both,33.0,South Korea,17.55656,LW,LM/LW/ST,True,has joined Los Angeles FC permanently.,1575.0,1.278056940066277,0.2547496782153928,1.0015130674002752,0.1729307154685293,0.415639985245297,0.3947368421,0.539173436948075,20.657909215955986,0.04403,0.0,0.00478,1.0374140302613477,0.5459422283356259,0.4365,0.2375061850569025,0.0442519316319363,2.4313617606602476,0.4795228628230616,0.00534,1.0741935483870968,0.3557312252964427,0.00093,0.94269,0.52169,0.0,0.3255845942228336,0.0,0.95,0.66,0.4,,
177815,59e6e5bf,612150,4700981.0,Dominic Calvert-Lewin,Dominic Calvert-Lewin,Leeds United,8463.0,Leeds United,8463.0,189.0,right,28.0,England,17.52607,ST,ST,False,,90.0,0.5081682839008352,0.4042295459772807,1.1041809458533245,0.0481003394287853,0.1134734239802224,0.3301540719,0.4276971078843153,9.353666895133651,0.04941,0.0,0.0,0.5235369699801425,0.0414842129522931,0.859978,0.2135970333745364,0.1881849099382794,1.8197395476353664,1.2465172622652938,0.00716,1.1864645752555516,1.9239904988123515,0.0005,0.9708,0.566667,0.95,0.3104866346812885,0.0,0.95,0.66,0.5,Premier League,
513418,52afb588,1083796,4700924.0,Kevin Schade,Kevin Schade,Brentford,9937.0,Brentford,9937.0,183.0,right,24.0,Germany,40.39032,LW,LW/ST,False,,90.0,0.9697430207073824,0.306272453040023,0.8573190789473685,0.0812899534098926,0.2995877233165369,1.3384113166,1.349464498214994,11.255606557377051,0.03285,0.0,0.0,0.944298910795533,0.2396940076498087,0.327869,0.4148082069580732,0.1326932967598148,3.2990163934426233,1.1008984105044923,0.00585,1.4423606557377049,0.4017857142857142,0.00099,0.95519,0.5625,0.1,0.3080655737704918,0.0,0.95,0.66,0.4,Premier League,
486385,ed5c0319,1079485,4701002.0,Norberto Bercique Gomes Betuncal,Beto,Everton,8668.0,Everton,8668.0,194.0,right,27.0,Guinea-Bissau,20.74931,ST,ST,True,Has joined Fiorentina permanently,11.0,0.8466020733231868,0.4564068884308162,1.0375906467367173,0.0395733835496919,0.1582112567463376,0.8626198083,0.8738379814077025,7.939726027397261,0.05165,0.0,0.0,1.1090881733373457,0.088235294117647,0.516582,0.1766355140186916,0.1670813397129186,1.8244861747745085,1.6130963517305894,0.00655,1.1577702203164275,1.8977635782747604,0.00924,0.97196,0.058824,0.05,0.3919250180245134,0.0,0.95,0.66,0.4,Premier League,
212319,fa031b34,654908,4700804.0,Richarlison de Andrade,Richarlison,Tottenham Hotspur,8586.0,Tottenham Hotspur,8586.0,184.0,right,28.0,Brazil,19.16327,ST,LW/ST,True,not included in squad.,68.0,0.9988784384578682,0.3831889787188381,1.1296043656207366,0.081076992047904,0.1769041769041769,1.2416964742,1.084137931034483,11.562490755805356,0.0701,0.0,0.0,0.586046511627907,0.2287344398340248,0.458248,0.3532807388878198,0.2063134160090191,2.796725784447476,1.9058823529411764,0.00539,1.6448736998514115,2.647058823529412,0.0005,0.92897,0.6,0.15,0.3993492086969383,0.0,0.95,0.66,0.4,Premier League,
106617,93feac6e,302241,,Patrick Bamford,Patrick Bamford,,,,,185.0,left,32.0,England,0.72584,ST,ST,True,has departed the club as a free agent.,155.0,0.8937850894831454,0.3577130065519015,0.9836151298588112,0.0576156510514216,0.1302695856703455,1.1688311688,0.5202219040801718,9.31276814827527,0.08846,0.0,0.00054,0.3800353356890459,0.0320899616017553,0.54309,0.1996333638863427,0.1456086286594761,1.735826086956522,0.7511811023622048,0.00659,1.029130434782609,1.309090909090909,0.00081,0.88871,0.44598,0.0,0.3197185515702763,0.0,0.95,0.66,0.4,,
141746,507c7bdf,422685,4700724.0,Bruno Borges Fernandes,Bruno Fernandes,Manchester United,10260.0,Manchester United,10260.0,179.0,right,31.0,Portugal,38.06968,DM,DM/CM/AM/RW,False,,90.0,0.8353408324175429,0.1899990122868485,0.8415688012408598,0.2649216609178435,0.6335049239033124,1.7021276596,1.7469532461777089,39.36527808553069,0.10984,0.0,0.0,0.6375335720680394,1.193551961001551,0.117532,0.6177478300593879,0.1525622636588864,5.054398404608907,1.0126696832579185,0.00425,0.9089188286382364,0.6000000000000001,0.00829,0.97122,0.828571,0.9,0.258253933082207,0.0,0.95,0.66,0.4,Premier League,
430871,dc62b55d,863098,4700730.0,Matheus Santos Carneiro da Cunha,Matheus Cunha,Manchester United,10260.0,Manchester United,10260.0,184.0,right,26.0,Brazil,61.29676,AM,LWB/RW/AM/LW/ST,False,,80.0,1.4249827722476303,0.261772276677632,1.2888043260564794,0.1252565365913204,0.2819320937752628,1.843003413,1.1734428199479274,22.66256450972608,0.07694,0.0,0.0,1.8926497095934305,0.4610944076969333,0.072173,0.5984091372629003,0.1566424322538004,4.090909090909091,0.7209705372616982,0.00499,1.9329098848749504,1.0975609756097562,0.00142,0.94122,0.551724,0.1,0.3840809845176657,0.0,0.95,0.66,0.4,Premier League,
475168,e8832875,1021382,4700762.0,João Pedro Junqueira de Jesus,Joao Pedro,Chelsea,8455.0,Chelsea,8455.0,188.0,right,24.0,Brazil,76.81324,ST,AM/LW/ST,False,Knee injury - 75% chance of playing,90.0,1.2381118203674488,0.3064627460715958,0.8555956678700362,0.107431516246708,0.2921748920998311,0.9087509349,0.9787309780190444,19.62052200614125,0.06133,0.0,0.0,1.6802475502836514,0.2821127300613497,0.54115,0.388583149889934,0.1141649048625792,2.6084953940634596,0.7282717282717281,0.00559,2.007864878803507,1.25,0.00044,0.95843,0.451613,0.3,0.4126151484135107,0.0,0.95,0.66,0.4,Premier League,
244042,a755db8c,1128945,4701058.0,Rodrigo Muniz Carvalho,Rodrigo Muniz,Fulham,9879.0,Fulham,9879.0,186.0,right,24.0,Brazil,5.31154,ST,ST,False,,8.0,0.9505799938848456,0.3779696675966371,1.072237196765499,0.0323501085295188,0.1076907343014931,0.7221664995,0.6093749999999999,6.06711590296496,0.04433,0.0,0.09,0.4018154872174879,0.06155,0.45,0.2947556866048862,0.2031029619181946,1.3722371967654985,1.4644396551724137,0.0054,1.8202156334231807,1.8956870611835508,0.00064,0.91014,0.1,0.1,0.3703504043126684,0.0,0.95,0.66,0.4,Premier League,
497894,491a433d,1199272,,Rasmus Højlund,Rasmus Højlund,,,,,191.0,left,22.0,Denmark,48.95146,ST,ST,True,has joined Napoli on loan for the rest of the season.,78.0,1.154927752123238,0.2892337332558136,0.8143525741029641,0.0626973873222751,0.1633278340796606,0.1303875407,0.225240470252939,10.541577825159916,0.05842,0.0,0.00044,0.5706508686254103,0.0931098696461825,0.50426,0.0712896053362979,0.0691390728476821,1.5344705046197582,0.395076605267688,0.00533,1.234704684317719,0.743801652892562,0.00065,0.92243,0.33886,0.0,0.334044065387349,0.0,0.95,0.66,0.4,,
499309,d3d774cc,1412137,4700769.0,Marc Guiu Paz,Marc Guiu,Chelsea,8455.0,Chelsea,8455.0,187.0,left,20.0,Spain,14.70873,ST,ST,True,Has joined RB Leipzig permanently,266.0,1.0349288500780829,0.4290912822991806,1.2833020637898684,0.041211383199507,0.31629392971246,0.20641,0.4399185336048878,6.024671052631579,0.09324,0.0,0.0,0.8372093023255813,0.08778,0.661765,0.12663,0.4122137404580152,1.294247787610619,0.9118942731277532,0.00463,0.8089887640449439,3.3834586466165413,0.00114,0.91279,0.0,0.0,0.444078947368421,0.0,0.95,0.66,0.4,Premier League,
201666,3ea50f67,760359,4700846.0,Harvey Barnes,Harvey Barnes,Newcastle United,10261.0,Newcastle United,10261.0,174.0,right,28.0,England,40.19473,LW,AM/LW/RW,False,,90.0,1.24722523506395,0.297067152164998,1.0278319811030092,0.1501012113234714,0.3257022893132061,0.5966343702,0.651404578626412,18.98149430974765,0.02719,0.0,0.0,0.7837704106877784,0.4434490481522956,0.137335,0.273713313483624,0.0571665285832642,2.95517070757051,0.7788125727590223,0.00502,1.1894431670498853,1.0022271714922049,0.00888,0.9367,0.368421,0.0,0.3705096486887679,0.0,0.95,0.66,0.4,Premier League,
232185,bfdb33aa,771294,4701060.0,Ismaïla Sarr,Ismaila Sarr,Crystal Palace,9826.0,Crystal Palace,9826.0,185.0,right,27.0,Senegal,42.23301,AM,RW/AM/LW/ST,False,,366.0,0.8499327299145923,0.2921521661024352,0.7647008692687915,0.1082481810855148,0.2556047475508666,0.2459016393,0.5510908471109596,13.21927731378899,0.06073,0.0,0.0,0.6939216024866173,0.2691691785983421,0.579577,0.3345261952476381,0.1910878112712974,2.8685870121015853,1.0880264244426092,0.00573,1.5657066482711044,0.2459016393442623,0.00118,0.96345,0.75,0.3,0.2814896880859042,0.0,0.95,0.66,0.4,Premier League,
247412,f553b2b3,821100,4701087.0,Jørgen Strand Larsen,Jørgen Strand Larsen,Crystal Palace,9826.0,Crystal Palace,9826.0,193.0,right,25.0,Norway,47.96772,ST,ST,False,,27.0,1.0893115720455857,0.2504400232794802,0.7735272660952032,0.0454131933229154,0.119286619237891,0.3497409326,0.4183806421591438,9.402245884037224,0.06922,0.0,0.0,0.465016592920354,0.0559006211180124,0.390117,0.143934300259341,0.1544447770128704,1.4970472440944882,1.182392083262242,0.0044,0.8813976377952755,1.196013289036545,0.00049,0.94223,0.384615,0.1,0.2838672154617036,0.0,0.95,0.66,0.4,Premier League,
599303,ff392864,1443841,,Sean Neave,Sean Neave,Newcastle United,10261.0,Newcastle United,10261.0,184.0,right,18.0,England,0.12,ST,CM/AM/ST/LW,True,Has joined Wolves on loan for the rest of the season,45.0,9.906329960704587,0.0423000007867813,0.8902785673678225,0.0077151602134108,0.2030075187969924,0.7168141593,0.5028453181583032,9.162959130884635,0.11166,0.0,0.0,0.9777547853078116,0.047787610619469,0.0,0.445149017121116,0.0988407565588773,2.0672529746508017,0.3412921348314606,0.00375,1.0615623383341954,1.0714285714285714,0.00136,0.9095,0.5,0.0,0.4190377651319192,0.0,0.95,0.66,0.4,PL2,
174594,0cc5f4a5,861197,4700984.0,Lukas Nmecha,Lukas Nmecha,Leeds United,8463.0,Leeds United,8463.0,185.0,right,27.0,Germany,6.60323,ST,ST,False,,83.0,0.9371838526405599,0.3847472653736805,1.0471798510109969,0.0774864077118082,0.2241379310344827,1.0065237651,0.6201576962632841,10.823623559539053,0.07211,0.0,0.0,0.7175257731958763,0.14295168762409,0.249307,0.2828870779976717,0.0976138828633405,2.1649484536082477,0.609278350515464,0.00504,2.0396927016645323,1.509785647716682,0.00093,0.91741,0.1,0.1,0.3716389244558258,0.0,0.95,0.66,0.4,Premier League,
199670,0562b7f1,637746,,Odsonne Édouard,Odsonne Edouard,,,,,187.0,right,28.0,France,8.68922,ST,AM/ST,True,has joined RC Lens permanently.,19.0,1.1192818893069094,0.3182927205281232,0.9849397590361448,0.0552183261499701,0.0931810067832916,0.45029,0.9781942078364566,12.308758040573974,0.10227,0.0,0.00055,0.8217054263565893,0.1159793814432989,0.48782,0.1982608695652174,0.1607728764126868,2.1109254928165724,0.8144113950565562,0.00439,0.924024640657084,0.7758620689655172,0.00083,0.96021,0.25605,0.0,0.3562592775853538,0.0,0.95,0.66,0.4,,
575034,5c368c88,1398915,,Ethan Wheatley,Ethan Wheatley,,,,,187.0,right,20.0,England,0.08,ST,AM/ST,True,has joined Bradford City on loan for the rest of the season.,5.0,0.5304382594530682,0.1293005225261752,0.4991197183098591,0.0220058082634071,0.0513307984790874,1.6254752852,1.0220070422535208,4.869602032176122,0.13378,0.0,0.00104,0.5466549295774646,0.0256653992395437,0.64222,0.2139084507042253,0.0769961977186311,1.426056338028169,0.3336501901140684,0.00365,0.4363117870722433,2.0532319391634983,0.00155,0.9095,0.3692,0.0,0.0685859441151566,0.0,0.95,0.66,0.4,,
176297,a1d5bd30,696365,,Marcus Rashford,Marcus Rashford,Manchester United,10260.0,Manchester United,10260.0,185.0,right,28.0,England,52.24,LW,RW/LW/ST,False,Unspecified injury - 75% chance of playing,45.0,1.1808004574119446,0.2966341229249403,1.085974986234563,0.1344054710718524,0.2887864823348695,0.8108108108,0.5989144969716038,19.02266333229134,0.06509,0.0,0.0,1.407378274207504,0.4651081033573564,0.510493,0.1879426184855638,0.0950071326676177,2.3772516321875243,0.4731780294934815,0.00502,0.7177124702144559,0.5070422535211268,0.00105,0.92613,0.333333,0.0,0.3502657080337605,0.0,0.95,0.66,0.4,La Liga,
205533,a53649b7,860920,4701086.0,Eddie Nketiah,Edward Nketiah,Crystal Palace,9826.0,Crystal Palace,9826.0,175.0,right,26.0,England,21.379,ST,AM/ST/LW,False,,55.0,0.779338388565308,0.4435200151622944,1.087292817679558,0.0833254236097791,0.2458333333333333,1.7307692308,1.016622591613147,13.97608695652174,0.07715,0.0,0.0,0.8325842696629213,0.1578947368421052,0.636792,0.2919999999999999,0.107484076433121,2.276086956521739,1.1381733021077285,0.00577,1.779775280898876,1.534090909090909,0.00065,0.97535,0.0,0.0,0.3456521739130435,0.0,0.95,0.66,0.4,Premier League,
487117,4596da74,1068482,,Evan Ferguson,Evan Ferguson,Brighton & Hove Albion,10204.0,Brighton & Hove Albion,10204.0,188.0,right,21.0,Ireland,24.33783,ST,RW/ST,True,Ankle injury - Expected back 10 Oct,776.0,1.1424005382046338,0.3214517983106216,1.2326263537906137,0.0639688952941997,0.1722182849043231,0.8118556701,0.8214734724666833,14.109753436613572,0.08919,0.0,0.0,0.6494633477963004,0.104381443298969,0.349288,0.1806569343065693,0.1785241999471039,1.8714815622954395,0.4914675767918088,0.00421,1.1016801221907049,1.2757731958762886,0.00099,0.89724,0.1,0.0,0.3672267073969015,0.0,0.95,0.66,0.4,Serie A,
446008,6afaebf2,923312,4700727.0,Bryan Mbeumo,Bryan Mbeumo,Manchester United,10260.0,Manchester United,10260.0,171.0,left,26.0,Cameroon,66.19987,RW,RWB/RW/AM/ST,False,,90.0,1.2598408621452115,0.3026956191702541,1.0387278789433187,0.2119870534552217,0.3637619829000777,0.8584509729,0.9479447292952116,20.943831751731217,0.05186,0.0,0.0,1.1402923826622209,1.2787894331879968,0.241472,0.3639880429048707,0.0719562005735639,3.813285457809694,0.9296947271045328,0.0055,1.120013904579821,0.8,0.00743,0.96602,0.419355,0.1,0.3924083098230316,0.0,0.95,0.66,0.4,Premier League,
235826,1f0072a6,792540,4700982.0,Joël Piroe,Joel Piroe,Leeds United,8463.0,Leeds United,8463.0,181.0,left,26.0,Netherlands,18.53316,ST,AM/ST,True,Has joined West Ham United on loan for the rest of the season,90.0,1.06570822667474,0.2600495031487213,0.8358972078961407,0.0640614207872977,0.1084177401907759,0.7317073171,0.4684014869888476,12.808883203952014,0.05524,0.0,0.0,0.4482152514872904,0.0454035874439461,0.348837,0.1895777178796047,0.0456920347003154,1.9204667381974247,0.5290909090909092,0.00616,0.2691736993415561,0.4522613065326633,0.00043,0.97442,0.0,0.1,0.288196894848271,0.0,0.95,0.66,0.4,Premier League,
596047,0c9bfc3b,1557220,,Chido Obi,Chido Obi,Manchester United,10260.0,Manchester United,10260.0,188.0,right,18.0,Denmark,6.03093,ST,ST,True,Has joined Willem II on loan for the rest of the season,1214.0,1.2195170915751254,0.3714750185608863,1.077181208053691,0.0142519113142043,0.1134453781512604,0.8154859967,0.5554156171284634,4.87248322147651,0.12561,0.0,0.0,0.5637583892617448,0.0444810543657331,0.0,0.0444810543657331,0.06499,1.5982367758186398,0.3406113537117904,0.00365,0.7147651006711409,1.4827018121911038,0.00149,0.91773,0.307692,0.0,0.4530201342281879,0.0,0.95,0.66,0.4,PL2,
232826,2bd83368,906937,,Anthony Gordon,Anthony Gordon,,,,,182.0,right,24.0,England,49.96566,LW,LM/AM/LW/ST,False,,25.0,0.7387943446454077,0.2670010308752656,0.8448947778643802,0.1442039848794833,0.2989539365021104,1.1278195489,1.3780202650038973,20.256401413914993,0.09505,0.0,9e-05,1.3385057972277918,0.737100737100737,0.20336,0.2293638152347044,0.0737704918032786,3.27286835071989,0.2958459979736575,0.00391,1.834296060005173,0.2267002518891687,0.01715,0.8864,0.166667,0.7,0.2746788516251401,0.0,0.95,0.66,0.4,,
437730,efd2ec23,933576,4700675.0,Antoine Semenyo,Antoine Semenyo,Manchester City,8456.0,Manchester City,8456.0,185.0,right,26.0,Ghana,51.64848,LW,RW/AM/LW/ST,False,Ankle injury - 75% chance of playing,90.0,1.455760333331365,0.2370901520413847,1.0305343511450382,0.1060920301771329,0.2742617933021245,0.5,1.1119809394145677,18.609359442416192,0.08684,0.0,0.0,1.6326825127334466,0.2648523985239853,0.535211,0.3141612012426648,0.190802067381317,3.7551378660729577,0.8197251414713015,0.00418,0.9158823529411766,1.4,0.01124,0.96188,0.72973,0.1,0.3562064387653502,0.0,0.95,0.66,0.4,Premier League,
593174,9fea2579,1413853,4700928.0,Kaye Furo,Kaye Furo,Brentford,9937.0,Brentford,9937.0,,right,18.0,Belgium,4.51043,ST,ST,True,Unspecified injury - Unknown return date,90.0,1.5828830333578896,0.1375603445707283,0.7152317880794701,0.0105764480279506,0.6,0.36665,0.5443548387096774,5.334677419354838,0.11983,0.0,0.00119,0.4172185430463576,0.119205298013245,0.6062,0.1487603305785124,0.2231404958677685,0.7748344370860927,0.9254032258064516,0.00351,0.7152317880794702,0.5,0.00158,0.9095,0.3692,0.0,0.2177419354838709,0.0,0.95,0.66,0.4,,
75115,c596fcb0,184321,4701265.0,Callum Wilson,Callum Wilson,Brentford,9937.0,Brentford,9937.0,180.0,both,33.0,England,6.14384,ST,ST,False,,7.0,1.0465213760720777,0.5384241080873498,1.3121616744857452,0.0593712734833537,0.1895604395604395,0.2896218825,0.4026845637583892,7.531937928545652,0.07083,0.0,0.0,0.7770283291578338,0.0774748923959827,0.647482,0.1500329019521825,0.1693198263386396,1.786056805606787,0.3481624758220503,0.00554,1.2081423069869794,0.8688656476267095,0.0007,0.89544,0.181818,0.25,0.5911223385059543,0.0,0.95,0.66,0.4,Premier League,
91889,4f16405e,276791,,Niclas Füllkrug,Niclas Füllkrug,,,,,188.0,right,32.0,Germany,9.87408,ST,ST,True,has joined AC Milan on loan for the rest of the season.,60.0,1.1810561342789885,0.3043586611911131,0.985744832501782,0.0963396445539049,0.2472278225806451,0.4411764706,0.3210304681694327,15.260405549626467,0.078,0.0,0.00058,0.4753604193971167,0.0901060070671378,0.66553,0.1042739443872296,0.1416781292984869,1.9717162032598272,1.478362028850628,0.00476,1.189877961234745,2.9411764705882355,0.00083,0.91525,0.45005,0.05,0.3649946638207044,0.0,0.95,0.66,0.4,,
116216,38ceb24a,318615,,Leandro Trossard,Leandro Trossard,,,,,175.0,right,31.0,Belgium,21.70735,LW,RW/LW/ST,False,,128.0,1.2773446882030248,0.2457787831327095,0.7820478366030635,0.1623551620727041,0.3255983921067056,1.0588235294,1.035532994923858,23.150597609561753,0.04547,0.0,4e-05,1.1253005610472884,0.6433754367105616,0.25971,0.396309154028869,0.0985761226725082,3.568127490039841,0.4741245739076542,0.00443,1.325450147809729,0.935064935064935,0.00688,0.94227,0.238095,0.0,0.3139442231075697,0.0,0.95,0.66,0.4,,
449988,e7aa9d7c,1050158,,Fábio Soares Silva,Fabio Silva,,,,,185.0,right,23.0,Portugal,31.83227,ST,AM/ST,True,has joined Borussia Dortmund permanently.,805.0,1.0957023467417415,0.2336126684238931,0.8113764421786961,0.0894967887559588,0.2405709342560553,0.7826086957,0.60879914004914,11.358062785081836,0.12597,0.0,0.0006,0.7805876039710222,0.1688591761915031,0.61629,0.1913034095813552,0.0719895287958115,1.960753638960686,0.4589057043073341,0.00446,0.95505768714784,0.8256880733944955,0.00089,0.95774,0.48523,0.0,0.25596994902066,0.0,0.95,0.66,0.4,,
463034,dd897ee7,1113903,4700765.0,Liam Delap,Liam Delap,Nottingham Forest,10203.0,Chelsea,8455.0,186.0,right,22.0,England,48.44918,ST,ST,False,,1102.0,0.9647572602849056,0.2417730889815723,0.865197550138105,0.0459146176045614,0.1214848143982002,0.4083484574,0.3578174186778593,6.786706004859424,0.13746,0.0,0.0,1.1586441081853929,0.054925893635571,0.406504,0.0991983967935871,0.0531496062992126,1.8919202518363063,1.0021321961620469,0.00476,1.3818118708781673,1.624548736462094,0.00062,0.8856,0.25,0.0,0.2332523429364804,0.0,0.95,0.66,0.4,Premier League,
232413,ae4fc6a4,818975,4700633.0,Eberechi Eze,Eberechi Eze,Arsenal,9825.0,Arsenal,9825.0,178.0,right,27.0,England,73.6025,AM,CM/AM/LW/ST,False,,14.0,1.325992357759508,0.2423851415559933,0.9415771548336392,0.1501042466328855,0.2970620239390641,0.9,1.1930287826775812,25.923229535064262,0.04708,0.0,0.0,2.001908562505422,0.7890150514919462,0.047493,0.4283657998272718,0.0881941203919738,4.717445996356381,0.3379224030037547,0.00388,1.7219011472440264,0.8612440191387559,0.00264,0.91243,0.227273,0.0,0.3214008453377037,0.0,0.95,0.66,0.4,Premier League,
494595,e7fcf289,1152455,4700683.0,Florian Wirtz,Florian Wirtz,Liverpool,8650.0,Liverpool,8650.0,175.0,right,22.0,Germany,110.66553,AM,RM/RW/AM/LW/ST,False,,63.0,1.2119180076906004,0.209024605216219,0.8463203463203464,0.2471949620926982,0.4071866067782769,1.7355371901,0.9926470588235292,39.83752371916509,0.05846,0.0,0.0,2.1406926406926408,0.399339344701366,0.075694,0.3090026478375993,0.0791734860883797,4.038187855787476,0.4421895861148198,0.00456,0.9581939799331102,1.5632754342431765,0.00116,0.98068,0.333333,0.0,0.2533206831119544,0.0,0.95,0.66,0.4,Premier League,
576980,6baa90d0,1413864,,Zach Marsh,Zach Marsh,,,,,176.0,right,20.0,England,,ST,AM/RW/ST,False,,1355.0,1.4422542754826742,0.27001,0.7463942307692307,0.07463,0.0398523985239852,0.7306273063,0.4218749999999999,6.457932692307693,0.13141,0.0,0.00101,0.302803738317757,0.0763790664780763,0.71426,0.0398523985239852,0.08565,1.330528846153846,0.0398523985239852,0.00336,0.9757009345794392,1.3948339483394834,0.00154,0.9095,0.3692,0.0,0.3894230769230768,0.0,0.95,0.66,0.4,,
458249,028e70b9,950830,4700731.0,Joshua Zirkzee,Joshua Zirkzee,Manchester United,10260.0,Manchester United,10260.0,193.0,right,24.0,Netherlands,35.85408,ST,RW/AM/ST/LW,False,,608.0,0.9871771057044502,0.2687863374401953,0.8552828494462736,0.0715014933750896,0.2798143851508121,1.3322368421,0.8762562814070353,19.140826099970067,0.07496,0.0,0.0,1.2000000000000002,0.2960526315789473,0.14377,0.2219028891241869,0.1369437172774869,2.825800658485483,0.9696080486271222,0.0046,0.8241299303944317,1.332236842105263,0.00063,0.87149,0.4,0.0,0.2653397186471117,0.0,0.95,0.66,0.4,Premier League,
600882,99965ed0,1561862,,Harry Gray,Harry Gray,,,,,181.0,right,17.0,England,0.8789,ST,ST,True,has joined Rotherham United on loan for the rest of the season.,171.0,2.4463775317409295,0.0995581008535523,0.6436855670103092,0.0415289540873975,0.0978615440376948,2.2222222222,0.6652173913043479,6.019329896907216,0.1323,0.0,0.001,0.6262886597938144,0.2930232558139534,0.6111,0.0611551528878822,0.0554984583761562,1.6005154639175256,0.3016759776536312,0.0033,1.826675257731959,2.0737327188940093,0.0015,0.9095,0.3692,0.0,0.2435567010309278,0.0,0.95,0.66,0.4,,
590760,2093823e,1427857,,Daniel Adu-Adjei,Daniel Adu-Adjei,,,,,177.0,right,20.0,England,0.5502,ST,ST,True,has joined HNK Rijeka permanently.,157.0,1.4067789701552693,0.1625696405912754,0.6147229951935239,0.0168675975937157,0.1856581532416503,1.0996784566,0.6690265486725665,4.560538116591928,0.1323,0.0,0.001,0.3091603053435114,0.1041800643086816,0.6111,0.1941448382126348,0.0984802431610942,1.0649810366624526,0.3681818181818182,0.0033,0.7376675942322287,1.30977130977131,0.0015,0.91773,0.33564,0.0,0.2286995515695067,0.0,0.95,0.66,0.4,,
210156,e5478b87,643717,4701035.0,Taiwo Awoniyi,Taiwo Awoniyi,Coventry City,8669.0,Nottingham Forest,10203.0,183.0,right,28.0,Nigeria,14.26646,ST,ST,False,,20.0,1.0374178437202821,0.4267023078569599,1.0067868008424994,0.0492241823016477,0.1675531914893616,0.3742203742,0.8163667734779396,9.823057529223012,0.05992,0.3846153846153846,0.0,0.651103129810159,0.6,1.093117,0.1955403087478559,0.2144315861130021,3.0062893081761,1.0493273542600896,0.00495,1.2005616662766208,1.1538461538461535,0.00054,0.89306,0.333333,0.25,0.4703185881274353,0.0,0.95,0.66,0.4,Premier League,
586309,52c3244b,1398392,4701001.0,Thierno Barry,Thierno Barry,Everton,8668.0,Everton,8668.0,195.0,right,23.0,France,28.71132,ST,DM/ST,False,,79.0,0.9100556301444488,0.3400110513201553,0.7398921832884097,0.0357662465739148,0.139821795750514,0.2819843342,0.3348392240233856,7.725219239968111,0.05339,0.0,0.0,0.5506738544474393,0.0914835164835164,0.611285,0.1792372881355932,0.0869696512154612,1.217379750199309,0.7674418604651163,0.00434,0.991876523151909,0.6443914081145585,0.00079,0.91091,0.142857,0.1,0.3204889715652405,0.0,0.95,0.66,0.4,Premier League,
444145,48a5a5d6,1021586,4700636.0,Gabriel Martinelli Silva,Gabriel Martinelli,Arsenal,9825.0,Arsenal,9825.0,180.0,right,24.0,Brazil,46.40694,LW,LW/RW/ST,True,Has joined Al Hilal permanently,141.0,1.0094842962284145,0.2894850786264584,0.8980078324536014,0.1794155093061971,0.3185402530717036,1.0065237651,0.8555703802535023,20.117907510659233,0.04265,0.0,0.0,1.554484249023356,0.7764887857695281,0.416281,0.2320300495134027,0.0669237124759019,3.124467038373237,0.4934140263438946,0.0048,0.9255079006772008,0.5625,0.00032,0.89923,0.181818,0.04,0.2966546408658576,0.0,0.95,0.66,0.4,Premier League,
465680,bf4c41f9,1095445,,Arnaud Kalimuendo,Arnaud Kalimuendo-Muinga,Nottingham Forest,10203.0,Nottingham Forest,10203.0,175.0,right,24.0,France,37.60352,ST,AM/ST/LW,False,,1.0,1.3842146187728366,0.2548688646070348,0.8543402594663011,0.0671765090309486,0.1458285451620317,0.29312,0.4334195216548159,12.847709883659991,0.07128,0.00115,0.0,0.7570639818122766,0.0980819529206625,0.381087,0.1397774687065368,0.0639411691387261,1.6903888481291272,0.3294392523364486,0.00469,1.1846851597932706,0.89942,0.00063,0.94043,0.588235,0.0,0.3527932082590924,0.0,0.95,0.66,0.4,Bundesliga,
608181,a497130f,1423616,4700893.0,Stefanos Tzimas,Stefanos Tzimas,Brighton & Hove Albion,10204.0,Brighton & Hove Albion,10204.0,186.0,both,20.0,Greece,27.98689,ST,ST,True,Knee injury - Unknown return date,133.0,1.242597850059588,0.3289600677054892,1.206997084548105,0.0778052524773778,0.1474067333939945,2.030075188,0.6023166023166022,6.21491045397751,0.11775,0.0,0.0,0.8262548262548264,0.031377106333527,0.647482,0.18637,0.4615384615384615,1.9266972094960435,0.1239547466797835,0.00279,1.1042471042471045,2.706766917293233,0.00148,0.82682,0.0,0.1,0.4198250728862974,0.0,0.95,0.66,0.4,Premier League,
441264,4c184730,940446,4701116.0,Brian Brobbey,Brian Brobbey,Sunderland,8472.0,Sunderland,8472.0,180.0,right,23.0,Netherlands,25.66404,ST,ST,False,Hamstring injury - 75% chance of playing,67.0,0.798153690277593,0.402566886257481,0.8489189189189189,0.0947562457514882,0.1915646411322026,0.8,0.2729636048526863,9.268071023324229,0.07524,0.0,0.0,0.3826105533005768,0.4864864864864864,0.373638,0.1093457943925233,0.1025006189650903,1.3303391091740195,0.6113100252737995,0.0058,1.4481508720319396,1.795511221945137,0.00071,0.7644,0.272727,0.1,0.3323702458499685,0.0,0.95,0.66,0.4,Premier League,
440993,5ed97752,965764,4700998.0,Iliman Ndiaye,Iliman Ndiaye,Manchester City,8456.0,Everton,8668.0,180.0,right,25.0,Senegal,43.17175,RW,RW/AM/LW/ST,False,,90.0,0.6277408925763985,0.1734635483541304,0.5542426197773835,0.0883508890578261,0.1837372947615324,0.796460177,1.4759596121484098,19.355877874829716,0.05611,0.0,0.0,2.0597804311242895,0.189454094292804,0.388769,0.4431845500440741,0.1009369676320272,4.748818014263964,0.6413682522715125,0.00326,1.2927718567192883,0.9302325581395348,0.01114,0.93347,0.65625,0.9,0.2084301626732911,0.0,0.95,0.66,0.4,Premier League,
491012,890f108d,1356310,,Youssef Ramalho Chermiti,Youssef Chermiti,,,,,192.0,right,21.0,Portugal,8.82456,ST,ST,True,has joined Rangers permanently.,81.0,0.7834624898512179,0.3235062595081563,0.9336609336609336,0.0460359756292039,0.149650814765547,1.1111111111,0.6411609498680739,8.270143415906128,0.12661,0.0,0.00087,0.8121372031662271,0.038406827880512,0.65157,0.1407387435966567,0.0838044562687063,1.6100263852242744,0.342560553633218,0.00367,0.8501319261213719,2.2222222222222223,0.0013,0.86795,0.44055,0.0,0.2534550195567144,0.0,0.95,0.66,0.4,,
247693,c0b3669f,823825,,Randal Kolo Muani,Randal Kolo Muani,,,,,187.0,right,27.0,France,35.60414,ST,RW/AM/LW/ST,False,,90.0,1.0889477991800927,0.3103405546951572,0.732806324110672,0.1131596178261547,0.2434711324511067,1.5628742515,0.7261414952333166,11.349604743083002,0.04702,0.0,0.00042,1.5358695652173913,0.1937404580152671,0.38981,0.1649716177861873,0.0907995783767504,2.4420948616600793,0.7396486825595985,0.00458,1.4371541501976282,2.0044543429844097,0.00064,0.94552,0.190476,0.0,0.3379446640316206,0.0,0.95,0.66,0.4,,
222683,4c3a6744,794253,4700930.0,Justin Kluivert,Justin Kluivert,AFC Bournemouth,8678.0,AFC Bournemouth,8678.0,175.0,right,26.0,Netherlands,43.30571,AM,CM/AM,True,Unspecified injury - Unknown return date,75.0,1.0122283386087705,0.2441711722764532,0.9046545550987932,0.1089424564802588,0.2086592178770949,0.9463722397,0.9509251810136768,16.6551049680532,0.1154,0.0,0.0,1.1609782316581565,0.590531561461794,0.094538,0.4102976669348351,0.1211926899647322,3.365758247489894,0.6832740213523132,0.00343,1.1182652653984304,1.5100671140939597,0.0011,0.93079,0.0,0.8,0.3356369800495501,0.0,0.95,0.66,0.4,Premier League,
516211,fdbde523,1189856,,Abdallah Sima,Abdallah Sima,,,,,188.0,right,24.0,Senegal,6.7936,LW,LM/RW/AM/LW/ST,True,has joined Lens permanently.,71.0,1.2638360439060183,0.2592593081904115,0.7290167865707434,0.0642581370775901,0.1445165698667577,0.8860759494,0.9117530668777204,11.686584883260782,0.09433,0.0,0.00583,0.6714628297362112,0.2107787810383747,0.32625,0.2032854209445585,0.0816095211107962,2.474079936683815,0.6289752650176679,0.00385,1.031722260040844,1.640625,0.00198,0.89673,0.3454,0.0,0.3276612584091808,0.0,0.95,0.66,0.4,,
493105,7aa8adfe,1203665,4700761.0,Alejandro Garnacho Ferreyra,Alejandro Garnacho,Aston Villa,10252.0,Chelsea,8455.0,180.0,right,21.0,Argentina,55.31467,LW,AM/LW/RW,False,,4.0,0.8096470854784615,0.2825729972640172,0.970183486238532,0.1244065390644518,0.2512715074126177,1.0646687697,0.8696158323632132,21.60378440366972,0.07532,0.0,0.0,1.2879984208448485,0.3057621849672477,0.141956,0.4730504587155964,0.0787348586810228,3.2477064220183487,0.4525765496639282,0.0046,1.5292431192660547,0.638801261829653,0.00837,0.82251,0.285714,0.0,0.2287844036697248,0.0,0.95,0.66,0.4,Premier League,
538207,7b355808,1258092,4700860.0,William Osula,William Osula,Newcastle United,10261.0,Newcastle United,10261.0,192.0,right,22.0,Denmark,19.78806,ST,RW/ST,True,Foot injury - Unknown return date,56.0,1.1624542043797688,0.3240825190371634,1.082798242649544,0.0595708560337574,0.3179487179487179,0.6658446363,0.6194182712003278,5.58213616489694,0.10228,0.0,0.0,0.6709886547811995,0.1593703885882931,0.21978,0.2248958815363257,0.1981809478219243,1.6133666458463465,0.2563291139240506,0.0033,1.1844408427876825,2.6633785450061653,0.00096,0.83877,0.25,0.05,0.382261086820737,0.0,0.95,0.66,0.4,Premier League,
172780,ee38d9c5,493165,4700785.0,James Maddison,James Maddison,Tottenham Hotspur,8586.0,Tottenham Hotspur,8586.0,175.0,right,29.0,England,46.06412,CM,CM/AM,False,,22.0,1.1689529820202431,0.2528091961000891,0.9318056322473772,0.2346381502517928,0.3799273133911098,1.5363436123,1.4688427299703266,39.79471270569193,0.14876,0.0,0.00055,1.4785540868626923,1.027573784120826,0.12896,0.5317504141358366,0.1115933044017358,3.212031292149986,0.842511013215859,0.00401,2.8308605341246293,1.5859030837,0.00619,0.94413,0.39758,0.05,0.3010520636633396,0.0,0.95,0.66,0.4,,
242898,0cd31129,1076756,4701083.0,Brennan Johnson,Brennan Johnson,Everton,8668.0,Crystal Palace,9826.0,186.0,right,24.0,Wales,48.62552,RW,RM/RW/AM/LW/ST,False,,6.0,0.9275994445825562,0.2724847680536695,0.7128712871287128,0.0937410871582369,0.2050447518307567,1.5156794425,1.218212300361775,13.746554100620262,0.07568,0.0,0.0,0.8109924190213644,0.4913482002405848,0.731707,0.252203767282175,0.0733748122720446,2.6671261199172984,0.979383634431456,0.00425,0.8912668903600253,1.867219917012448,0.00111,0.9349,0.263158,0.0,0.2527567195037905,0.0,0.95,0.66,0.4,Premier League,
550615,e6f7797e,1424875,4700986.0,Tyrique George,Tyrique George,Everton,8668.0,Chelsea,8455.0,181.0,right,19.0,England,26.70516,ST,RW/LW/ST,False,,84.0,1.273546142634265,0.1507236050587224,0.6990291262135923,0.1490520396916772,0.4002223457476375,1.7847025496,0.7082268778742973,20.032961706253023,0.08036,0.0,0.0,1.6277712952158692,0.4519230769230768,0.991736,0.4620770128354725,0.03411,2.329617062530295,0.5792610250297974,0.00347,0.667132867132867,0.2884615384615384,0.00104,0.95475,0.0,0.0,0.1919534658264663,0.0,0.95,0.66,0.4,Premier League,
580921,,1665352,,Reigan Heskey,Reigan Heskey,,,,,184.0,right,18.0,England,,LW,RM/LM/LW,False,,1316.0,0.6579271602748941,0.23602,0.8152408339324226,0.17631,0.4658519051042415,1.367781155,0.8540618260244428,20.963335729690865,0.09881,0.0,0.00032,1.8465045592705165,0.4513677811550151,0.22458,0.2329259525521207,0.05074,2.601006470165348,0.0410334346504559,0.00296,0.8152408339324229,1.0258358662613982,0.00261,0.896,0.3326,0.0,0.1552839683680805,0.0,0.95,0.66,0.4,,
437505,a671316d,887703,4701115.0,Wilson Isidor,Wilson Isidor,Sunderland,8472.0,Sunderland,8472.0,180.0,right,25.0,France,18.86923,ST,ST,False,,23.0,1.268194724354998,0.2695369795580273,1.08975,0.0373501219727989,0.1956971928209848,0.4787234043,0.5122478386167146,6.667826086956522,0.10469,0.0,0.0,0.626798418972332,0.2544616001604171,0.772532,0.1415302556556925,0.0438661026301269,1.6152737752161384,0.6563133018230924,0.0048,1.1208124291956627,1.4361702127659572,0.00068,0.90759,0.0,0.1,0.3528853754940712,0.0,0.95,0.66,0.4,Premier League,
660392,87941696,1580704,,Christantus Uche,Christantus Uche,Crystal Palace,9826.0,Getafe,8305.0,190.0,both,22.0,Nigeria,20.78386,ST,LM/AM/ST,True,has returned to Getafe CF,159.0,0.9197736242486161,0.1202020148907318,0.3617539585870889,0.0715947200228953,0.1687499999999999,0.45502,0.7461700210273357,8.402456858730623,0.1114,0.0018,0.0007,0.8162418494368703,0.1169252977264525,0.58868,0.2329130723291307,0.0716655607166556,2.179584673881251,0.4287260916636592,0.00326,1.4214682655747295,1.47727,0.00107,0.94219,0.0,0.0,0.1105586428780345,0.0,0.95,0.66,0.4,,
631786,c7c26e61,1532672,4701057.0,Jonah Kusi-Asare,Jonah Kusi-Asare,Fulham,9879.0,Bayern München,9823.0,196.0,right,18.0,Sweden,9.18383,ST,RW/ST,False,,49.0,3.1947817726406535,0.1343250035175255,0.9106239460370994,0.0130528603081724,0.7826086956521741,0.39883,0.5364238410596027,10.513907284768212,0.14306,0.0,0.0011,1.464114832535885,0.23836,0.51039,1.2,0.07853,1.4304635761589404,0.5521472392638037,0.00288,0.5721854304635762,1.25,0.0016,0.9095,0.0,0.0,0.4291390728476821,0.0,0.95,0.66,0.4,,
451340,74618572,862608,4700870.0,Mitoma Kaoru,Kaoru Mitoma,Brighton & Hove Albion,10204.0,Brighton & Hove Albion,10204.0,178.0,right,28.0,Japan,36.35206,LW,LWB/LM/LW,True,Hamstring injury - Expected back 10 Oct,1721.0,0.9612701635128689,0.2442347405130028,0.7312041979553063,0.1652156101033564,0.2772850340771169,0.94131319,1.216502307065955,24.15597733201403,0.05209,0.0,0.0,1.7324817846541334,0.2542173401333856,0.209181,0.4836695919659821,0.0894920720236495,3.72888369164343,0.498960498960499,0.00412,0.9488171269227308,1.621150493898896,0.00082,0.98143,0.526316,0.0,0.2347755689484573,0.0,0.95,0.66,0.4,Premier League,
461421,e814e1cf,1098752,,Lewis Dobbin,Lewis Dobbin,,,,,175.0,left,23.0,England,1.98748,ST,LM/RW/AM/ST/LW,True,Has joined Preston North End on loan for the rest of the season.,69.0,1.0181413974452622,0.1575407224496961,0.492613901415021,0.0492368321402667,0.1478477854023705,0.7216494845,0.6484274711168164,10.107159039420027,0.08952,0.0,0.00068,1.048708654281831,0.1821989528795811,0.33425,0.1441833716726914,0.054302203567681,2.493656547349343,0.1610260832075878,0.00292,0.8325559701492536,0.5498281787,0.00136,0.75706,0.31628,0.0,0.1603987313094698,0.0,0.95,0.66,0.4,,
490145,21945a9e,1113753,4700808.0,Dane Scarlett,Dane Scarlett,Tottenham Hotspur,8586.0,Tottenham Hotspur,8586.0,180.0,right,21.0,England,2.01476,ST,ST,True,Has joined Leyton Orient permanently,7.0,1.1408753172065247,0.143346466541982,0.4932077801790676,0.0421826313583025,0.2130177514792899,0.31505,0.3376041988267983,4.883792497069167,0.12534,0.00276,0.0,0.5472606863335341,0.0664936102236421,0.173745,0.2789454934093338,0.0725481415136587,1.7677603853100543,0.5242718446601942,0.00254,1.03267878077374,1.26858,0.00144,0.85475,0.0,0.0,0.1635404454865182,0.0,0.95,0.66,0.4,Premiership,
224995,8e16dd48,846369,,Luis Sinisterra Lucumí,Luis Sinisterra,,,,,172.0,right,26.0,Colombia,10.45636,LW,LM/LW,True,has joined Cruzeiro on loan for the rest of the season.,348.0,1.1349902953054816,0.3161499980488504,1.1593121349772877,0.1618917095401892,0.3983790523690773,0.5172413793,1.7690040335091533,23.435463853552587,0.0956,0.0,0.00019,2.2576791808873717,0.2734584450402145,0.28525,0.6934984520123839,0.209016393442623,5.216258144585789,0.8818181818181817,0.0038,0.9359182349123946,1.8103448275862069,0.00159,0.87191,0.33326,0.0,0.3588271796462922,0.0,0.95,0.66,0.4,,
244850,2e5915f1,883080,4700813.0,Morgan Rogers,Morgan Rogers,Chelsea,8455.0,Aston Villa,10252.0,187.0,right,23.0,England,59.57264,AM,RM/LM/RW/AM/LW/ST,False,,82.0,1.3413391561065469,0.1716472326197485,0.6539597018230128,0.1249960815805171,0.3407310704960836,1.3353115727,1.0600132625994694,16.912384716732543,0.10082,0.0,0.0,1.4759552042160735,0.1205965909090909,0.082317,0.2648348080201315,0.1476048480184686,3.130434782608696,0.602709549509858,0.00378,1.1684257140748393,1.0250569476082003,0.00116,0.96743,0.864865,0.0,0.2302371541501976,0.0,0.95,0.66,0.4,Premier League,
533463,2f9e4435,1250253,4700925.0,Dango Ouattara,Dango Ouattara,Brentford,9937.0,Brentford,9937.0,177.0,left,23.0,Burkina Faso,37.78298,RW,RM/RW/LW/ST,False,,67.0,0.7754550050938225,0.2731428792716909,0.7272106520996926,0.1384366484788104,0.3582192568733464,0.9477841158,1.7145701958181214,13.815789473684209,0.05807,0.0,0.0,1.4441591784338896,0.6216577540106951,0.316344,0.925891829689298,0.3101948784023192,4.014762516046213,2.01511746680286,0.00443,1.3247344461305008,3.0,0.00334,0.93689,0.48,0.0,0.2118100128369704,0.0,0.95,0.66,0.4,Premier League,
248857,bf34eebd,1084981,4700639.0,Noni Madueke,Noni Madueke,Arsenal,9825.0,Arsenal,9825.0,176.0,left,23.0,England,49.01655,RW,RW/LW,False,,22.0,1.1481125203173175,0.2555481510037254,1.041962821213778,0.1695920312415631,0.3359278259331328,1.5625,1.1983286908077992,23.135388190267907,0.04748,0.0,0.0,2.440394156560088,0.6402727925340991,0.297275,0.3902511961722489,0.144927536231884,3.2286085292509568,0.4518828451882845,0.00366,1.2201789959446234,0.625,0.00075,0.77284,0.0,0.0,0.2933980317113176,0.0,0.95,0.66,0.4,Premier League,
493250,9dc96f10,1070052,4700726.0,Amad Diallo,Amad,Manchester United,10260.0,Manchester United,10260.0,174.0,left,23.0,Ivory Coast,48.61356,RWB,RWB/RM/RW/AM,True,Unspecified injury - Unknown return date,184.0,1.280681704674197,0.1741068089793167,0.7938251902774368,0.1406432989405956,0.2234736976833483,2.4456521739,1.2845374664388576,28.64667066586683,0.0879,0.0,0.0,1.5732453509298143,0.4250260552371026,0.461341,0.5575323179316524,0.0973972602739726,4.016796640671866,0.9540636042402828,0.00388,1.2723537941034315,0.883105802,0.00163,0.93857,0.62963,0.0,0.2229754049190161,0.0,0.95,0.66,0.4,Premier League,
616288,8dd0d7c5,1680328,,Ryan McAidoo,Ryan McAidoo,Manchester City,8456.0,,,174.0,right,17.0,England,0.02,RW,RM/RW,False,,1028.0,1.5555836306354809,0.1632303723806067,0.5924764890282133,0.1401696457893033,0.3151750972762646,1.9260700389,1.1556420233463034,15.489028213166144,0.1027,0.0,0.00065,1.8620689655172415,0.5501567398119122,0.1961,0.2101167315175096,0.1050583657587548,2.115987460815047,0.1821247892074198,0.00282,0.6374367622259697,2.4513618677042803,0.00287,0.8871,0.3293,0.0,0.2539184952978057,0.0,0.95,0.66,0.4,,
223541,b0f7e36c,784510,4700703.0,Federico Chiesa,Federico Chiesa,Liverpool,8650.0,Liverpool,8650.0,175.0,right,28.0,Italy,20.19744,RW,RW/ST,True,Back injury - Unknown return date,318.0,1.3781212026727576,0.1856707136097965,0.822974292222584,0.1539242607239323,0.458980044345898,2.2641509434,1.2739993491701918,15.912960609911057,0.06764,0.0,0.0,1.388282025819265,1.1678533285866857,0.530973,0.3268581081081081,0.1175647305808257,2.8303684879288435,0.41453760345448,0.00315,1.3355027660266838,3.1132075471698117,0.00143,0.9224,0.0,0.0,0.2558767471410419,0.0,0.95,0.66,0.4,Premier League,
467169,99127249,967622,,Antony dos Santos,Antony,,,,,172.0,left,25.0,Brazil,33.20947,RW,RW,True,has joined Real Betis permanently.,180.0,0.9271684532052493,0.1958787827158137,0.918399578836536,0.1280964190388295,0.2619922630560928,1.4274095161,1.1357508532423208,24.541126279863477,0.10943,0.0,0.00029,1.1226962457337883,0.3473036342321218,0.11676,0.5511539160457931,0.0619667714414009,3.6107508532423207,0.2865481560095516,0.00402,1.2277424483306838,1.206896551724138,0.00122,0.88305,0.34929,0.0,0.1816126279863481,0.0,0.95,0.66,0.4,,
552427,92df535b,1417094,,Will Lankshear,Will Lankshear,,,,,179.0,right,20.0,England,7.03278,ST,AM/LW/ST,True,has joined Oxford United on loan for the rest of the season.,180.0,0.9968316059160852,0.2758000298738885,0.5328265376641328,0.0394049288513354,0.1409774436090225,0.6247830614,0.3585870599429115,6.489893254599137,0.11585,0.0,0.00097,0.1851579720793534,0.0493254637436762,0.75892,0.1725624256837098,0.1002227171492204,1.2376788553259142,0.3617200674536256,0.00321,1.0390295358649793,1.861152141802068,0.00147,0.8873,0.17581,0.0,0.2749261866908926,0.0,0.95,0.66,0.4,,
565431,3a27f1bf,1327325,,Callum Marshall,Callum Marshall,,,,,172.0,left,21.0,Northern Ireland,2.24743,ST,RW/ST,True,has joined VfL Bochum 1848 on loan for the rest of the season.,48.0,1.2273624867027568,0.1919161709642485,0.7428444641668516,0.0662235627523981,0.2229562345169281,0.37636,1.1736472719040072,8.727153762268266,0.12913,0.0,0.00112,0.3964006630357566,0.1894225580140313,0.64375,0.3496402877697842,0.10039,1.7726964002716774,0.7804878048780486,0.00272,0.4591631237413291,3.0937500000000004,0.00159,0.84125,0.30767,0.0,0.2355507088331515,0.0,0.95,0.66,0.4,,
201658,5c0da4a4,789630,4700936.0,Marcus Tavernier,Marcus Tavernier,AFC Bournemouth,8678.0,AFC Bournemouth,8678.0,178.0,left,26.0,England,22.34724,AM,DM/RW/AM/LW,False,,90.0,0.8219217618675031,0.2155101367460721,0.7944273104328405,0.1449474977410016,0.320676984745574,1.3148283419,1.7747814178868642,27.49394290529864,0.07718,0.0,0.0,1.600424403183024,0.9954703465711576,0.13182,0.3875598086124402,0.1715269804822043,5.517749920994417,0.92894280762565,0.00325,1.1839314408141404,0.6323185011709602,0.00258,0.97175,0.483871,0.25,0.2047824712946381,0.0,0.95,0.66,0.4,Premier League,
575204,49a605df,1486264,,Claudio Echeverri,Claudio Echeverri,Manchester City,8456.0,Manchester City,8456.0,170.0,right,20.0,Argentina,19.83054,AM,AM/LW,True,Has joined Benfica on loan for the rest of the season,130.0,0.5601555398275959,0.1501585605287384,0.6644496175590288,0.0991193232003921,0.1883501918381583,0.6923076923,0.6476635514018692,22.071028037383183,0.11541,0.0,0.0,1.8420560747663548,0.7207207207207207,0.144231,0.1598130841121495,0.6230769230769231,2.826168224299065,0.211646136618141,0.00254,1.530841121495327,0.91149,0.00362,0.82009,0.0,0.0,0.0841121495327102,0.0,0.95,0.66,0.4,La Liga,
448047,5ff4ab71,1137705,4700759.0,Enzo Fernández,Enzo Fernández,Manchester City,8456.0,Chelsea,8455.0,178.0,right,25.0,Argentina,81.58111,DM,DM/CM/AM,False,,25.0,0.9417572360466098,0.1719588948938956,0.5876244665718351,0.1784527572852563,0.3090695626651012,1.5,1.782190812720848,51.39349823321555,0.11759,0.0,0.0,0.6228926353149955,0.4747814391392064,0.028892,0.5747043030259052,0.2085103096764228,4.37851590106007,0.5648787002003117,0.00437,1.3026148409893994,1.978021978021978,0.0021,0.95373,0.8,0.1,0.1730035335689046,0.0,0.95,0.66,0.4,Premier League,
222531,32f60ed8,789502,4701026.0,Morgan Gibbs-White,Morgan Gibbs-White,Nottingham Forest,10203.0,Nottingham Forest,10203.0,171.0,right,25.0,England,65.4445,AM,CM/RW/AM/ST,False,,90.0,0.8387558114376217,0.1965583601527451,0.672932071038629,0.1547629433646659,0.3248233895222774,0.578778135,0.8943404049478269,26.14608527399627,0.11481,0.0,0.0,1.0510676525464724,0.798562642526432,0.145302,0.473081814328105,0.1469507714915503,3.95176560016585,0.8362940694178737,0.00398,1.1717227558565406,0.8,0.00712,0.97472,0.571429,0.5,0.220164466864764,0.0,0.95,0.66,0.66,Premier League,
590039,ce7ae86a,1463282,,Divine Mukasa,Divine Mukasa,Manchester City,8456.0,Manchester City,8456.0,180.0,left,18.0,England,0.15,AM,DM/CM/AM/ST,True,has joined West Ham on loan for the rest of the seaon.,20.0,1.0790459778342743,0.1089842531494316,0.4487418452935694,0.1298324311863583,0.4731894150417827,0.57989,0.9242547978766844,24.802368313597384,0.11541,0.0,0.0,0.6956029011786039,1.0063532401524775,0.317647,0.4189122978931897,0.2128218602207041,3.4599836668027764,0.4176882661996497,0.00254,0.7331563903634136,0.7708779443254818,0.00362,0.9021,0.1,0.0,0.1175990200081665,0.0,0.95,0.66,0.4,Championship,
564406,6a021e43,1391052,,Eliezer Mayenda Dossou,Eliezer Mayenda,,,,,180.0,left,20.0,Spain,24.61445,ST,RW/AM/LW/ST,False,,756.0,0.7229263576481776,0.2427540234205883,0.7115594329334788,0.0765220107275517,0.2029259896729776,0.5952380952,0.5421686746987953,5.712596332713261,0.06333,0.0,0.00062,1.2963061387191073,0.1533185840707964,0.28519,0.1551250762660158,0.190364277320799,1.705288333776242,0.6980023501762632,0.00416,1.0142617449664433,0.9473684210526316,0.00082,0.95692,0.125,0.1,0.1865532819558863,0.0,0.95,0.66,0.4,,
596042,,1439550,,Kieran Morrison,Kieran Morrison,,,,,170.0,left,19.0,Northern Ireland,0.14,RW,DM/RM/CM/LM/RW/AM/LW/ST,False,,21.0,3.878236357188478,0.0861396232865891,0.9098360655737704,0.1002230535630347,0.3466666666666667,0.6367924528,0.4851063829787234,13.911621741051702,0.12444,0.0,0.00065,0.6410256410256411,1.5384615384615383,0.30802,0.1787234042553191,0.05901,2.3623508616880247,0.3976069949378739,0.00263,0.2547169811320754,0.547112462006079,0.00282,0.8871,0.3293,0.0,0.3340698188245691,0.0,0.95,0.66,0.4,,
588796,6b15cf32,1473063,,Ismeal Kabia,Ismeal Kabia,,,,,,right,20.0,Netherlands,0.09,RW,RWB/RM/RW/AM/ST,True,has joined Shrewsbury Town on loan for the rest of the season.,3021.0,1.2298925041561282,0.0444620518614492,0.2460759493670886,0.0860858997906458,0.1314268329783997,1.6981132075,0.9706329113924048,8.831392405063292,0.11234,0.0,0.00036,0.6015189873417721,0.3691139240506328,0.31642,0.3493788819875776,0.0536246276067527,2.14632911392405,0.6009771986970684,0.00261,1.0936708860759494,0.9160305343511452,0.00174,0.8871,0.3293,0.0,0.0546835443037974,0.0,0.95,0.66,0.4,,
536241,74c0903d,1290932,,Martin Sherif,Martin Sherif,,,,,193.0,left,19.0,Netherlands,2.76,ST,RW/ST,True,has joined Port Vale on loan for the rest of the season.,1322.0,0.910342915416896,0.1801892661471229,0.5495251017639078,0.0217979399723012,0.23533,1.3615733737,0.8059701492537312,3.37910085054678,0.13378,0.0,0.00077,0.1913536498936924,0.0816944024205748,0.65447,0.1633888048411497,0.1225416036308623,1.2289156626506026,0.989260897030954,0.00255,0.8201701093560145,1.70196671709531,0.00148,0.9095,0.3692,0.0,0.1640340218712029,0.0,0.95,0.66,0.4,,
460842,b62878a5,891743,4700801.0,Mohammed Kudus,Mohammed Kudus,Tottenham Hotspur,8586.0,Tottenham Hotspur,8586.0,175.0,left,25.0,Ghana,65.49913,RW,RM/CM/RW/AM/LW/ST,False,,1545.0,1.129927124769771,0.2235508125454162,0.6853774908784733,0.118168006444869,0.182482887367766,1.6893203883,1.4889612227568645,20.764243614931235,0.06348,0.0,0.0,3.119303707896972,0.7476673020969199,0.586319,0.2749685777820748,0.0505085934759733,5.119702497895031,0.2974869821145574,0.00331,1.6944990176817287,1.3398058252427183,0.00327,0.91767,0.421053,0.0,0.2525961268593882,0.0,0.95,0.66,0.4,Premier League,
482973,dbe24cce,1082102,4701036.0,Igor Jesus Maciel da Cruz,Igor Jesus,Nottingham Forest,10203.0,Nottingham Forest,10203.0,180.0,right,24.0,Brazil,24.77188,ST,ST,False,,90.0,1.017330320524845,0.292993273963774,1.0464381799040825,0.0588449094472192,0.2063143445435827,0.9334485739,0.5677057963955189,11.653457292271934,0.04148,0.0,0.0,0.5118541866520487,0.1099968661861485,0.430809,0.1488970588235293,0.2084468664850136,2.007911392405063,0.8513319508693572,0.00353,1.6485960860581013,2.4609375,0.00086,0.89622,0.178571,0.35,0.3367809413131899,0.0,0.95,0.66,0.4,Premier League,
611922,022eca88,1597668,4700700.0,Rio Ngumoha,Rio Ngumoha,Liverpool,8650.0,Liverpool,8650.0,170.0,right,17.0,England,26.21398,LW,LM/LW,False,,63.0,1.21811030915398,0.1470909868562253,0.8989298454221164,0.1875233292417274,0.5200642054574639,0.6533575318,0.6277097078228087,21.25267993874426,0.10412,0.0,0.0,3.197549770290964,0.9502538071065988,0.0,0.4900181488203267,0.1633393829401088,2.3192868719611024,0.5529953917050692,0.00235,1.6337115072933548,1.8,0.00246,0.90545,0.2,0.0,0.1791730474732006,0.0,0.95,0.66,0.4,Premier League,
200617,c931d9f9,717176,4700980.0,Daniel James,Daniel James,Leeds United,8463.0,Leeds United,8463.0,170.0,right,28.0,Wales,16.23155,RW,LM/RW/AM,False,,71.0,1.1278519363865525,0.226248604875601,0.7279707768003578,0.1655316184959768,0.3362183754993342,1.1392405063,0.8466135458167331,11.684256559766764,0.08963,0.0,0.0,0.6914515381048075,0.976877761413844,0.161002,0.1689373297002725,0.0627272727272727,2.4006262114209043,0.3579854809437386,0.00422,1.0969882212613689,2.535211267605634,0.00099,0.87374,0.0,0.0,0.2551749271137026,0.0,0.95,0.66,0.4,Premier League,
153682,c6dc9ecd,494417,4701197.0,Harry Wilson,Harry Wilson,Leeds United,8463.0,Fulham,9879.0,173.0,left,28.0,Wales,14.78314,RW,RM/CM/RW/AM/LW/ST,True,Thigh injury - Unknown return date,66.0,1.2648023982467202,0.2007277956519497,0.8053583389149364,0.1256521028123702,0.2464675892206846,0.9698996656,1.2118949536560246,22.66387514274838,0.05319,0.0,0.0,0.7436266178585436,0.7760913364674279,0.43771,0.5373487638085219,0.1303977272727272,3.4191092500951656,1.084042191221504,0.00383,1.6755567063697565,1.8493150684931503,0.00088,0.94798,0.25,0.1,0.2649409973353636,0.0,0.95,0.66,0.5,Premier League,
485337,b73f17f8,1087966,4700831.0,Evann Guessand,Evann Guessand,Crystal Palace,9826.0,Aston Villa,10252.0,185.0,right,24.0,Ivory Coast,36.71253,RW,RW/AM/LW/ST,False,,27.0,1.0771702817295394,0.2165331000450662,0.7577595433464147,0.0817548183377888,0.2030471725754468,2.3580786026,1.2277064436329368,11.263517493226528,0.05977,0.0,0.0,1.4477763659466327,0.1710923355461677,0.098039,0.4982919071739899,0.1033076574535568,3.008834962893155,0.5025895068678226,0.00355,1.579691365296266,1.4737991266,0.00187,0.87007,0.111111,0.0,0.2332430203793145,0.0,0.95,0.66,0.4,Premier League,
184341,9674002f,750032,4700729.0,Mason Mount,Mason Mount,Manchester United,10260.0,Manchester United,10260.0,181.0,right,27.0,England,33.8309,AM,RW/AM/ST,False,,1018.0,1.0643449982145123,0.1650425557279068,0.572944297082228,0.1197237758961237,0.144177449168207,2.1218074656,2.065335753176043,27.8550089623581,0.08052,0.0,0.0,0.6329331046312178,0.6097770154373927,0.0,0.6233433091064557,0.2034856335374469,4.236147491436632,0.7145359019264448,0.00324,1.293082275890299,1.2328767123287672,0.00152,0.88315,0.25,0.0,0.1756622186815375,0.0,0.95,0.66,0.4,Premier League,
235674,886f9aac,822237,,Manor Solomon,Manor Solomon,,,,,167.0,both,26.0,Israel,15.40529,LW,LM/LW,True,has joined Fiorentina on loan for the rest of the season.,179.0,1.5144533039650723,0.1571984454525805,0.5678284182305631,0.1888975352728015,0.4046093427035966,0.6164383562,1.142764257848783,21.558176943699735,0.1027,0.0,0.00029,2.028418230563003,0.8375000000000001,0.27527,0.3402711476035898,0.1509584664536741,3.5139410187667557,0.1155243400339065,0.0031,1.0390894249954652,0.8477237048665619,0.00886,0.94032,0.24402,0.0,0.2380697050938337,0.0,0.95,0.66,0.4,,
424876,934e1968,846005,4700689.0,Dominik Szoboszlai,Dominik Szoboszlai,Liverpool,8650.0,Liverpool,8650.0,185.0,right,25.0,Hungary,79.06933,AM,RB/DM/RM/CM/RW/AM/LW,False,,90.0,0.8724756228598957,0.1552405431598787,0.7338720448777882,0.1946849970433169,0.3857415658816041,1.5589236004,1.274809670094831,41.224182701910905,0.04991,0.0,0.0,0.8822225208277346,1.2147944101048107,0.05571,0.5451038776476957,0.1718442188210335,4.884413076769426,0.9625782080037776,0.00305,0.8676250170322932,2.0408163265306123,0.01201,0.96266,0.944444,0.52,0.1929555895865237,0.0,0.95,0.66,0.4,Premier League,
247632,7ba2eaa9,843040,4700764.0,Pedro Lomba Neto,Pedro Neto,Chelsea,8455.0,Chelsea,8455.0,172.0,left,25.0,Portugal,66.49481,RW,RW/LW/ST,False,,14.0,1.0862776163052865,0.1450963595175872,0.5680810639645345,0.2031069334332716,0.4010433648516465,1.0227272727,0.7021956938819017,25.674345877202125,0.09124,0.0,0.0,1.5949129573647451,1.3941415615553006,0.205245,0.3342329698801684,0.0757257046697517,3.3042843740227243,0.3164338408413122,0.00323,0.9764952780692552,1.3392857142857142,0.00088,0.91836,0.533333,0.0,0.1576149275513395,0.0,0.95,0.66,0.4,Premier League,
510281,fe6e7156,1174337,4700649.0,Sávio Moreira de Oliveira,Savinho,Tottenham Hotspur,8586.0,Manchester City,8456.0,176.0,left,21.0,Brazil,65.70151,RW,RW/LW/ST,False,,19.0,0.7433568811990063,0.1775553855874758,0.7027566421354621,0.2090787940696863,0.3657111049262455,0.9866017052,0.9180490220351571,21.80165885322755,0.06055,0.0,0.0,2.139920663541291,0.6707536963577352,0.432173,0.3643449836560219,0.1342615614122327,3.3234763793725213,0.5210343496719413,0.0031,1.259285971871619,1.4937759336099583,0.00106,0.90202,0.428571,0.0,0.131987017670393,0.0,0.95,0.66,0.4,Premier League,
623110,b6aabcf8,1656881,,Seung-Soo Park,Park Seung-Soo,,,,,183.0,right,18.0,Korea Republic,0.2,LW,LWB/CM/AM/LW/RW,False,,66.0,0.27750151816455515,0.18994,0.2635431918008784,0.13868,0.1618705035971223,2.2518765638,1.159590043923865,13.361639824304536,0.11158,0.0,0.00041,1.2650073206442167,0.2898975109809663,0.3208,0.4742041712403951,0.07395,2.292825768667643,0.170886075949367,0.00239,1.0805270863836016,0.9758131776,0.00281,0.896,0.3326,0.0,0.0527086383601756,0.0,0.95,0.66,0.4,,
433036,afb61630,868344,4700664.0,Tijjani Reijnders,Tijjani Reijnders,Manchester City,8456.0,Manchester City,8456.0,185.0,right,27.0,Netherlands,74.38915,AM,DM/CM/AM,True,Has joined Al Qadsiah permanently,123.0,1.0681854703379303,0.1371359119353263,0.531851993133702,0.1080443330442762,0.1707552064033202,0.5501222494,0.7740838685304117,33.96930487344163,0.0468,0.0,0.0,0.9081035134114092,0.3820475752398476,0.220723,0.7080668650668016,0.1887560901339829,3.2683226293917653,0.6185773861043357,0.00322,0.4736537720087392,0.4580152671755725,0.00337,0.96429,0.315789,0.0,0.1464865885908575,0.0,0.95,0.66,0.4,Premier League,
624773,2eda11b1,1580774,4700755.0,Estêvão Almeida de Oliveira Gonçalves,Estevao,Chelsea,8455.0,Chelsea,8455.0,176.0,left,18.0,Brazil,76.15612,RW,RWB/RM/RW/AM/LW/ST,False,,7.0,1.1391767590898327,0.286066209056974,0.9863375936535916,0.1665349259781704,0.3156914480831911,1.1715976331,0.8747787610619469,18.079197922677437,0.08871,0.0,0.0,2.491488747836122,0.8244373918061165,0.636792,0.2606573381060852,0.0383159886471144,3.517166762839008,0.2549286199864038,0.00335,1.199653779572995,1.2781065088757395,0.0025,0.74094,0.0,0.0,0.3258799769186382,0.0,0.95,0.66,0.4,Premier League,
424044,570bb4b9,875672,,Hamed Traorè,Hamed Traorè,,,,,184.0,right,25.0,Ivory Coast,22.33135,LM,DM/CM/LM/AM/LW,True,has joined Marseille on loan for the rest of the season.,16.0,0.8690295569112966,0.2358452159265699,0.8326817826426895,0.1108182385334295,0.1848648648648649,0.75679,1.4736241150947704,19.5914266577361,0.14135,0.00177,0.00046,1.2471369674759507,0.6350210970464135,0.18917,0.3657066309444072,0.2326332794830371,3.924313462826525,0.2964071856287425,0.00357,1.136560858643526,1.15788,0.00431,0.89124,0.24976,0.0,0.2049564634963161,0.0,0.95,0.66,0.4,,
200641,c5bdb6e3,748382,4700617.0,Reiss Nelson,Reiss Nelson,Arsenal,9825.0,Arsenal,9825.0,175.0,right,26.0,England,16.52544,LW,LW,True,has departed the club as a free agent.,118.0,0.779488315691418,0.1772417776580704,0.8651162790697673,0.1439398521630975,0.3880239520958083,0.72886,1.601845748187212,29.654605263157897,0.07419,0.00122,0.00033,1.5017261219792863,1.213093709884467,0.21065,0.6063630692451651,0.414985590778098,4.0855263157894735,0.4982698961937717,0.00282,1.2664359861591696,0.75572,0.00225,0.89277,0.0,0.0,0.1381578947368421,0.0,0.95,0.66,0.4,,
215711,3a233281,671331,4700835.0,Leon Bailey,Leon Bailey,Aston Villa,10252.0,Aston Villa,10252.0,181.0,left,28.0,Jamaica,18.01622,RW,DM/RM/RW/AM/LW/ST,True,Has joined Olympiakos permanently,452.0,0.9966828791320134,0.1885823901221589,0.5964891330308096,0.2247513624818085,0.3525145067698259,1.9911504425,0.6988636363636365,17.495649147232857,0.09026,0.0,0.0,1.7317784256559765,0.7299012693935117,0.196078,0.3186735984263033,0.0434153400868306,3.667246780368952,0.563265306122449,0.00333,1.0443148688046646,1.1946902654867255,0.00105,0.87711,0.333333,0.0,0.1879568395405499,0.0,0.95,0.66,0.4,Premier League,
59859,819b3158,178818,,İlkay Gündoğan,Ilkay Gündogan,,,,,180.0,right,35.0,Germany,2.85148,DM,DM/CM/AM,True,has joined Galatasaray permanently.,6.0,0.8029955921558661,0.1375545669216182,0.388793238378463,0.1517071825175151,0.2141180153388636,1.4254859611,0.7547631800443798,44.17843752391155,0.08314,0.0,0.00067,0.572174447174447,0.4911535739561218,0.08043,0.5076380728554643,0.1168072680077871,3.907414492310046,0.6126482213438735,0.00386,0.7905405405405408,1.0367170626,0.00343,0.9217,0.64384,0.01,0.1115617109189685,0.0,0.95,0.66,0.4,,
511499,829aa60c,1288111,4700805.0,Mathys Tel,Mathys Tel,Tottenham Hotspur,8586.0,Tottenham Hotspur,8586.0,183.0,right,20.0,France,49.60011,LW,LW/RW/ST,False,,90.0,1.398674907277411,0.2260668007472426,0.9974011509188792,0.1520756689776952,0.3972078360729565,1.2742175857,0.9982486865148862,19.78023787740165,0.08667,0.0,0.0,2.2932855526216525,1.0309653916211294,0.200148,0.4178647183596512,0.1323529411764706,3.5440073193046664,0.7345657481688177,0.00261,1.2877057115198454,1.38996138996139,0.01627,0.94179,0.230769,0.0,0.3161939615736505,0.0,0.95,0.66,0.66,Premier League,
647850,816010c4,1561249,4700894.0,Charalampos Kostoulas,Charalampos Kostoulas,Brighton & Hove Albion,10204.0,Brighton & Hove Albion,10204.0,185.0,right,18.0,Greece,31.55173,AM,AM/ST,False,,26.0,1.7462465396895719,0.1752489203302163,1.046077210460772,0.0663094703930538,0.273972602739726,2.8045325779,1.616121308858739,13.806027820710971,0.11708,0.0,0.0,1.13487629688747,0.2858823529411765,0.97561,0.4688372093023256,0.0667490729295426,3.4775888717156103,0.6200956937799043,0.0033,1.6831530139103554,1.2640449438202246,0.00397,0.93473,0.0,0.0,0.3060278207109737,0.0,0.95,0.66,0.4,Premier League,
435997,ca607d59,915797,4700972.0,Noah Okafor,Noah Okafor,Leeds United,8463.0,Leeds United,8463.0,185.0,right,25.0,Switzerland,17.3844,LW,AM/LW/ST,False,,24.0,1.5322659993039183,0.2535390126842059,0.915487571701721,0.1138349099009487,0.267426273458445,1.3201530612,0.9368094591975188,12.536247924737133,0.0361,0.0,0.0,1.897620365246264,0.4889097744360902,0.0,0.4457429048414023,0.073277115440535,2.585160202360877,0.820179007323027,0.00307,0.8796992481203008,0.594059405940594,0.0017,0.89209,0.052632,0.0,0.3884892086330936,0.0,0.95,0.66,0.4,Premier League,
111317,dc4cae05,674014,4700954.0,David Brooks,David Brooks,AFC Bournemouth,8678.0,AFC Bournemouth,8678.0,173.0,left,28.0,Wales,14.26616,RW,DM/RM/LM/RW/AM/LW/ST,False,,1199.0,0.5443209485527587,0.2841781053472968,0.8849000740192452,0.2346623842492861,0.5116653258246178,1.4261884904,1.2300918836140888,24.518518518518523,0.07342,0.0,0.0,1.1058475203552924,0.9256878374903574,0.149502,0.3856460599628548,0.1605405405405405,3.5980392156862746,0.9946091644204852,0.00391,1.1255819968960166,0.8256880733944955,0.00118,0.89565,0.0,0.0,0.1546840958605664,0.0,0.95,0.66,0.4,Premier League,
168636,f8eca1b6,464486,4700956.0,Enes Ünal,Enes Ünal,AFC Bournemouth,8678.0,AFC Bournemouth,8678.0,185.0,right,28.0,Turkiye,10.75764,ST,ST,True,Has joined Getafe permanently,135.0,1.154324263869056,0.2310943937390308,0.902542372881356,0.0380551616846623,0.1717466207262125,0.52604,0.5867237687366167,9.04514363885089,0.1692,0.0,0.00076,0.4007421150278293,0.0737503414367659,0.30539,0.1253405994550408,0.1030444964871194,1.820317899101589,0.8669724770642202,0.00345,1.4993116108306563,1.6666666666666663,0.00359,0.91069,0.0,0.0,0.2667578659370725,0.0,0.95,0.66,0.4,,
184029,79300479,534670,4700628.0,Martin Ødegaard,Martin Ødegaard,Arsenal,9825.0,Arsenal,9825.0,176.0,left,27.0,Norway,76.32976,CM,RM/CM/RW,False,,76.0,1.218484600269191,0.1776788490644102,0.6693814829043412,0.2484154582755826,0.4265863825845299,1.1464968153,1.047102832277273,41.02591292659248,0.0578,0.0,0.0,0.9812030075187972,0.6387489662431395,0.131483,0.318000488480013,0.086524595417401,4.009708012844448,0.3094841930116472,0.00292,0.8051676499141214,0.4712041884816754,0.0055,0.92898,0.4375,0.06,0.2231349413785378,0.0,0.95,0.66,0.4,Premier League,
429414,15f24fe7,858198,,Saša Kalajdžić,Sasa Kalajdzic,,,,,200.0,right,28.0,Austria,2.34377,,ST,True,has joined LASK on loan for the rest of the season.,76.0,1.0269910108256428,0.3397692835884434,0.9117221418234442,0.1311922158609862,0.4513274336283185,1.1842105263,1.031548480463097,15.392571428571433,0.15925,0.0,0.00176,0.9379947229551452,0.147094430992736,0.07687,0.3114854517611026,0.147094430992736,2.4377142857142857,1.4646226415094343,0.00369,1.5557142857142858,2.3684210526315788,0.00664,0.90098,0.49758,0.1,0.36,0.0,0.95,0.66,0.4,,
514254,916728da,1354561,4700874.0,Diego Gómez Amarilla,Diego Gomez,Brighton & Hove Albion,10204.0,Brighton & Hove Albion,10204.0,183.0,right,22.0,Paraguay,1.57,DM,DM/RM/CM/RW/AM/LW,False,,86.0,1.0310110152855017,0.1739095984606536,0.5673858223592044,0.1205436488297459,0.2988978692138134,3.2247557003,2.3732706142778084,22.507470946319867,0.06867,0.0,0.0,0.8688741721854305,0.3073541842772612,0.042453,0.7792098627066405,0.1300160513643659,4.061704482567792,0.9014251781472684,0.00409,0.6130829221709375,1.2385321100917432,0.0061,0.94042,0.076923,0.0,0.1793027116768124,0.0,0.95,0.66,0.4,Premier League,
474120,9cfbad36,1073742,,Julio Enciso Espínola,Julio Enciso,Ipswich Town,9902.0,,,173.0,right,22.0,Paraguay,24.13725,AM,AM/LW/ST,False,,71.0,0.7112316916970125,0.290453809222758,1.1996271555072238,0.1625170893319379,0.3846410684474124,1.1627906977,0.8676358071920428,18.48201989288447,0.11749,0.0,0.00046,2.2666872682323858,0.6664082186470246,0.1355,0.3320476270333725,0.0639053254437869,3.051874521805662,0.4117905851297844,0.00287,1.4783180026281213,0.4337349397590362,0.00281,0.7948,0.16728,0.0,0.2065799540933435,0.0,0.95,0.66,0.4,,
488024,540ec57b,1047676,4701081.0,Yéremy Pino Santos,Yéremi Pino,Crystal Palace,9826.0,Crystal Palace,9826.0,172.0,right,23.0,Spain,41.88708,AM,RM/LM/AM/LW/RW,False,,35.0,0.5624887453828633,0.1573353412432479,0.4044285249104526,0.151097184750049,0.4106463878326996,1.5494978479,1.4986696230598668,17.932663531423685,0.09848,0.0,0.0,0.8490003313818625,0.4100844223430091,0.432692,0.3445833794400796,0.0877513711151736,2.9435656263360412,0.6284605889613823,0.00344,1.0042749095692207,1.4469453376205788,0.0017,0.86798,0.153846,0.0,0.0884993587002992,0.0,0.95,0.66,0.4,Premier League,
195384,d080ed5e,574645,4700629.0,Mikel Merino Zazón,Mikel Merino,Arsenal,9825.0,Arsenal,9825.0,187.0,left,29.0,Spain,43.38308,CM,DM/CM/AM/ST,False,,14.0,1.094158658121974,0.1478192982182284,0.460353982300885,0.084670261573334,0.1797385620915032,1.3989637306,1.719164072921298,22.610311436796646,0.10012,0.0,0.0,0.4870927541392202,0.144101718860372,0.260618,0.5498135322322856,0.231809401159047,4.225812115891133,1.175446234218546,0.0034,1.1808427113321118,2.7979274611398965,0.00112,0.92743,0.5,0.0,0.1617377649829887,0.0,0.95,0.66,0.4,Premier League,
433952,cc9256ef,1077915,,Largie Ramazani,Largie Ramazani,,,,,167.0,right,24.0,Belgium,7.3709,LW,RM/LW,True,has joined Valencia on loan for the rest of the season.,1224.0,1.0774709369236446,0.1870158558085293,0.7422199170124482,0.0825960773609586,0.1983133841131664,1.0294117647,0.7391078838174274,9.185943983402488,0.10798,0.0,0.00032,1.086456102783726,0.2218658357771261,0.35596,0.7084860703812317,0.0692307692307692,2.3620331950207465,0.3372093023255814,0.00289,0.7484439834024896,1.7088607594936709,0.00213,0.87187,0.22196,0.0,0.2015041493775933,0.0,0.95,0.66,0.4,,
493362,da4d670f,1173787,4700794.0,Xavi Simons,Xavi Simons,Tottenham Hotspur,8586.0,Tottenham Hotspur,8586.0,179.0,right,22.0,Netherlands,79.00622,AM,CM/LM/RW/AM/LW/ST,True,Knee injury - Unknown return date,1757.0,1.3360903243224285,0.1890932109160238,0.7672618040277542,0.1837462286349259,0.3628366547152505,1.7416050085,1.0668087548159686,27.379877211406416,0.08759,0.0512236767216846,0.0,1.6147253285446086,0.5731543059180064,0.0,0.4423251215292083,0.0890327308255984,4.100856288876322,0.3496540713145289,0.00301,1.9353744244284672,1.0756972111553784,0.00193,0.96483,0.526316,0.0,0.2526456094999596,0.0,0.95,0.66,0.4,Premier League,
577731,cdf9e86a,1407239,,Ben Broggio,Ben Broggio,,,,,181.0,right,18.0,England,0.07,LW,RM/RW/LW,True,has joined Falkirk on loan for the rest of the season.,65.0,1.5823399962143065,0.1287191824105407,0.5091937765205091,0.1044770356568061,0.2618816682832202,0.9347181009,0.7383309759547383,14.053748231966054,0.11506,0.0,0.00034,0.9165487977369168,0.2821316614420062,0.25018,0.2443438914027149,0.0711,2.444130127298444,0.5236737022247575,0.00219,0.9929278642149928,0.6766917293233082,0.00352,0.896,0.3326,0.0,0.2036775106082036,0.0,0.95,0.66,0.4,,
537403,91c75917,1362972,,Kadan Young,Kadan Young,,,,,176.0,right,20.0,England,0.51841,LW,LM/RW/LW/ST,True,has joined Reading on loan for the rest of the season.,116.0,1.5911773507559583,0.123183791822457,0.4840637450199203,0.0611931990390106,0.2465753424657533,2.1176470588,0.5378486055776892,8.036297640653357,0.11506,0.0,0.00034,0.833030852994555,0.2689243027888446,0.25018,0.2225274725274725,0.1956521739130435,1.715063520871143,0.4900181488203265,0.00219,0.73502722323049,1.653543307086614,0.00352,0.90545,0.30236,0.0,0.1960072595281306,0.0,0.95,0.66,0.4,,
576620,e8a55b80,1607328,,Bendito Mantato,Bendito Mantato,Manchester United,10260.0,Manchester United,10260.0,180.0,left,17.0,England,0.02,RW,LB/RW/LW,False,,15.0,0.27431978219009245,0.17405,0.5118483412322274,0.14219,0.45643,0.98012,1.336870026525199,15.755968169761276,0.13894,0.0,0.0,0.685472496473907,0.3,0.0,0.3199052132701421,0.2041587901701323,1.6710875331564987,1.125,0.00221,0.6684350132625995,1.06291,0.00352,0.8871,0.5,0.0,0.0477453580901856,0.0,0.95,0.66,0.4,PL2,
576628,3160e952,1436260,,Shea Lacey,Shea Lacey,Manchester United,10260.0,Manchester United,10260.0,167.0,left,18.0,England,0.63,RW,RW,False,,10.0,22.15938967562428,0.0262636359442364,1.4549653579676671,0.0036791674369438,0.3222506393861892,0.98012,1.13317191283293,18.290993071593533,0.13894,0.00323,0.0,1.2886836027713626,0.8286445012787723,0.0,0.3861082737487231,0.06227,2.369515011547344,0.1654749744637385,0.00221,1.330254041570439,1.06291,0.00352,0.8871,0.545455,0.0,0.5819861431870669,0.0,0.95,0.66,0.4,PL2,
499175,7f94982c,1254234,4700631.0,Ethan Nwaneri,Ethan Nwaneri,Arsenal,9825.0,Arsenal,9825.0,176.0,left,18.0,England,59.75521,RW,CM/RW/AM/LW,True,Has joined Borussia Dortmund on loan for the rest of the season,165.0,2.492475004286079,0.1428202584665768,0.9344716197508076,0.1651057766098609,0.2336217552533992,0.50279,1.0408426483233018,25.33619948409287,0.05589,0.0,0.00023,2.1612760301284895,1.1214209968186637,0.27266,0.4854060913705583,0.2347242921013413,3.1573516766981946,0.5118483412322274,0.00235,0.4411764705882352,0.4864864864864865,0.0011,0.77536,0.19283,0.0,0.3559759243336199,0.0,0.95,0.66,0.4,,
463936,10745192,1113692,4700757.0,Jamie Bynoe-Gittens,Jamie Gittens,Chelsea,8455.0,Chelsea,8455.0,175.0,right,21.0,England,62.7544,LW,RM/LM/RW/AM/LW,False,Ankle injury - 75% chance of playing,490.0,1.3222610892385773,0.1640675018104169,0.8480055020632737,0.1674306980759194,0.2588126159554731,1.4693877551,1.1388748099341106,17.338634081017744,0.06864,0.0,0.0,2.7765316370940742,0.3386798272671191,0.363636,0.3347993402968664,0.1627906976744186,2.77050552393706,0.429708222811671,0.00208,1.58938734516237,1.6363636363636362,0.00168,0.7759,0.2,0.0,0.2169400736524941,0.0,0.95,0.66,0.4,Premier League,
556637,febb2831,1526697,,Nehemiah Oriola,Nehemiah Oriola,Brighton & Hove Albion,10204.0,Brighton & Hove Albion,10204.0,,right,18.0,England,0.02,RW,LWB/RM/RW/LW/ST,False,,72.0,1.1249521895319445,0.17022,0.5934065934065933,0.13864,0.2658788774002954,0.86035,0.7420212765957447,11.992021276595745,0.1522,0.0,0.0,0.8159340659340658,0.4428498206048179,0.0,0.4743777452415812,0.0905533817775293,2.0106382978723407,0.2205206738131699,0.00216,1.6037234042553192,1.17517,0.00359,0.8871,0.75,0.0,0.1914893617021276,0.0,0.95,0.66,0.4,PL2,
449434,2fba6108,1050166,4700857.0,Anthony Elanga,Anthony Elanga,Newcastle United,10261.0,Newcastle United,10261.0,178.0,right,23.0,Sweden,48.34169,RW,LM/RW/LW/ST,True,Unspecified injury - Unknown return date,76.0,0.8899215132781951,0.1771315040064633,0.7203568331061826,0.153477137064969,0.3732773329833311,0.959634425,0.9004424778761062,17.63147928994083,0.02983,0.0,0.0,0.9628008752735228,0.8853188334157192,0.136467,0.2602892102335929,0.0598006644518272,2.8629585798816573,0.5863917525773195,0.00276,1.30792899408284,1.1489361702127658,0.00737,0.85509,0.142857,0.0,0.1576331360946745,0.0,0.95,0.66,0.4,Premier League,
597320,d8a7e52c,1446616,,Harry Howell,Harry Howell,Brighton & Hove Albion,10204.0,Brighton & Hove Albion,10204.0,180.0,left,17.0,England,0.33,RW,RM/CM/RW/AM,True,Has joined Leicester City on loan for the rest of the season,49.0,0.5847460712854192,0.1536568674784135,0.4126074498567336,0.0837256892141207,0.4426229508196722,0.9677419355,1.0437109723461195,17.311148086522465,0.1522,0.0,0.00088,1.3421052631578947,0.76056338028169,0.23812,0.5901639344262296,0.1722488038277511,2.4259567387687184,0.6289517470881864,0.00216,1.8286852589641431,1.17517,0.00359,0.89736,0.25,0.0,0.0898502495840266,0.0,0.95,0.66,0.4,PL2,
195546,66b76d44,610184,4700825.0,Emiliano Buendía Stati,Emiliano Buendia,Aston Villa,10252.0,Aston Villa,10252.0,170.0,right,29.0,Argentina,15.14943,LW,CM/LM/AM/LW,False,,86.0,0.7496929189781895,0.1981619146459617,0.5790645879732739,0.1469664528901029,0.3316048034934498,2.5071063104,1.9423053711526856,27.34047647551778,0.03773,0.0,0.0,1.0292079207920792,0.1667832167832167,0.051282,0.6257242178447276,0.1409340659340659,4.7472764276307915,0.7066007560337308,0.00294,1.8025858972824131,1.113861386138614,0.00118,0.83561,0.142857,0.8,0.2370405842212379,0.0,0.95,0.66,0.4,Premier League,
592031,c3cf087d,1400227,4700888.0,Yankuba Minteh,Yankuba Minteh,Brighton & Hove Albion,10204.0,Brighton & Hove Albion,10204.0,180.0,left,21.0,Gambia,59.04687,RW,RWB/RM/LM/RW/AM/LW/ST,True,Leg injury - Expected back 28 Nov,2398.0,1.0348252082623104,0.2114498602025896,0.6255091649694501,0.1842638989804775,0.3620540228224758,2.1017514595,2.0288951120162935,13.530931771894092,0.0662,0.0,0.0,2.226514765784114,0.8601258198367018,0.376412,0.4765264407226692,0.0800273597811217,3.398485234215886,0.7871052631578948,0.00301,0.6176357087728326,1.201000834028357,0.00129,0.93211,0.423077,0.0,0.2188136456211812,0.0,0.95,0.66,0.4,Premier League,
250735,c6608135,833697,,Darko Churlinov,Darko Churlinov,,,,,180.0,right,25.0,North Macedonia,1.29828,LW,RM/LM/RW/AM/LW,True,has joined Kocaelispor  permanently.,147.0,0.7021111419325425,0.1799659439959861,0.470953002610966,0.0721713298596274,0.1525245441795231,1.2820512821,0.6427104722792608,11.60178685386088,0.12809,0.0,0.00035,1.5086151882578176,0.4234256309728009,0.34638,0.3829568788501026,0.1422042308696788,2.027440970006382,0.4366576819407008,0.00235,0.650130548302872,0.4008908685968819,0.00268,0.90589,0.27751,0.0,0.1263560944479898,0.0,0.95,0.66,0.4,,
466052,b34c63a5,1104053,4700669.0,Rayan Cherki,Rayan Cherki,Manchester City,8456.0,Manchester City,8456.0,177.0,both,22.0,France,58.92676,RW,CM/RW/AM/LW/ST,False,,27.0,1.1915886166972218,0.1825099839691846,0.7350379320033719,0.3459892337452473,0.6172397550635892,0.7258064516,0.7670651754724258,37.11098623208767,0.03923,0.0,0.0,2.395616746277045,1.0421948912015138,0.050392,0.2613672496025437,0.0873536968312874,3.425681371171678,0.2337662337662337,0.00261,1.2090823084200568,1.475409836065574,0.00121,0.89767,0.263158,0.0,0.2174768193312728,0.0,0.95,0.66,0.4,Premier League,
461484,d60c03a9,1089689,,Joe White,Joe White,,,,,186.0,left,23.0,England,0.34733,AM,DM/CM/AM,True,has joined Bradford City on loan for the rest of the season.,57.0,1.791786727323617,0.0559714482370661,0.2519618239660657,0.0870388734138643,0.1859931113662457,1.5789473684,1.145635359116022,20.15806851011143,0.13031,0.0,0.00069,0.7876823338735819,0.7331896551724137,0.19965,0.3750868256540865,0.1504559270516716,2.707800247626909,0.9590958019375672,0.00204,0.8480475382003395,2.133620689655172,0.00381,0.79728,0.317,0.0,0.1002888980602559,0.0,0.95,0.66,0.4,,
550141,6029f951,1386101,,Adrian Mazilu,Adrian Mazilu,,,,,186.0,left,20.0,Romania,2.0,LW,LW,True,has joined Dinamo Bucharest permanently.,59.0,0.999641148325359,0.1672,0.2506963788,0.12032,0.3829,1.2534818942,1.298,29.5821727019,0.1322,0.0,0.0004,3.008356546,0.5013927577,0.3265,0.2506963788,0.0756,4.3274,0.5234,0.0021,0.7520891365,3.008356546,0.0031,0.896,0.3326,0.0,0.16714,0.0,0.95,0.66,0.4,,
549074,9886c32e,1310131,,Tom Watson,Tom Watson,Brighton & Hove Albion,10204.0,Brighton & Hove Albion,10204.0,190.0,right,19.0,England,8.3,LW,LM/RW/LW,True,Has joined Leicester City on loan for the rest of the season,55.0,1.3747211622990845,0.1194527648051308,0.5709876543209875,0.110703700809578,0.180993690851735,0.67495,0.988156209987196,13.579458505002943,0.11606,0.0,0.00038,0.9028481012658228,0.7546777546777548,0.2005,0.4667910447761193,0.1551724137931034,2.256621542083579,0.7092391304347826,0.00206,1.0577445652173914,0.4054054054054054,0.00281,0.86146,0.29588,0.0,0.1642142436727486,0.0,0.95,0.66,0.4,,
114243,de112b84,521148,4700858.0,Jacob Murphy,Jacob Murphy,Newcastle United,10261.0,Newcastle United,10261.0,179.0,right,30.0,England,14.39669,RW,RWB/RM/RW/AM/ST,False,,14.0,1.188794075784317,0.179143932152092,0.635464027814924,0.1941078149061398,0.5270103092783506,0.8899876391,1.0987309644670051,19.97436529455263,0.06811,0.0,0.0,1.107405971306708,0.9593045231195664,0.278293,0.4180958811613774,0.2322064056939501,3.622627557308356,0.9889341875364008,0.00274,0.8115869017632243,0.989010989010989,0.00765,0.94852,0.052632,0.0,0.2129652452551146,0.0,0.95,0.66,0.4,Premier League,
441192,ac0d576d,1298925,,Jeremy Sarmiento Morante,Jeremy Sarmiento,,,,,178.0,right,23.0,Ecuador,7.59578,AM,LM/AM,True,has joined Middlesbrough on loan for the rest of the season.,79.0,1.047158052585561,0.1758342030338092,0.7115384615384617,0.0759062402561905,0.1339389253962118,1.3432835821,1.542857142857143,15.077273847670693,0.12421,0.0,0.00054,1.4524886877828056,0.3181441590720795,0.09679,0.3542199488491048,0.0869786368260427,2.2438994330786297,0.32548794489093,0.00243,1.130769230769231,1.3432835821,0.00921,0.83025,0.14075,0.0,0.1841262016268178,0.0,0.95,0.66,0.4,,
550839,35516eac,1341387,4700775.0,Wilson Odobert,Wilson Odobert,Tottenham Hotspur,8586.0,Tottenham Hotspur,8586.0,182.0,right,21.0,France,27.65876,RW,RW/AM/LW,True,Knee injury - Unknown return date,980.0,0.9794356096324338,0.1476166351535744,0.6424719101123596,0.1116357488464757,0.2109375,0.9183673469,0.9310110321898142,18.804190109564704,0.04583,0.0,0.0,1.805736834117468,0.4552639898830224,0.182741,0.3735372132938056,0.1283457656867047,3.535955056179775,0.5146564151850072,0.0026,0.6650766343446981,0.1836734693877551,0.00168,0.9354,0.1,0.0,0.1445809890435297,0.0,0.95,0.66,0.4,Premier League,
492859,75fdd638,1107286,4700978.0,Wilfried Gnonto,Wilfried Gnonto,Leeds United,8463.0,Leeds United,8463.0,170.0,right,22.0,Italy,26.43596,RW,RWB/RW/AM/LW/ST,True,Has joined ACF Fiorentina on loan for the rest of the season,524.0,1.116707769980187,0.1766399666697507,0.6123863466984647,0.111716756858893,0.2199248120300752,3.0916030534,1.1190086030315447,19.892666939778785,0.10724,0.0,0.0,1.0415813191315035,0.2714820359281437,0.0,0.3072457036692986,0.0391822827938671,3.080499795165915,0.6599063962558502,0.00354,1.9172470299057764,1.202290076335878,0.00121,0.91875,0.0,0.0,0.1972552232691519,0.0,0.95,0.66,0.4,Premier League,
653481,99b63a82,1656860,4700836.0,Alysson Edward Franco da Rocha dos Santos,Alysson Edward,Aston Villa,10252.0,Aston Villa,10252.0,,right,19.0,Brazil,7.5,RW,DM/RM/RW/AM/LW/ST,False,Unspecified injury - 75% chance of playing,8.0,0.2946827910163374,0.1387540821121771,0.5588086824835942,0.0683060066075322,0.2589601211509338,0.73662,2.112569409389198,16.082786471479046,0.11959,0.00285,0.0,1.635537607269056,0.1908127208480565,0.196793,0.6814740030287734,0.0681474003028773,3.0393740535083293,0.3279352226720647,0.00209,2.7804139323573955,1.04782,0.00386,0.8871,0.117647,0.0,0.0408884401817264,0.0,0.95,0.66,0.4,Série A,
645618,802ee5ca,1639163,,Bradley Burrowes,Bradley Burrowes,Aston Villa,10252.0,Aston Villa,10252.0,169.0,right,17.0,England,2.3,RW,RB/RM/RW/ST,False,,16.0,2.601137901493462,0.16422,0.9963099630996308,0.13209,0.1195571955719557,0.73662,0.4627554383651944,9.005932762030321,0.11959,0.00285,0.0,0.6433076384022425,0.1868512110726643,0.0,0.0797047970479704,0.07204,1.067897165458141,0.1195571955719557,0.00209,0.9611074489123268,1.04782,0.00386,0.8871,0.933333,0.0,0.4271588661832564,0.0,0.95,0.66,0.4,PL2,
565297,6ad43f9a,1344677,,Mateo Joseph Fernández-Regatillo,Mateo Joseph,Leeds United,8463.0,Leeds United,8463.0,185.0,right,22.0,Spain,6.17403,RW,RW/ST,True,Knee injury - Unknown return date,1703.0,0.5785180220783314,0.1981637288005864,0.5897990726429676,0.0410231568759217,0.1430842607313195,1.5325895479,0.7497744360902255,8.15139092240117,0.0687,0.0,0.0,0.5494590417310665,0.1120457604306864,0.211889,0.277086137281292,0.1227791878172588,1.836896046852123,0.6722745625841184,0.00314,0.8433382137628113,1.0041103934233706,0.00258,0.95819,0.210526,0.0,0.1146412884333821,0.0,0.95,0.66,0.4,La Liga,
450539,ea1a5662,1113813,,Myles Peart-Harris,Myles Peart-Harris,,,,,187.0,right,23.0,England,0.92192,LW,LM/RW/LW,True,has joined Oxford United permanently.,87.0,1.053124436962711,0.0918436897141958,0.2935186459336728,0.0445195786858587,0.13937575030012,0.68216,0.8127433865986303,13.139379063287778,0.14483,0.0,0.00031,0.460951464320088,0.1619074814391775,0.28112,0.3395998388612864,0.1330420230568984,2.9613904736632612,0.58863569103285,0.00241,1.114103754809606,1.338289962825279,0.00243,0.92244,0.43168,0.0,0.0967228340188404,0.0,0.95,0.66,0.4,,
450542,45685411,1226789,,Jesurun Rak-Sakyi,Jesurun Rak-Sakyi,Crystal Palace,9826.0,Crystal Palace,9826.0,178.0,left,23.0,England,5.69296,RW,RW/LW,True,has joined  Kasimpasa on loan for the rest of the seaon.,801.0,1.0969339094463126,0.189770528820926,0.5965130759651307,0.0850966374812406,0.1109290396124251,2.1348314607,0.8626358317079966,10.894609814963797,0.08913,0.0,0.0,1.2482645977950184,0.2011932144910868,0.225282,0.2720813597102257,0.049963476990504,2.2527405602923265,0.4054534676941315,0.00245,0.7836668469442941,2.608695652173913,0.00262,0.76111,0.25,0.0,0.2081657280772325,0.0,0.95,0.66,0.4,Championship,
445044,df3cda47,935379,4700791.0,Dejan Kulusevski,Dejan Kulusevski,Tottenham Hotspur,8586.0,Tottenham Hotspur,8586.0,186.0,left,25.0,Sweden,58.41018,RW,CM/RW/AM/ST,True,Knee injury - Unknown return date,2391.0,1.4180392883334916,0.1392814453765267,0.6134177988093421,0.1733021471466931,0.3740187778974911,1.6938519448,1.5199941409110886,23.61023622047244,0.09171,0.0,0.0002,1.6628773898280065,0.5693974272173322,0.18585,0.5462542149244979,0.1095536702323865,4.478888725993256,0.3387703889585947,0.00249,1.0849042709867454,1.806775407779172,0.00229,0.94613,0.51475,0.0,0.19750656167979,0.0,0.95,0.66,0.4,,
556639,462c5660,1432927,,Jayce Fitzgerald,Jayce Fitzgerald,,,,,179.0,right,18.0,England,0.58,AM,RB/DM/CM/AM,False,,1388.0,0.6557363702840076,0.0850285674844469,0.2810670136629798,0.0362935321671622,0.0778097982708933,1.1023054755,0.9966442953020132,21.21528136293237,0.15613,0.0,0.00073,0.9540636042402828,0.1783355350066049,0.21355,0.2693266832917705,0.142668428005284,2.3859060402684564,0.2693266832917705,0.00199,1.0314919979349508,3.571428571428571,0.00446,0.9021,0.3804,0.0,0.0557563242127,0.0,0.95,0.66,0.4,,
573062,e0eea46f,1302715,,Martial Godo,Martial Godo,,,,,169.0,right,22.0,Ivory Coast,4.96286,LW,LM/AM/LW/RW/ST,True,has joined Strasbourg permanently.,1587.0,1.0616001226222345,0.2211042435842548,0.5499254843517138,0.1100418884765173,0.1576005961251862,0.9073724008,0.7880029806259314,14.50596125186289,0.12203,0.0,0.00038,1.2473919523099852,0.4694485842026826,0.31123,0.457771873220725,0.0388852883992223,2.8871087928464982,0.3413237924865832,0.0021,1.1937406855439645,0.8506616257088847,0.00297,0.92,0.25585,0.0,0.2347242921013413,0.0,0.95,0.66,0.4,,
209289,17695062,889534,4701042.0,Emile Smith Rowe,Emile Smith Rowe,Fulham,9879.0,Fulham,9879.0,182.0,right,25.0,England,32.36491,AM,LM/AM/LW,False,,1928.0,0.8359780350175499,0.224852054682997,0.588280796751112,0.0699360552844538,0.0775676322719655,1.6338174274,1.3324022346368714,37.71610906981241,0.04729,0.0,0.0,0.657899825952427,0.1459100957995578,0.140406,0.7126903553299493,0.0830449826989619,3.1363372655192414,0.7411764705882352,0.0029,0.6611779607346421,0.466804979253112,0.00159,0.93411,0.045455,0.0,0.1879713788435505,0.0,0.95,0.66,0.4,Premier League,
536694,077faf72,1316124,,Matheus França de Oliveira,Matheus Franca,Crystal Palace,9826.0,Crystal Palace,9826.0,184.0,right,21.0,Brazil,11.42582,LW,AM/RW/ST/LW,True,Has joined Alverca on loan for the rest of the season,62.0,0.5462757592372168,0.1265700048208236,0.645326504481434,0.1132780453562736,0.3988919667590028,0.83141,1.4307065217391306,28.451984635083225,0.12345,0.00187,0.0,2.051216389244558,0.84375,0.0,0.7459239130434783,0.4227005870841487,4.620998719590269,0.8640000000000001,0.002,0.705,1.04336,0.00298,0.91333,0.0,0.0,0.0691421254801536,0.0,0.95,0.66,0.4,Série A,
441240,745ca0a3,904021,,Romain Faivre,Romain Faivre,,,,,180.0,left,27.0,France,5.4602,AM,AM/LW/RW,True,has joined Auxerre permanently.,67.0,1.4297300930087713,0.126449668989379,0.5962367698941591,0.1192842271659776,0.2328498627989024,1.0806174957,0.8021449704142013,23.545288531775014,0.08772,0.0,0.00307,1.991964937910884,0.4795918367346938,0.11332,0.2772963604852686,0.094106463878327,3.596055514974434,0.2927509293680297,0.00259,1.7027027027027029,0.8372093023255813,0.0074,0.96762,0.52646,0.0,0.1807888970051132,0.0,0.95,0.66,0.4,,
550596,54778940,1301938,,Dominic Sadi,Dominic Sadi,,,,,,right,22.0,England,0.26959,AM,RW/AM,True,has joined Novi Pazar on loan for the rest of the season.,464.0,1.1328567221061332,0.0926924739236616,0.4462809917355372,0.0750812834098791,0.1008403361344537,0.8307692308,1.3249874812218327,11.222654350996596,0.19816,0.0,0.00058,0.5678517776664997,0.6156351791530945,0.23559,0.4191286930395594,0.1107011070110701,2.352528793189785,0.3099630996309963,0.00198,0.9188138065143412,0.4609475032010243,0.00392,0.9021,0.3804,0.0,0.1050072921730675,0.0,0.95,0.66,0.4,,
606775,ba31eee2,1697214,,Ben Winterburn,Ben Winterburn,,,,,185.0,right,21.0,England,0.54983,AM,DM/CM/LM/AM,True,has joined Barnet on loan for the rest of the season.,59.0,0.99602,0.0253741930569371,0.3606010016694491,0.087959125806247,0.1570909090909091,0.77389,0.7416612164813604,17.340745585349897,0.19816,0.0,0.00057,0.3531720078482668,0.5162523900573613,0.23559,1.021090909090909,0.2825376062786135,2.4722040549378677,1.1728506787330315,0.00198,0.776978417266187,0.8206686930091185,0.00381,0.91842,0.39489,0.0,0.0,0.0,0.95,0.66,0.4,,
219249,fb495bb8,866686,,Matt O'Riley,Matthew O'Riley,Brighton & Hove Albion,10204.0,Brighton & Hove Albion,10204.0,187.0,left,25.0,Denmark,22.20254,AM,DM/CM/AM,False,,203.0,1.0668414209052655,0.1496186151690853,0.6192098092643051,0.187623001793136,0.2970230794960419,2.2167487685,1.297683481273003,27.695901373418405,0.12027,0.0,0.0,0.5379081350304371,0.9626467449306296,0.121457,0.5956834532374101,0.1601423487544483,3.3572201775276036,0.8586714222024074,0.0022,0.503866681189413,0.8866995073891626,0.01014,0.85342,0.333333,0.0,0.1596193360008651,0.0,0.95,0.66,0.4,Ligue 1,
536916,468a7a91,1336566,,Facundo Buonanotte,Facundo Buonanotte,Brighton & Hove Albion,10204.0,Brighton & Hove Albion,10204.0,174.0,left,21.0,Argentina,27.65132,AM,RW/AM,True,Has joined Elche on loan for the rest of the season,26.0,1.16121304426077,0.1787856731312036,0.5983692243361908,0.0981581331035088,0.323990743121625,1.1111111111,2.1562120598947794,22.88061513557264,0.16122,0.0,0.00046,1.2831284916201118,0.5207402680280793,0.19289,0.6228239845261122,0.3172229639519359,3.9591258599757184,0.6447761194029851,0.00246,2.005898462186644,2.4657534246575343,0.00247,0.77352,0.0,0.0,0.2076082557668959,0.0,0.95,0.66,0.4,,
489888,dcfb17f4,1079557,4700950.0,Amine Adli,Amine Adli,AFC Bournemouth,8678.0,AFC Bournemouth,8678.0,180.0,left,25.0,Morocco,25.21913,RW,RW/AM/LW/ST,True,Calf injury - Unknown return date,1082.0,0.9222752841179239,0.2421457734805616,0.9221130221130222,0.124144751820162,0.2046617396247868,2.9944547135,1.47394540942928,23.67671038638781,0.09553,0.0,0.0,1.1477949940405243,0.2906832298136646,0.411335,0.4920123113000146,0.1475409836065573,3.2616093583835526,0.6892391036690472,0.00281,1.6940164815478325,2.412199630314233,0.00157,0.91444,0.2,0.0,0.2233250620347394,0.0,0.95,0.66,0.4,Premier League,
564510,a8a80be7,1324022,,Garang Kuol,Garang Kuol,,,,,175.0,right,21.0,Australia,0.6116,LW,CM/RW/LW/ST,True,has joined Sparta Prague permanently.,104.0,1.193817478992611,0.1221881401844513,0.7793072824156306,0.1175258201129065,0.2553357626236335,3.4615384615,1.1065573770491803,8.920071047957371,0.12549,0.0,0.00037,1.1383230696352438,0.2244779582366589,0.31216,0.2991803278688524,0.06932,2.5657193605683832,0.2727272727272727,0.00212,1.0040983606557377,1.343283582089552,0.00287,0.83111,0.18478,0.0,0.1458703374777974,0.0,0.95,0.66,0.4,,
502988,,1132342,,Danny Imray,Daniel Imray,,,,,178.0,right,22.0,England,,RW,RB/RWB/DM/RM/RW,True,has joined West Brom on loan for the rest of the season.,153.0,0.9094059525584287,0.0592704926369914,0.270161949942745,0.1050234196255964,0.148728813559322,1.3846153846,1.0510683068954354,9.53245386856588,0.13648,0.0,0.00079,1.0539818711557138,0.5419880785413744,0.33323,0.5484784719974102,0.120799853907962,2.4146163807057297,1.4905938767982292,0.00203,0.8238102945937196,0.9574468085106382,0.0034,0.90592,0.35775,0.0,0.0539009388151505,0.0,0.95,0.66,0.4,,
510500,4d77e622,1114798,,João Pedro Ferreira da Silva,Jota Silva,,,,,179.0,right,26.0,Portugal,13.43235,RW,RW/LW,True,has joined Besiktas on loan for the rest of the season.,16.0,1.1670517803711349,0.1772542159468931,0.684033098375728,0.0845427718532987,0.2729912875121006,0.74176,1.174992338338952,8.922770456634998,0.14902,0.0,0.00044,0.7171314741035857,0.2583454281567489,0.42923,0.5279452501222095,0.0619408121128699,2.7368909512761017,1.1669535283993115,0.00311,1.4921851057309223,2.74390243902439,0.00181,0.90005,0.30162,0.0,0.2068648482991112,0.0,0.95,0.66,0.4,,
432714,9.66E+93,1107648,4701020.0,James McAtee,James McAtee,Nottingham Forest,10203.0,Nottingham Forest,10203.0,180.0,left,23.0,England,25.6053,AM,DM/RM/RW/AM/LW,False,,74.0,1.152498271537014,0.1853601784689702,0.5371291373692334,0.1330976228245869,0.2758441558441558,2.1799307958,1.2099319306930691,19.6571669995391,0.10969,0.0,0.00037,1.1564285714285716,0.4579165229389444,0.12464,0.4437781109445278,0.1283478260869565,3.695268090336457,0.9227013832384052,0.00286,1.075,1.507177033492823,0.0022,0.85477,0.0,0.0,0.2136272852972806,0.0,0.95,0.66,0.4,,
248875,fffea3e5,942368,4700654.0,Jérémy Doku,Jérémy Doku,Manchester City,8456.0,Manchester City,8456.0,171.0,right,23.0,Belgium,66.73704,LW,RW/AM/LW,False,,311.0,1.7676389915090363,0.1276801805138574,0.7520358786734334,0.2646283270402847,0.4522388059701492,0.2893890675,1.46012832263978,29.03841331357574,0.039,0.0,0.0,4.69179651695692,0.6128101557991922,0.151345,0.4025189564323351,0.0594844679444811,3.832668414453437,0.1238140417457305,0.00249,2.0973877176901925,1.157556270096463,0.00076,0.90906,0.263158,0.0,0.2256924655192066,0.0,0.95,0.66,0.4,Premier League,
149519,beb391dd,426880,,Maxwel Cornet,Maxwel Cornet,,,,,179.0,right,29.0,Ivory Coast,6.61172,RW,RW/LW,True,has joined Genoa on loan for the rest of the season.,112.0,1.1099181767170032,0.2980770370604372,1.091860465116279,0.0894698667569437,0.2278969957081545,4.8214285714,1.3339694656488552,16.802803738317756,0.10685,0.0,0.00058,0.715209125475285,0.6180257510729613,0.43412,0.6111330438215554,0.2185332011892963,3.925233644859813,1.4262295081967211,0.0025,0.9391304347826086,4.821428571428571,0.00234,0.84528,0.33533,0.0,0.3308411214953271,0.0,0.95,0.66,0.4,,
181284,e6bc67d7,536455,,Gonçalo Manuel Ganchinho Guedes,Goncalo Guedes,,,,,179.0,right,29.0,Portugal,7.24144,LM,RM/LM/RW/AM/LW/ST,True,Has joined Real Sociedad permanently.,16.0,1.1093126919514473,0.1646829753055511,0.6338612947870216,0.095331921083496,0.2388973966309341,1.2281659389,0.8385093167701865,15.07980931877595,0.07713,0.0,0.00051,0.6842536457479927,0.5399708123885195,0.19833,0.1975489299432961,0.05763,2.4385668153160083,0.2262569832402234,0.00257,1.356297093649085,1.0112359550561798,0.00182,0.89229,0.33523,0.0,0.1826849146547746,0.0,0.95,0.66,0.4,,
477555,eed2427e,1113790,4701055.0,Oscar Bobb,Oscar Bobb,Fulham,9879.0,Manchester City,8456.0,174.0,left,22.0,Norway,38.58677,RW,RM/CM/RW/AM,False,,67.0,0.4956256839117125,0.1441179780370204,0.3697047496790757,0.2109500979883717,0.2832338578404774,2.027027027,1.5497577338799855,29.467532467532468,0.04936,0.0,0.0,1.722838137472284,0.5977859778597785,0.0,0.954410307234886,0.02642,3.1428571428571423,0.3317972350230415,0.00197,1.2318840579710144,0.5172413793103449,0.00197,0.94868,0.181818,0.0,0.0714285714285714,0.0,0.95,0.66,0.4,Premier League,
463067,c64c01fc,956925,4700897.0,Georginio Rutter,Georginio Rutter,Brighton & Hove Albion,10204.0,Brighton & Hove Albion,10204.0,182.0,left,23.0,France,41.21214,AM,RM/RW/AM/LW/ST,False,,90.0,0.7543442302433656,0.1989717950882232,0.7012168856342883,0.15712704679227,0.3504987111957862,1.6089385475,1.3390840652446676,11.274238657551274,0.06014,0.0,0.050392,1.8430702299564947,0.1083233532934131,0.554311,0.4339850615114236,0.0848230572783655,2.6951522684897453,0.9826302729528535,0.00316,1.7900683131897004,1.5083798882681565,0.01991,0.95433,0.2,0.0,0.1500932256059664,0.0,0.95,0.66,0.4,Premier League,
496208,733f1a7d,1324871,4700952.0,Ben Gannon-Doak,Ben Gannon Doak,AFC Bournemouth,8678.0,AFC Bournemouth,8678.0,176.0,right,20.0,Scotland,24.73833,RW,LM/RW/LW/ST,False,,1.0,0.5935578132899951,0.1379079534474755,0.458683819891143,0.1364682160696682,0.2485254691689007,0.9625668449,0.8407550822846079,16.919076492537314,0.16463,0.0,0.0005,1.2965367965367969,0.4343163538873995,0.33476,0.2111228255139694,0.0654728595411304,2.145021645021645,0.3487991266375545,0.00235,0.8517699115044247,1.4438502673796794,0.00234,0.87056,0.0,0.0,0.081856343283582,0.0,0.95,0.66,0.4,,
156689,6639e500,575779,,Andreas Hoelgebaum Pereira,Andreas Pereira,,,,,178.0,right,30.0,Brazil,17.80934,AM,DM/CM/RW/AM,True,has joined Palmeiras permanently.,1854.0,0.5614679907810488,0.1196682256460171,0.4606216405702267,0.1518796475828426,0.239723304444621,0.8163265306,0.766248574686431,25.418809201623816,0.12982,0.0,0.00029,0.4621109607577807,1.8849797023004065,0.09848,0.2866108786610878,0.1070772460852068,3.2848443843031125,0.5496252785092162,0.00254,0.8592692828146143,0.9404815992730576,0.00735,0.92976,0.20571,0.2,0.0893098782138024,0.0,0.95,0.66,0.4,,
444180,e4238fb1,1171140,4701196.0,Jaidon Anthony,Jaidon Anthony,Brentford,9937.0,Brentford,9937.0,183.0,right,26.0,England,20.88442,LW,LM/RW/LW/ST,False,,23.0,1.1404034009687,0.162673558615055,0.6795334040296925,0.1177777268510668,0.2404580152671756,1.3820840951,1.2780895901726144,20.70292667575789,0.04947,0.0,0.0,1.1003356760725898,0.7953713670613561,0.297575,0.5117802488164704,0.1674082313681868,3.804678485261722,0.9903474903474904,0.00331,0.9448568398727464,1.6666666666666663,0.00114,0.93141,0.40625,0.0,0.1855134794922899,0.0,0.95,0.66,0.4,Premier League,
489706,6c2b66fc,1336751,4701065.0,Justin Devenny,Justin Devenny,Crystal Palace,9826.0,Crystal Palace,9826.0,177.0,left,22.0,Northern Ireland,11.45284,AM,LWB/RWB/RM/CM/LM/AM/LW,True,Has joined Stoke City permanently,788.0,1.0753523316804814,0.1928421651026071,0.7165605095541401,0.0615014744501921,0.2554780876494024,2.8553299492,2.28110599078341,20.13594470046083,0.08383,0.0,0.0,0.511520737327189,0.4975099601593625,0.113065,0.1855670103092783,0.1870277078085642,3.4354838709677415,1.2936593229446534,0.00286,0.8468406593406593,0.9090909090909092,0.00294,0.92642,0.428571,0.0,0.2073732718894009,0.0,0.95,0.66,0.4,Premier League,
590035,,1458250,,Yusuf Akhamrich,Yusuf Akhamrich,,,,,,left,20.0,England,0.05,RW,LB/RM/RW/LW,True,has joined Bristol Rovers on loan for the rest of the season.,163.0,1.4470648309333525,0.1648152443921057,0.7949944792050055,0.0740592908568498,0.2064570943075615,2.4657534247,0.9466463414634144,10.931174089068824,0.1546,0.0,0.00092,1.0533676849466322,0.4173721015826279,0.28853,0.1835174171622769,0.08036,2.4843577475156424,0.353085410706988,0.00196,0.84375,1.386986301369863,0.00395,0.8871,0.3293,0.0,0.2384983437615016,0.0,0.95,0.66,0.4,,
559962,1e711234,1557236,,Jamaldeen Jimoh-Aloba,Jamaldeen Jimoh-Aloba,,,,,183.0,right,19.0,England,0.74348,AM,DM/AM/LW/RW/ST,True,has joined West Brom on loan for the rest of the season.,76.0,1.794894698227575,0.0321081434190273,0.1611747851002865,0.1966861648218971,0.2855329949238578,0.7157,1.0277481323372464,13.331910352187831,0.13438,0.0,0.0006,0.9094076655052264,0.1611747851002865,0.1557,0.7807017543859648,0.6,1.9498399146211312,0.76056338028169,0.00188,0.8837209302325579,2.3684210526315788,0.00489,0.9021,0.3804,0.0,0.0576307363927427,0.0,0.95,0.66,0.4,,
427637,5bc43860,952322,4700968.0,Brenden Aaronson,Brenden Aaronson,Leeds United,8463.0,Leeds United,8463.0,178.0,right,25.0,USA,17.22411,AM,CM/RW/AM/LW/ST,False,,82.0,0.7072148431236907,0.1641717444348598,0.4725888813951247,0.1066684105566074,0.2300566916379834,4.6753246753,1.5202587835285228,18.833690387481376,0.03117,0.0,0.0,1.1480839501545956,0.4053096436274007,0.183748,0.2730455075845974,0.0839192907367777,3.845286885245902,0.3157654921020656,0.00339,1.5859161563824775,0.4615384615384615,0.00999,0.94337,0.066667,0.0,0.116104694485842,0.0,0.95,0.66,0.66,Premier League,
462635,01962d0d,956161,4700985.0,Joe Gelhardt,Joe Gelhardt,Hull City,8667.0,Leeds United,8463.0,179.0,left,23.0,England,4.35228,RW,RM/RW/AM/LW/ST,False,,2826.0,1.02603154915711,0.188759131808943,0.6092653252222743,0.0731759828249462,0.1548371010638298,1.7197452229,1.0065515646677972,12.080610687022904,0.10036,0.0,0.0,1.020401806572185,0.2384370015948963,0.123372,0.2406169665809768,0.0725677830940988,2.388778625954199,0.6598240469208212,0.00371,1.2847328244274807,1.019108280254777,0.00179,0.93249,0.222222,0.1,0.2047328244274809,0.0,0.95,0.66,0.4,Championship,
218328,b8a642fc,688300,,Samuel Chukwueze,Samuel Chukwueze,,,,,172.0,left,26.0,Nigeria,13.22707,RW,DM/RM/RW/LW/ST,False,,90.0,1.2274958360438297,0.1632019881786202,0.5947412353923205,0.1688324253021908,0.2981283422459894,0.5023255814,0.8038397328881469,21.12242374278648,0.06581,0.0,0.00042,1.896911519198664,0.478021978021978,0.28515,0.405012816861293,0.1159530125047366,3.375927452596867,0.5765584602125826,0.00257,0.7925709515859766,0.4186046511627906,0.00173,0.90382,0.2,0.0,0.2003297609233306,0.0,0.95,0.66,0.4,,
547037,38a6c944,1575707,,Jack Fletcher,Jack Fletcher,Manchester United,10260.0,Manchester United,10260.0,180.0,left,18.0,England,0.15,AM,LB/DM/CM/AM/LW,False,,61.0,1.2641153697233134,0.15202,0.6681011296395911,0.12086,0.2215709261430245,0.82512,1.1909628832705756,24.350788002033553,0.14264,0.0,0.0,0.7261968800430338,0.2904787520172134,0.0,0.580957504034427,0.0737201365187713,2.4981172673480363,0.3481828839390387,0.00176,0.3485745024206563,1.867219917012448,0.00435,0.9021,0.823529,0.0,0.1921708185053381,0.0,0.95,0.66,0.4,PL2,
433312,2acf0cd7,786580,,Marshall Munetsi,Marshall Munetsi,,,,,187.0,right,29.0,Zimbabwe,18.16983,AM,DM/CM/LM/AM/RW/ST,True,has joined Paris FC on loan for the rest of the season.,157.0,0.7963502638972724,0.2167570121368866,0.5803354988849025,0.0621823026766787,0.0928487690504103,1.3636363636,1.6849236641221377,13.22905534351145,0.11364,0.0,0.00038,0.3938218249680777,0.1601201478743068,0.17103,0.5762404580152671,0.2461938905804931,3.2260019083969467,1.9718406593406592,0.00315,0.965625909046834,2.125984251968504,0.00353,0.95123,0.72548,0.0,0.1726145038167939,0.0,0.95,0.66,0.4,,
165809,3eb22ec9,488139,,Bernardo Mota Veiga de Carvalho e Silva,Bernardo Silva,,,,,173.0,left,31.0,Portugal,26.17368,RW,DM/CM/LM/RW/AM/LW,False,,166.0,1.2661489555600667,0.1006849376716187,0.3594411515664691,0.1552891960460766,0.2661892901618929,0.9574468085,1.5973685977042356,48.02263701350279,0.10452,0.0,0.0001,0.8816521048451151,0.4840272414519413,0.15767,0.6196840826245443,0.1918486827291151,3.6493248610007942,0.8825161887141536,0.00244,0.7339158061953931,1.595744680851064,0.00043,0.96739,0.411765,0.0,0.1274821286735504,0.0,0.95,0.66,0.4,,
221399,aa849a12,751649,,Jack Harrison,Jack Harrison,Leeds United,8463.0,Leeds United,8463.0,175.0,left,29.0,England,16.08518,RW,LB/LWB/RW/LW,True,Has joined New England Revolution permanently,291.0,0.7520986253801457,0.1290723196420818,0.3763769889840881,0.1542730449235783,0.2899895724713243,2.1428571429,1.2479477796459295,19.137790302205808,0.04724,0.0,0.0003,1.2007714370487588,1.1284187824723066,0.18589,0.535006605019815,0.1120066374303662,4.167826683658465,0.908653846153846,0.00256,1.108923753372639,0.8181818181818181,0.00524,0.90513,0.49848,0.0,0.0970751141774365,0.0,0.95,0.66,0.4,,
579075,6a10efb3,1422580,,Asher Agbinone,Asher Agbinone,,,,,177.0,right,20.0,England,0.87909,AM,RW/AM/LW,False,,155.0,0.9736164469403207,0.0745976051527582,0.6573033707865168,0.0886697633537703,0.2288135593220338,0.3422053232,0.3539325842696629,9.55077336919973,0.15336,0.0,0.00071,0.7489597780859917,0.3377638780297107,0.2375,0.2053231939163498,0.10357,1.3799596503026224,0.71509,0.00183,1.0110957004160883,1.2032085561497323,0.0044,0.9021,0.3804,0.0,0.0726294552790854,0.0,0.95,0.66,0.4,,
209243,dbf053da,846381,,Jadon Sancho,Jadon Sancho,,,,,180.0,right,25.0,England,18.91978,LW,RW/LW,False,,873.0,1.19105712320554,0.1301565814305815,0.4125110652109768,0.1795362631218475,0.2839828649043987,0.7216494845,0.7203860778005264,30.185741626794258,0.03442,0.0,0.00013,1.9301963834337936,0.3519417475728155,0.23833,0.3327305605786618,0.1060070671378091,4.220095693779904,0.5305263157894736,0.00232,0.4306389681992714,0.3092783505154639,0.00137,0.94601,0.0,0.0,0.155023923444976,0.0,0.95,0.66,0.4,,
565863,,1561065,,Sam Chambers,Sam Chambers,,,,,176.0,right,18.0,Scotland,0.19,LW,RW/AM/LW,False,,90.0,0.21753165819984566,0.2443304424700529,0.3452685421994884,0.0322702469330438,0.1013133208255159,3.5459662289,1.7539370078740162,11.799212598425196,0.11074,0.0,0.00046,1.311510031678986,0.6792452830188679,0.41933,0.2272089761570827,0.6,2.232283464566929,0.5583456425406205,0.00186,1.399568034557235,1.25,0.0031,0.90545,0.30236,0.0,0.0531496062992126,0.0,0.95,0.66,0.4,,
110504,c47541e0,303059,,Bertrand Traoré,Bertrand Traoré,,,,,181.0,left,30.0,Burkina Faso,5.58578,RW,RM/RW/LW/ST,False,,638.0,1.096965640587199,0.1822481439474865,0.7438463077846709,0.0924747946570756,0.2188264058679706,1.5517241379,0.8600160096057634,18.07384430658395,0.07104,0.0,0.00049,1.2394608836643697,0.2108160621761657,0.20172,0.372753563313365,0.2551181102362205,2.6881128677206316,0.8463949843260189,0.00264,1.4129477686611969,1.5517241379310345,0.00184,0.8236,0.0,0.0,0.1999199519711826,0.0,0.95,0.66,0.4,,
200089,a3b03921,860975,4700851.0,Joe Willock,Joseph Willock,Newcastle United,10261.0,Newcastle United,10261.0,186.0,right,26.0,England,15.87719,CM,CM/RW/AM/LW,False,,34.0,0.6020499634710842,0.1977534573287561,0.5659040590405904,0.1065265940992779,0.3884673748103187,1.8367346939,1.7362546506820995,23.937990905332786,0.07546,0.0,0.0,1.1331078099720546,0.3081906524757056,0.183113,0.6638033175355451,0.3091030343447816,3.931376601901611,0.4784744293556774,0.00297,0.8848920863309352,1.56794425087108,0.00203,0.89982,0.1,0.0,0.1190574617610582,0.0,0.95,0.66,0.4,Premier League,
180974,c17bfb65,535936,4700844.0,Joelinton Cássio Apolinário de Lira,Joelinton,Newcastle United,10261.0,Newcastle United,10261.0,186.0,right,29.0,Brazil,40.27205,CM,DM/CM/AM,True,Unspecified injury - Unknown return date,1953.0,0.924594014590353,0.1609165572321708,0.5335455992722311,0.0681147006795202,0.167079207920792,1.9815668203,2.1545290400240744,29.41201876535855,0.16258,0.0,0.0,1.0575619927023605,0.1053268765133171,0.04613,1.1848983543078413,0.2880112394630034,5.571971107305086,1.4408352668213458,0.00294,1.1711072533776137,2.1658986175115205,0.00792,0.8956,0.565217,0.0,0.1487824856653511,0.0,0.95,0.66,0.4,Premier League,
611917,d2fe0b0b,1636112,,Lucá Williams-Barnett,Lucá Williams-Barnett,Tottenham Hotspur,8586.0,,,179.0,both,17.0,England,0.025,AM,CM/AM/ST,False,,12.0,3.1791939418693214,0.14425,0.9745222929936304,0.11399,0.4925883694412769,1.6981132075,1.067441860465116,13.987261146496817,0.17372,0.0,0.0008,1.662420382165605,0.3396226415094339,0.20564,0.2037735849056604,0.6585365853658536,2.9808917197452227,0.53403,0.00176,0.9745222929936304,5.538461538461538,0.00499,0.9021,0.3804,0.0,0.4585987261146496,0.0,0.95,0.66,0.4,,
232653,1544f145,1021929,4700852.0,Jacob Ramsey,Jacob Ramsey,Newcastle United,10261.0,Newcastle United,10261.0,180.0,right,24.0,England,44.47617,LW,DM/CM/AM/LW,True,Thigh injury - Unknown return date,34.0,0.9029926880606526,0.1378606561326553,0.3759300352434408,0.1003833184305409,0.2280363536215918,2.555401662,1.9306060250849844,26.9229867541906,0.07365,0.0,0.0,1.0345868444220854,0.1707060063224446,0.124138,0.5873362445414847,0.2595419847328244,4.28531239010667,0.4468965517241379,0.00218,1.3482592896495136,3.9130434782608696,0.00643,0.84817,0.466667,0.0,0.1244871644590317,0.0,0.95,0.66,0.4,Premier League,
502697,4abac767,1128965,4700999.0,Carlos Alcaraz Durán,Carlos Alcaraz,Everton,8668.0,Everton,8668.0,183.0,right,23.0,Argentina,18.02955,AM,RW/AM/LW,False,,1.0,1.0369361807811759,0.17940089992955,0.9673418768085986,0.0766804042548069,0.4948453608247423,1.8394160584,1.6725321888412017,29.734601074824308,0.10896,0.0,0.0,1.313304721030043,0.6932487539646579,0.130624,0.5505210693248754,0.2772995015858631,5.056223175965665,0.8767557770729496,0.00236,1.2356139555958314,18.0,0.0021,0.89745,0.0,0.0,0.1860272840016535,0.0,0.95,0.66,0.4,Premier League,
208706,82518f62,850354,4700838.0,Bruno Guimarães Rodriguez Moura,Bruno Guimaraes,Arsenal,9825.0,Newcastle United,10261.0,182.0,right,28.0,Brazil,81.17665,CM,DM/CM/AM,False,,419.0,1.418120979010847,0.1106761544752955,0.4473593372454262,0.1459313185078598,0.2456248554467658,2.3627684964,2.1478301696961566,42.356563149775305,0.1165,0.0,0.0,1.1819160387513452,0.3090856397623533,0.07338,0.8283100107642624,0.2577443822215921,5.672010195184116,0.8731278384384965,0.00253,2.639189189189189,0.8591885441527447,0.01258,0.95848,0.703704,0.0,0.1569521765376618,0.0,0.95,0.66,0.4,Premier League,
484420,6f806d99,1049999,4701110.0,Enzo Le Fée,Enzo Le Fee,Sunderland,8472.0,Sunderland,8472.0,170.0,right,25.0,France,21.42984,LW,LWB/CM/LM/AM/LW/ST,False,,80.0,0.6544513898622338,0.0622222255909957,0.4262472885032539,0.1454414122448689,0.2797974683544304,2.7300613497,2.3390194954128445,34.02823967889908,0.07004,0.0,0.0,1.0757663389242331,0.7391855027279813,0.122867,0.821600629239996,0.2295321637426901,4.844896788990826,0.9380530973451326,0.00137,1.2333715596330277,0.20501138952164,0.0104,0.94505,0.757576,0.6,0.1070814220183486,0.0,0.95,0.66,0.4,Premier League,
591357,732327ae,1410396,,Ryan Trevitt,Ryan Trevitt,,,,,170.0,right,22.0,England,0.3,AM,DM/CM/LM/RW/AM/LW,True,Has joined Wigan on loan for the rest of the season,11.0,1.2012457582942042,0.0763473717917407,0.3989656446250462,0.0959824928560261,0.2222222222222222,1.8698060942,0.9313690262306862,17.645380434782606,0.13294,0.0,0.00076,0.4620535714285713,0.2828282828282829,0.16726,0.6433076384022425,0.1450498848810437,3.632796075683251,0.5841346153846154,0.00178,0.8514365802382621,0.7479224376731303,0.00415,0.94241,0.48788,0.0,0.0917119565217391,0.0,0.95,0.66,0.4,,
469247,ba492306,1368061,,Samuel Iling-Junior,Samuel Iling-Junior,Aston Villa,10252.0,Aston Villa,10252.0,182.0,left,22.0,England,11.20662,RW,LB/LWB/RWB/RW/LW/ST,True,Has joined Bolton Wanderers on loan for the rest of the season,46.0,0.8293811291066218,0.0835596653229998,0.2989864864864864,0.0849064407857181,0.1724565756823821,0.9069767442,1.3336108220603535,17.317273673257024,0.10468,0.0,0.0005,0.8141762452107281,0.7696850393700788,0.1247,0.5146427669780359,0.2608516483516483,2.899479708636837,1.2568141592920357,0.00159,0.6225135623869802,1.6195372750642674,0.00282,0.96237,0.214286,0.0,0.069302809573361,0.0,0.95,0.66,0.4,Championship,
499721,00953a9d,1407250,,Mikey Moore,Mikey Moore,Tottenham Hotspur,8586.0,Tottenham Hotspur,8586.0,180.0,right,18.0,England,16.02825,LW,RW/AM/LW/ST,True,Has joined FC Köln on loan for the rest of the season,68.0,1.024401625197776,0.1310923737047883,0.7187678265830005,0.111478586209993,0.2550297534712382,0.8737864078,0.5297043382149765,14.74965460071843,0.11109,0.0,0.0,1.3006355346780876,0.2493975903614457,0.334107,0.2086783703212984,0.06002,2.590131203650885,0.3428287512421331,0.00183,0.8181818181818181,0.2912621359223301,0.00317,0.83487,0.36,0.0,0.1342912406742193,0.0,0.95,0.66,0.4,Premiership,
61256,4d224fe8,208494,,Carlos Henrique Casimiro,Casemiro,,,,,185.0,right,33.0,Brazil,7.23142,DM,DM/CM,False,,433.0,1.2437918357401472,0.1330033700405317,0.4789079972237219,0.0959663899100692,0.164257318395374,2.5,2.991498812897296,41.85203339205025,0.16379,0.0,0.00043,0.3160679923027581,0.1834746527151362,0.09367,0.9897431942623582,0.771733122779313,5.559497185162336,2.722972972972973,0.00278,0.901363527629376,1.4269535673839184,0.0173,0.9158,0.393939,0.0,0.165428505782339,0.0,0.95,0.66,0.4,,
623095,fe3db176,1609329,4700803.0,Yang Min-hyeok,Min-Hyeok Yang,,,,,176.0,right,19.0,South Korea,6.60081,RW,RW/LW/ST,True,has joined Coventry City on loan for the rest of the season.,50.0,1.611281771522872,0.1267528319980111,0.5023255813953489,0.058092888951884,0.1624331550802139,1.280227596,1.0514657980456026,11.381433224755703,0.12414,0.0,0.00082,0.5980066445182725,0.075962187711006,0.24987,0.3673064195896757,0.0300160085378868,2.6941368078175896,0.3477822580645162,0.00213,0.6517915309446254,1.1522048364,0.00353,0.8953,0.25969,0.0,0.2042345276872963,0.0,0.95,0.66,0.4,,
209046,15f3ec41,846383,4701024.0,Callum Hudson-Odoi,Callum Hudson-Odoi,Nottingham Forest,10203.0,Nottingham Forest,10203.0,182.0,right,25.0,England,39.84234,LW,LM/RW/AM/LW,False,,30.0,1.6708729695291042,0.1115681373573451,0.6116722783389451,0.1273989502792758,0.1832745044800434,0.68329718,0.7315751445086704,25.839234104046245,0.03646,0.0,0.0,1.4913294797687866,0.5744219653179191,0.097773,0.4380880692510349,0.0730124391563007,3.52456647398844,0.5569431500465983,0.00219,1.0903179190751444,0.5856832971800434,0.00078,0.91657,0.190476,0.0,0.1864161849710982,0.0,0.95,0.66,0.4,Premier League,
244858,966e28d0,963965,4700920.0,Fábio Freitas Gouveia Carvalho,Fabio Carvalho,Brentford,9937.0,Brentford,9937.0,170.0,right,23.0,Portugal,19.05694,RM,RM/RW/AM/LW/ST,False,,100.0,1.5872562011611202,0.200033795791906,0.7889992160961592,0.0888087920349367,0.1812756434166356,2.7,1.2943334176574757,21.1717529296875,0.08572,0.0,0.0,0.6092307692307691,0.3798263992816522,0.0,0.5638392857142857,0.157329401853412,2.9718017578125004,0.7039106145251396,0.00287,1.4718468468468469,0.85265,0.00215,0.94422,1.0,0.0,0.3175048828125,0.0,0.95,0.66,0.4,Premier League,
465920,049a888d,976506,4708814.0,Mykhailo Mudryk,Mykhaylo Mudryk,Tottenham Hotspur,8586.0,Chelsea,8455.0,175.0,right,25.0,Ukraine,37.80183,AM,LW,True,Ankle injury - Unknown return date,145.0,1.1283536607309965,0.1887179665494115,0.6951034830893488,0.1728276887891489,0.3339731285988483,1.2413793103,0.9864799613713182,17.061323032351524,0.15923,0.0,0.0006,1.6644133268952197,0.5866731047802994,0.09482,0.4019417475728155,0.1444816053511705,2.9159826170931913,0.6206896551724138,0.00241,1.360212457749879,1.2413793103448276,0.00351,0.8756,0.31558,0.0,0.2129406084017382,0.0,0.95,0.66,0.4,,
109345,bb5fbd2b,416850,,Solly March,Solly March,,,,,180.0,left,31.0,England,2.37194,,RW,False,,38.0,0.8612718347413812,0.1829338110260384,0.8706128863279204,0.1759508980306834,0.3925337275919423,1.02174,1.756895127993394,26.10074318744839,0.08075,0.00136,0.00066,1.5071841453344343,1.2128819157720894,0.32432,0.937680879799344,0.1223985163816196,4.221304706853841,0.5555555555555556,0.00272,1.1215526046986724,1.30439,0.00275,0.96964,0.0,0.0,0.1575557390586292,0.0,0.95,0.66,0.4,,
220598,caa1a7f0,817720,,Michael Obafemi,Michael Obafemi,,,,,170.0,right,25.0,Ireland,1.28386,LW,AM/ST/LW,True,has joined Blackpool on loan for the rest of the season.,258.0,1.0632270369658547,0.1961039813141177,0.5576535288725939,0.0410516911286807,0.0974729241877256,0.6976744186,0.3590384283991039,7.299898167006111,0.08712,0.0,0.00032,0.4231160896130347,0.0643446379468377,0.23312,0.1799069446837842,0.0465764331210191,1.4404276985743385,0.3436,0.00321,0.5529036705152507,2.441860465116279,0.00229,0.87434,0.37845,0.0,0.2085030549898167,0.0,0.95,0.66,0.4,,
183751,d7f99582,536457,,Manuel Benson Hedilazio,Manuel Benson,,,,,166.0,left,28.0,Angola,1.93099,RW,RM/RW/ST,True,has joined Maccabi Haifa permanently.,138.0,1.6452053065454126,0.1298544458421975,0.6738578680203045,0.1369812681892034,0.1686274509803921,1.3043478261,0.5350840336134454,17.56932097597882,0.08985,0.0,0.00078,1.3465779467680608,0.8118556701030927,0.21103,0.1425471902798871,0.07314,2.4317193115188194,0.1393548387096774,0.00214,1.3423003802281368,0.69836,0.00917,0.80734,0.20945,0.0,0.2136372233780972,0.0,0.95,0.66,0.4,,
88894,3a24769f,215384,4700823.0,Ross Barkley,Ross Barkley,Aston Villa,10252.0,Aston Villa,10252.0,189.0,right,32.0,England,2.53535,AM,AM,False,,74.0,1.228690691466463,0.1834626518808334,0.8164819944598337,0.1091524790603661,0.2633333333333333,1.4788732394,1.5590307612991925,39.22897275342697,0.10703,0.0,0.0,1.6767641393801436,0.6401354784081287,0.0,0.7874328892423941,0.315181229206794,5.799966153325435,0.9978046103183316,0.00237,1.095321843123461,1.157556270096463,0.00387,0.93792,0.0,0.0,0.2254188525977322,0.0,0.95,0.66,0.4,Premier League,
606921,87189f25,1428401,4701082.0,Romain Esse,Romain Esse,Crystal Palace,9826.0,Crystal Palace,9826.0,178.0,left,20.0,England,18.37614,AM,RW/AM,True,Has joined Millwall on loan for the rest of the season,40.0,1.4314112789037372,0.1122517492796299,0.4495687589841879,0.1058177423341995,0.2150205761316872,1.15122,1.8126272912423629,12.235661682660124,0.11978,0.0,0.0,1.3782940360610263,0.5011764705882352,0.593668,0.3435294117647058,0.0498862990335417,3.184445436286542,0.4481132075471698,0.00164,1.5998627316403566,2.4545454545454546,0.00303,0.93047,0.0,0.0,0.1606784199955367,0.0,0.95,0.66,0.4,Championship,
436234,7b5ab7f2,970692,,Bryan Gil Salvatierra,Bryan Gil,,,,,175.0,left,24.0,Spain,16.62504,LW,RM/LM/RW/AM/LW,True,has joined Girona permanently.,144.0,0.44627582288862894,0.102318113854033,0.3186114452655095,0.0814904227988904,0.1549942594718714,1.7591424968,1.111111111111111,17.93302891933029,0.14981,0.0,0.00019,1.3028919330289193,0.3935813789455122,0.27099,0.4237841553531535,0.0340479192938209,2.89193302891933,0.2719321494831698,0.00212,1.299847792998478,1.331360946745562,0.01059,0.85699,0.30928,0.0,0.045662100456621,0.0,0.95,0.66,0.4,,
122806,90f91999,356406,4700822.0,John McGinn,John McGinn,Aston Villa,10252.0,Aston Villa,10252.0,175.0,left,31.0,Scotland,18.92564,RW,DM/RM/CM/LM/RW/AM/LW,False,,82.0,0.9538988045906109,0.1131680112511346,0.4065431079762888,0.119367429606391,0.2403868293806125,1.2100139082,1.448275862068965,24.462330972311655,0.11693,0.0,0.0,1.048252911813644,0.614159421348725,0.0,0.5859357777941069,0.1280921721450356,4.095299420476497,0.5568164153583087,0.00186,1.9828752338465965,1.2385321100917432,0.00059,0.93834,0.214286,0.2,0.1300708306503541,0.0,0.95,0.66,0.4,Premier League,
504296,61a42f10,1396326,,Coby Ebere,Coby Ebere,,,,,187.0,right,20.0,Germany,0.52,LW,LM/LW/ST,False,,45.0,1.0,0.12934,0.2666666666666666,0.09552,0.2138613861386138,0.8888888889,0.4981549815498154,4.037383177570093,0.13368,0.0,0.00031,0.6974169741697417,0.4,0.34967,0.8,0.3941605839416057,1.2616822429906542,0.5977859778597785,0.00162,0.7970479704797048,1.1111111111,0.00306,0.896,0.3326,0.0,0.0,0.0,0.95,0.66,0.4,,
114283,b0b4fd3e,312765,4700666.0,Jack Grealish,Jack Grealish,Everton,8668.0,Manchester City,8456.0,180.0,right,30.0,England,23.49423,LW,AM/LW,False,,8.0,0.9454809719803199,0.1316831493154107,0.4952745543725326,0.2217390356291551,0.3951858219812194,1.1587982833,0.9373665480427044,32.23630797142534,0.07172,0.0,0.0,1.4226009806210602,0.4564869193806727,0.0,0.3970066955494289,0.2147651006711409,3.65016121602948,0.6113886113886113,0.00265,2.7921470151809165,1.3235294117647058,0.00194,0.93971,0.611111,0.0,0.1245039120081641,0.0,0.95,0.66,0.4,Premier League,
619536,,1557190,,Seth Ridgeon,Seth Ridgeon,,,,,169.0,right,17.0,England,,AM,DM/CM/AM,False,,636.0,1.89819672190214,0.12887,0.6115515288788222,0.10922,0.36042,1.9811320755,0.9784824462061154,12.108720271800678,0.16696,0.0,0.00077,0.4892412231030578,0.0849056603773584,0.16971,0.3057757644394111,0.09496,1.5900339750849375,0.3669309173272932,0.00157,1.590033975084938,1.4150943396226414,0.00459,0.9021,0.3804,0.0,0.2446206115515288,0.0,0.95,0.66,0.4,,
204480,1c7012b8,654096,4700635.0,Declan Rice,Declan Rice,Arsenal,9825.0,Arsenal,9825.0,185.0,right,27.0,England,104.23202,CM,RB/DM/CM,False,Unspecified injury - 75% chance of playing,68.0,1.6520545030131426,0.072515968789287,0.3787677725118484,0.1261889825291473,0.3165521084896897,1.7741935484,1.7959722301910608,45.97027941935854,0.08515,0.0,0.0,0.5902842497670084,0.8063338827407583,0.029089,1.1076602155522075,0.3786771260474237,5.266050834815537,1.6008849557522125,0.00191,0.3346904052986571,0.8695652173913043,0.00683,0.9861,0.828571,0.0,0.1198003327787021,0.0,0.95,0.66,0.4,Premier League,
515024,42dd1b56,1199712,,Luke Harris,Luke Harris,,,,,177.0,right,20.0,Wales,1.35129,AM,DM/CM/AM/ST,True,Has joined Oxford United on loan for the rest of the season.,25.0,1.006021134259667,0.1055668255475421,0.3085818624467437,0.048918185364335,0.0797244094488188,2.0224719101,1.1919251023990638,13.490345231129313,0.16696,0.0,0.00074,0.4333263554532132,0.1063690085357846,0.16971,0.4111736334405144,0.1622573074461275,2.2521942656524283,0.6468315301391037,0.00157,0.7004095962551199,2.8571428571428568,0.00439,0.84777,0.36954,0.0,0.1062024575775307,0.0,0.95,0.66,0.4,,
247348,778ef829,859282,4701073.0,Daniel Muñoz Mejía,Daniel Munoz,Nottingham Forest,10203.0,Crystal Palace,9826.0,183.0,right,29.0,Colombia,28.42234,RWB,RB/RWB/RM,False,,55.0,1.0956700576062615,0.1033798214772675,0.3962755464373076,0.0988390721670778,0.2147749871105546,2.2900763359,2.4297074891086368,24.448931609155657,0.15336,0.0,0.0,0.4220532319391634,0.395327691124012,0.300125,1.0393472097365326,0.210387902695595,3.6694557776087406,2.8741199662067016,0.00238,0.55110987405191,1.0424710424710424,0.00136,0.98335,0.758621,0.0,0.1132701749533227,0.0,0.95,0.66,0.4,Premier League,
503301,bd9553e6,1215652,4701027.0,Omari Hutchinson,Omari Hutchinson,Nottingham Forest,10203.0,Nottingham Forest,10203.0,174.0,left,22.0,England,25.71902,RW,LM/RW/AM/LW,True,Has joined AC Milan on loan for the rest of the season,11.0,1.1466071700857434,0.1139953077625642,0.6868673415023975,0.1453696739317998,0.260248447204969,1.1757719715,1.1736009570650008,19.986523616381,0.06974,0.0,0.0,1.6992018840769334,0.8624800213106021,0.42654,0.4299986407503058,0.0746065057712487,3.539709538139474,0.3019258645682336,0.00202,1.2271650434324823,1.2292161520190024,0.01965,0.93648,0.470588,0.0,0.1307078372366871,0.0,0.95,0.66,0.4,Premier League,
513834,c4720845,1137404,,Andrew Moran,Andrew Moran,,,,,177.0,right,22.0,Ireland,4.54793,AM,CM/RW/AM,True,Has joined Los Angeles FC on loan for the rest of the season.,91.0,1.001201980709913,0.0947566222961503,0.2749169435215948,0.0832261696747277,0.2132854578096948,3.0052724077,1.5052290836653386,19.08989043824702,0.18979,0.0,0.00047,0.7066733067729083,0.1963605182926829,0.125,0.4750996015936256,0.1598270150901729,2.7953187250996017,1.233743409490334,0.00194,0.9733565737051796,1.7398945518,0.0116,0.88643,0.47521,0.0,0.0948705179282868,0.0,0.95,0.66,0.4,,
166989,56f7a928,465960,4700832.0,Youri Tielemans,Youri Tielemans,Manchester United,10260.0,Aston Villa,10252.0,177.0,right,28.0,Belgium,39.0475,DM,DM/CM/AM,False,,67.0,1.3195934409705055,0.0609328993668474,0.3720213973091263,0.1298678138468917,0.3330983433204089,1.3263157895,2.0561094365870622,42.89833641404807,0.07654,0.0,0.0,0.6813031161473088,0.5094066570188133,0.048335,0.7635327635327634,0.3721919673247107,4.527726432532348,1.010035335689046,0.00138,1.3313239044748435,0.2227722772277227,0.01463,0.96267,0.666667,0.0,0.0804066543438077,0.0,0.95,0.66,0.4,Premier League,
215413,5c74c0f5,886016,4700996.0,Kiernan Dewsbury-Hall,Kiernan Dewsbury-Hall,Everton,8668.0,Everton,8668.0,177.0,left,27.0,England,26.88912,AM,DM/CM/RW/AM/LW,False,,89.0,1.1762174648537311,0.1368155647130252,0.488348579682234,0.1530139396166587,0.2606458988282366,1.7760910816,1.3831665150136483,29.120200108166575,0.06245,0.0,0.0,1.0952049066071927,0.7018663111788231,0.068545,0.5095202883815511,0.1981326781326781,4.277312060573283,1.0233393177737882,0.00237,1.2799474447263504,0.2008928571428571,0.00333,0.94825,0.6,0.1,0.1719848566792861,0.0,0.95,0.66,0.5,Premier League,
513433,ae9b998d,1430151,4700869.0,Brajan Gruda,Brajan Gruda,,,,,178.0,left,21.0,Germany,38.12703,AM,RM/RW/AM/ST/LW,True,has joined Leipzig on loan for the rest of the season.,90.0,0.9212509568986124,0.2229834631652568,0.7394366197183099,0.2408208533818438,0.425018839487566,1.7622377622,1.3545762711864406,20.74576271186441,0.06845,0.0,0.00041,2.7091525423728813,0.6935593220338984,0.13193,0.2611607142857143,0.03082,4.258983050847458,0.5137339055793992,0.00183,1.822372881355932,1.9047619047619049,0.01321,0.89272,0.14166,0.0,0.2054237288135593,0.0,0.95,0.66,0.4,,
153133,6ca5ec4b,604785,4701056.0,Alex Iwobi,Alex Iwobi,Fulham,9879.0,Fulham,9879.0,180.0,right,29.0,Nigeria,34.68451,LW,DM/CM/LM/RW/AM/LW/ST,False,,90.0,1.1626006256592725,0.1164863081810748,0.6119700748129675,0.1657309981947902,0.247971602434077,0.9983566146,1.347490980649393,34.73368317481142,0.03151,0.0,0.0,1.241895261845387,0.8109725685785536,0.037205,0.5632673942701227,0.0613009422181859,5.279271892423745,0.5923336547733848,0.00188,0.3883079456566488,0.437956204379562,0.00071,0.96179,0.413793,0.15,0.1520170547720564,0.0,0.95,0.66,0.4,Premier League,
444884,c8387671,963964,4700685.0,Harvey Elliott,Harvey Elliott,Liverpool,8650.0,Liverpool,8650.0,170.0,left,22.0,England,39.17376,CM,CM/RW/AM,True,Has joined Valencia on loan for the rest of the season,110.0,0.9991498180141832,0.1614538693752917,0.7794922847187656,0.2037635949523462,0.3278374233128834,0.62147,1.292834890965732,39.69268372168811,0.10352,0.0,0.00072,0.7893601725377426,0.6680139628881132,0.03932,0.5503355704697988,0.2189281641961231,4.654717288577481,0.7404255319148934,0.00232,0.8278266644529306,0.64935,0.00646,0.88201,0.47275,0.0,0.1613166042040084,0.0,0.95,0.66,0.4,,
477851,3f651f34,1239583,,Abdoullah Ba,Abdoullah Ba,,,,,180.0,both,22.0,France,2.24639,LW,LM/LW/RW,False,,45.0,0.9009685410132592,0.0990371789279419,0.4032258064516129,0.0561081704396325,0.1146788990825688,0.64382,0.6439007421150279,15.488395673726904,0.1452,0.0,0.00037,0.9100185528756956,0.2405863753952285,0.30153,0.3339886950110591,0.0512282804074296,2.3534249662009916,0.8823529411764705,0.00189,1.1042136097341144,0.80091,0.00251,0.85268,0.17868,0.0,0.0892293826047769,0.0,0.95,0.66,0.4,,
243016,83d074ff,831489,4700693.0,Alexis Mac Allister,Alexis Mac Allister,Liverpool,8650.0,Liverpool,8650.0,174.0,right,27.0,Argentina,119.77296,DM,DM/CM/LM/AM,False,,27.0,1.3080625627860358,0.1329817180866331,0.5226480836236933,0.1304544725395046,0.1573683040675705,2.523364486,2.3525312564050007,42.83569096844396,0.10405,0.0,0.0,0.6573311367380561,0.383301417081578,0.0,0.7527160915613255,0.2324771441010013,4.921109902067465,0.979310344827586,0.00217,1.331882480957563,1.461038961038961,0.01671,0.95144,0.645161,0.01,0.1750544069640914,0.0,0.95,0.66,0.4,Premier League,
456512,8e697a8f,1022649,4701010.0,Dan Ndoye,Dan Ndoye,Nottingham Forest,10203.0,Nottingham Forest,10203.0,184.0,right,25.0,Switzerland,49.73756,RW,RM/RW/AM/LW/ST,False,,62.0,0.8306708152090937,0.1509733385045245,0.546754020250149,0.0917253893404923,0.1863704819277108,1.3235294118,1.1888720666161998,15.437108388665482,0.06951,0.0,0.0,1.4037085843373496,0.3066097253227216,0.690537,0.4387510774829998,0.1062874251497006,3.493780978210044,0.3990603435618852,0.00205,2.25,2.2429906542056077,0.00137,0.83634,0.214286,0.0,0.1254091461703918,0.0,0.95,0.66,0.4,Premier League,
560552,93508980,1318400,4701044.0,Kevin Santos Lopes de Macedo,Kevin,Fulham,9879.0,Fulham,9879.0,176.0,right,23.0,Brazil,36.91483,LW,LM/AM/LW,False,,17.0,0.8925969616654623,0.1491169633425645,0.7555458895171813,0.1085449592001726,0.16259765625,1.8225650916,1.738147020443671,18.759460635058723,0.06758,0.0,0.0,3.13179643323184,0.8608695652173912,0.259366,0.7885952712100138,0.03051,3.6524575902566334,0.608695652173913,0.00157,1.23486328125,1.215043394406943,0.00237,0.95048,0.0,0.0,0.1331013484123532,0.0,0.95,0.66,0.4,Premier League,
168991,d328a254,532743,,Philip Billing,Philip Billing,,,,,193.0,left,29.0,Denmark,10.21621,DM,DM/CM,True,has joined Midtjylland permanently.,313.0,0.9441608962249399,0.1290828718784007,0.4191840173306054,0.104623302068406,0.2394088669950738,5.0561797753,1.9757894736842103,23.71875,0.1758,0.0,0.00094,0.6427083333333334,0.2877777777777778,0.04707,1.0644363293674164,0.3009779065555958,4.102083333333333,1.2626506024096384,0.00248,0.9135416666666666,1.769331585845347,0.01579,0.96221,0.53277,0.0,0.1218749999999999,0.0,0.95,0.66,0.4,,
232787,c2731c10,966027,4700797.0,Conor Gallagher,Conor Gallagher,Tottenham Hotspur,8586.0,Tottenham Hotspur,8586.0,182.0,right,25.0,England,40.69207,CM,DM/CM/LM,False,,45.0,1.1492672658426524,0.1139272828712671,0.4034454015004167,0.079809511924824,0.2010961214165262,1.7394957983,2.0130932896890346,35.74468085106383,0.17624,0.0,0.0,0.9174019147737936,0.4357441721458458,0.265096,1.0615770409584842,0.3076759740949145,4.713584288052373,0.5477908025247972,0.00219,1.5365653245686113,1.343283582089552,0.0031,0.89956,0.25,0.0,0.1309328968903436,0.0,0.95,0.66,0.4,La Liga,
604211,,1421003,,Tymur Tutierov,Timur Tuterov,,,,,183.0,right,20.0,Ukraine,0.36344,LW,LM/AM/LW,True,has joined Exeter City on loan for the rest of the season.,90.0,2.1703905492686406,0.1723447495397427,0.9521410579345088,0.0757401805907372,0.1684867394695787,1.1673151751,0.6373770491803279,9.011335012594458,0.15781,0.0,0.0005,1.097704918032787,0.3529411764705882,0.31734,0.3386759581881532,0.0842433697347893,2.053770491803278,0.4329446064139941,0.00146,0.8144262295081967,1.050583657587549,0.00339,0.896,0.3326,0.0,0.3740554156171284,0.0,0.95,0.66,0.4,,
128295,df0a4c90,266520,4700632.0,Christian Nørgaard,Christian Nørgaard,Everton,8668.0,Arsenal,9825.0,185.0,right,31.0,Denmark,10.53726,DM,CB/DM/CM,True,Groin injury - Unknown return date,101.0,0.8480117676096833,0.1072119647665484,0.3698072223730655,0.0767061991179869,0.1799504723470604,2.6732673267,2.694592005573456,37.34964730471131,0.17408,0.0,0.0,0.3379970544918998,0.1415789991151312,0.0,1.6906609579876906,0.3845321795565171,6.98493425063137,1.981907469630396,0.0019,1.0002667377967458,2.673267326732673,0.00198,0.93629,0.0,0.0,0.0909170077505878,0.0,0.95,0.66,0.4,Premier League,
159533,9a28eba4,493647,,Adama Traoré Diarra,Adama Traoré,,,,,178.0,right,29.0,Spain,6.34227,RW,RM/RW/AM/LW,False,,377.0,0.767017503837014,0.1496479651656589,0.6153846153846154,0.1899383126652759,0.3936535162950257,0.4774535809,0.8306609307782556,17.798260869565215,0.06978,0.0,0.00032,2.5078260869565216,1.262608695652174,0.21322,0.1468807580942353,0.0804918949133594,3.6521739130434785,0.3593345656192237,0.00183,1.552209620649198,1.6710875331564987,0.01885,0.91903,0.0,0.0,0.1147826086956521,0.0,0.95,0.66,0.4,,
629068,,1589726,,Braiden Graham,Braiden Graham,Everton,8668.0,,,175.0,right,18.0,Northern Ireland,0.33358,AM,CM/AM/LW/ST,False,,90.0,3.7507461655974863,0.11405,0.906408952187182,0.09362,0.6,0.5717916137,0.5535880708294502,10.518173345759552,0.15613,1.0,0.00054,0.5252918287937743,0.0686149936467598,0.21762,0.2363813229571983,0.12124,1.9375582479030753,0.3845371312309257,0.00139,0.6566147859922179,1.0,0.00424,0.9021,0.3804,0.0,0.4277726001863933,0.0,0.95,0.66,0.4,,
216094,74f2e748,966018,4700691.0,Jeremie Frimpong,Jeremie Frimpong,Liverpool,8650.0,Liverpool,8650.0,171.0,right,25.0,Netherlands,58.71512,RB,RB/RWB/RM/RW,False,,90.0,1.011251490617104,0.1730314047963375,0.5179964762144478,0.150149718761732,0.2419749063060126,0.9528392685,1.1003741144631058,21.14534102584367,0.09028,0.0,0.0,1.4283852044973115,0.6914616262017272,0.346154,0.3574783093210221,0.1095685604442545,2.856555757527859,1.0294771968854282,0.00233,1.20861059889361,1.005586592178771,0.00578,0.94849,0.333333,0.0,0.1749782660238678,0.0,0.95,0.66,0.4,Premier League,
535818,4dcec659,1227012,4701096.0,Simon Adingra,Simon Adingra,Sunderland,8472.0,Sunderland,8472.0,175.0,right,24.0,Ivory Coast,28.06583,LW,RM/LM/RW/AM/LW/ST,True,Has joined Ajax on loan for the rest of the season,15.0,1.2984395770745587,0.1634876816131322,0.644674835061263,0.1412453671251535,0.2378005236848369,1.5045592705,1.1821019771071797,18.387096774193548,0.05956,0.0,0.0,1.6257654262835606,0.5887850467289719,0.551302,0.537348455220962,0.0521361332367849,3.716961498439126,0.4791288566243193,0.0019,0.6106318489158311,2.3252279635,0.00163,0.8749,0.0,0.0,0.2122788761706555,0.0,0.95,0.66,0.4,Premier League,
215460,55b4f1d6,962075,,Ian Poveda-Ocampo,Ian Poveda,,,,,167.0,left,25.0,Colombia,1.17898,RW,RW,False,,331.0,1.5467739926555117,0.127244889312612,0.4848906560636183,0.11858020349711,0.3193548387096773,1.3595166163,1.0403126285479225,12.243936381709744,0.13597,0.0,0.00077,2.152485089463221,0.3220896750308515,0.21703,0.2985404688191066,0.3176470588235294,3.5767395626242537,0.1631419939577039,0.00168,1.275745526838966,1.0876132930513596,0.00287,0.82489,0.1798,0.0,0.1968190854870775,0.0,0.95,0.66,0.4,,
472769,91ca4a16,1300526,4700661.0,Nico O'Reilly,Nico O'Reilly,Manchester City,8456.0,Manchester City,8456.0,193.0,left,20.0,England,40.24708,LB,LB/DM,False,,63.0,0.982589332974965,0.183813102122086,0.5090232558139535,0.1019144560567683,0.2162034856335374,1.1688311688,1.8822036969916636,36.24189213402617,0.05054,0.0,0.0,0.8400868306801738,0.3177283192632386,0.034014,0.5800947867298579,0.3226256983240224,3.4864719584303883,1.8889109303709577,0.00221,0.4983880144130476,1.6363636363636362,0.00362,0.92869,0.758621,0.0,0.1806127934061996,0.0,0.95,0.66,0.4,Premier League,
438098,6412cc03,1025462,,Fábio Ferreira Vieira,Fabio Vieira,Arsenal,9825.0,Arsenal,9825.0,170.0,left,25.0,Portugal,16.56786,CM,DM/CM/RW/AM/LW,True,Has joined Hamburger SV permanently,2215.0,1.261524194512866,0.1282436579853798,0.5984727966910595,0.1546494926323163,0.3300579048955956,0.8126410835,0.8487147723753483,23.965558912386708,0.12661,0.0,0.0,0.7449602932193036,0.9315196998123828,0.040798,0.4221527320605661,0.0924459661887438,3.77153329260843,0.5487804878048781,0.0021,1.3989425981873114,0.7313769751693002,0.00225,0.9334,0.4,0.0,0.1617824773413897,0.0,0.95,0.66,0.4,Bundesliga,
447715,e1618c22,1113670,,Aaron Ramsey,Aaron Ramsey,,,,,181.0,right,23.0,England,12.36492,AM,CM/AM,True,has joined Leicester City on loan for the rest of the season.,166.0,1.2040824032941289,0.177965987792423,0.6111655239960821,0.092772452912641,0.1974037600716204,1.914893617,1.3726597805035508,19.85668202764977,0.10848,0.0,0.00069,0.789644012944984,0.0342105263157894,0.14084,0.288220148052784,0.1067591763652641,3.228199498117943,0.7081473214285713,0.00191,0.6772771792360431,1.1816192560175054,0.00399,0.90241,0.28541,0.0,0.2142857142857143,0.0,0.95,0.66,0.4,,
206915,4fb9c88f,933768,4700688.0,Curtis Jones,Curtis Jones,Liverpool,8650.0,Liverpool,8650.0,182.0,right,24.0,England,48.99225,DM,RB/DM/CM/LM/AM/LW,True,Has joined Internazionale permanently,1929.0,0.861308004412333,0.1393229824699882,0.4610143830431492,0.0933909224050826,0.1791118421052631,1.866251944,1.7754316378908073,50.90068965517242,0.05539,0.0,0.0,0.9148174659985684,0.1069629246867329,0.0,0.5086073845423246,0.2827512581973464,4.863103448275862,0.7747221699001696,0.002,1.142756927393897,1.1842105263157894,0.01197,0.91638,0.5,0.0,0.12,0.0,0.95,0.66,0.4,Premier League,
496661,bdcc89ae,1292833,4700990.0,Tyler Dibling,Tyler Dibling,Everton,8668.0,Everton,8668.0,178.0,left,19.0,England,49.37591,RW,RW/AM/ST,False,,64.0,0.7978710134162963,0.119444275428267,0.5019011406844106,0.0666605902602742,0.1864824864331524,1.8,1.6002714625042411,21.01389808074123,0.10418,0.0,0.0,2.0749999999999997,0.322053675612602,0.0,0.5768390386016022,0.2570315880571181,3.609530112508273,0.8256166161834703,0.00152,2.1469045120671564,0.5844155844155845,0.00211,0.8169,0.25,0.0,0.0953011250827266,0.0,0.95,0.66,0.4,Premier League,
440955,dab75831,902007,,Nazarii Rusyn,Nazariy Rusyn,,,,,177.0,right,27.0,Ukraine,1.02579,AM,RM/AM/LW/RW,True,has joined Arka on loan for the rest of the season.,214.0,0.6646476991768827,0.1768504435158505,0.486353711790393,0.0292725793219193,0.1029246344206974,1.8243243243,0.8655793025871766,8.914225202965055,0.162,0.0,0.00077,0.4695652173913043,0.1248593925759279,0.19423,0.1784934497816594,0.0737704918032786,1.8473349805859511,0.1152614727854855,0.00166,1.1881397811507235,2.5844594595,0.00416,0.85814,0.18114,0.0,0.1175432403812213,0.0,0.95,0.66,0.4,,
497606,34721c11,1111392,,Tawanda Chirewa,Tawanda Chirewa,,,,,181.0,right,22.0,Zimbabwe,0.73436,LW,LM/RW/AM/LW/ST,True,has joined Barnsley on loan for the rest of the season.,12.0,1.3504443241973947,0.0598157654004591,1.1202797202797203,0.0952766384881246,0.5529010238907849,0.91447,1.9487658937920715,16.296933433059085,0.14263,0.00218,0.00051,1.167913238593867,0.4776536312849163,0.25632,0.4910990712074303,0.0935875216637781,3.268137621540763,0.49561,0.00136,0.8646288209606987,1.31452,0.00344,0.84308,0.25585,0.0,0.0807778608825729,0.0,0.95,0.66,0.4,,
477424,5ad50391,1070712,4700657.0,Joško Gvardiol,Josko Gvardiol,Manchester City,8456.0,Manchester City,8456.0,185.0,left,24.0,Croatia,78.6839,CB,CB/LB,False,,90.0,1.1241549415656629,0.0922310153401664,0.3020616909061851,0.0645943239509479,0.0736271602413334,1.9565217391,1.332035722463934,57.1477298396205,0.04962,0.0,0.0,0.5921685367529196,0.1093969144460028,0.0,1.045803873347679,0.5112540192926045,4.3512536706573295,2.9166666666666665,0.00198,0.6272040302267003,0.6206896551724138,0.03135,0.94316,0.75,0.0,0.1036819516602665,0.0,0.95,0.66,0.4,Premier League,
249231,41f08ac8,1010426,4700910.0,Keane Lewis-Potter,Keane Lewis-Potter,Brentford,9937.0,Brentford,9937.0,170.0,right,24.0,England,27.79164,LB,LB/LWB/LM/RW/LW/ST,False,,90.0,0.6257024048827056,0.1764679503258745,0.6079923882017126,0.1255946183541803,0.2249164914017073,1.0518292683,1.110842207163601,20.82835908930046,0.08216,0.0,0.0,1.0490327290424626,0.7556986477784933,0.136917,0.5744132799084144,0.2315708220764183,3.809366521174943,1.7811372616388936,0.00271,1.064306358381503,1.9804400977995111,0.01201,0.97768,0.454545,0.0,0.1104164209036215,0.0,0.95,0.66,0.4,Premier League,
647671,,1609213,,Mateus Mané,Mateus Mané,,,,,175.0,right,18.0,England,0.69709,AM,RM/CM/AM/RW/ST,False,,150.0,1.547310096641971,0.0973208996923865,0.8053314121037465,0.1699225200440662,0.3229106628242074,1.5,1.1100864553314125,12.398215281650865,0.10934,0.0,0.00084,1.4242889012827662,1.2902603664416583,0.12025,0.2541382667964946,0.1026785714285714,3.2790016731734526,1.093912695234281,0.00159,1.9337702175125489,1.0843373493975903,0.00452,0.93473,0.52047,0.0,0.1505856107083101,0.0,0.95,0.66,0.4,,
60307,8aec0537,167008,4700867.0,Pascal Groß,Pascal Gross,Brighton & Hove Albion,10204.0,Brighton & Hove Albion,10204.0,181.0,right,34.0,Germany,2.35881,DM,DM/CM/RW/AM,False,,90.0,0.6132578105395378,0.1166952278027225,0.4224556320173849,0.236364280154425,0.3702309058614565,1.5953545232,1.533146853146853,53.797359277275895,0.1089,0.0,0.0,0.339785740672331,1.763496503496503,0.220049,0.4990427098674522,0.269195820081781,3.620013898540654,1.097445351593363,0.00217,0.5344574780058651,1.6,0.00491,0.96581,0.888889,0.45,0.1213342599027102,0.0,0.95,0.66,0.4,Premier League,
226597,67ac5bb8,795179,4700620.0,Gabriel dos Santos Magalhães,Gabriel,Arsenal,9825.0,Arsenal,9825.0,190.0,left,28.0,Brazil,69.58393,CB,CB,False,,90.0,0.7897053760142193,0.1002678035956233,0.2261103633916555,0.0306083550223277,0.0943025540275049,1.0,1.071480582524272,48.615622399239086,0.08226,0.0,0.0,0.0768489188816967,0.0488013698630136,0.0,0.6953775132114438,0.8401464307504576,3.08028849019491,4.164065335753175,0.00199,0.8646864686468647,1.0,0.02688,0.97638,0.966667,0.0,0.0791820235406016,0.0,0.95,0.66,0.4,Premier League,
509416,f173303a,1168311,4700884.0,Yasin Ayari,Yasin Ayari,Brighton & Hove Albion,10204.0,Brighton & Hove Albion,10204.0,172.0,right,22.0,Sweden,39.31738,DM,DM/CM,False,,64.0,0.9085519872743835,0.120714771961856,0.4011925042589437,0.0960412241391522,0.1879722921914357,1.3196480938,2.1737218251786694,33.526113249037934,0.08695,0.0,0.0,0.8185689948892675,0.5428369367549,0.0,0.938890949554896,0.2313624678663239,4.987355689939527,1.0866477272727273,0.0022,1.2342564491654022,0.5389221556886228,0.00423,0.92428,0.75,0.0,0.1096756459593183,0.0,0.95,0.66,0.4,Premier League,
593001,7e5bebeb,1458595,,Enso González Medina,Enso González,,,,,169.0,left,21.0,Paraguay,2.61,AM,CM/RW/AM,False,,55.0,0.6151662006892685,0.082038463204057,0.6826801517067004,0.0437134139604501,0.6,1.9518072289,1.0093457943925233,13.878504672897192,0.16151,0.0,0.00095,1.7081632653061227,0.2310984308131241,0.17762,0.3945720250521921,0.4202334630350194,2.9271028037383178,0.3214285714285714,0.00129,1.211214953271028,0.5389221556886228,0.00507,0.9021,0.3804,0.0,0.0504672897196261,0.0,0.95,0.66,0.4,,
596054,3354ea94,1469210,,Tom Edozie,Tom Edozie,,,,,178.0,right,19.0,England,0.06,AM,CM/LM/AM/LW/RW,False,,65.0,2.1995042697537204,0.10552,0.3472668810289388,0.08485,0.3333333333333333,0.9097,0.6708074534161489,9.902578796561606,0.16151,0.0,0.00095,0.8896848137535814,0.3333333333333333,0.17762,0.1723404255319149,0.11215,2.6303724928366763,0.3357015985790408,0.00129,1.2765042979942691,3.6734693877551017,0.00507,0.9021,0.0,0.0,0.2320916905444126,0.0,0.95,0.66,0.4,,
532605,dd745366,1372921,4700756.0,Andrey Nascimento dos Santos,Andrey Santos,Manchester United,10260.0,Chelsea,8455.0,180.0,right,21.0,Brazil,51.01328,DM,DM/CM/AM,False,,67.0,1.278236832094053,0.1239778266364093,0.3148229121119371,0.0539068234748245,0.1761539716196379,2.6533864542,2.5356633380884452,38.50640935343007,0.16112,0.0,0.0,0.366622864651774,0.09661,0.071429,0.9653529666522304,0.3727019498607242,3.9681645302155233,1.2590855803048064,0.00187,1.4148471615720524,2.168674698795181,0.01225,0.86496,0.307692,0.0,0.1584730243696295,0.0,0.95,0.66,0.4,Premier League,
549912,47ce793b,1368654,4701112.0,Chemsdine Talbi,Chemsdine Talbi,Sunderland,8472.0,Sunderland,8472.0,175.0,right,20.0,Morocco,27.46662,RW,LM/RW/LW,False,,31.0,1.3001441858084573,0.1714021400179028,0.6178953292065278,0.0840235473981182,0.1228668941979522,1.0227272727,0.690311418685121,16.63759144625774,0.0629,0.0,0.0,0.8458075407990995,0.5709342560553632,0.115311,0.2494727327508285,0.0682788051209103,2.8362408553742258,0.6584130557118739,0.00155,0.2439446366782006,0.2882767457,0.049,0.89491,0.125,0.0,0.2228474957794034,0.0,0.95,0.66,0.4,Premier League,
513466,1f2c7b55,1210384,4701007.0,Merlin Röhl,Merlin Röhl,Everton,8668.0,Everton,8668.0,192.0,right,23.0,Germany,11.74817,AM,DM/CM/LM/AM,True,Unspecified injury - Expected back 11 Oct,90.0,0.8071808626752676,0.1008843830635414,0.3150096628730943,0.0801553902528615,0.2444900051255766,3.3234859675,1.5624749699639566,17.548583792289538,0.09087,0.0,0.0,0.888268156424581,0.332168595763267,0.26393,0.5137981883294712,0.1430105217951471,4.43273013375295,1.3695652173913044,0.00157,1.2849419303163796,1.0756972111553784,0.00277,0.88039,0.333333,0.0,0.0814319433516915,0.0,0.95,0.66,0.4,Premier League,
487702,fc076f78,1368318,,Luca Koleosho,Luca Koleosho,,,,,175.0,right,21.0,Italy,7.33577,LW,LM/RW/AM/LW/ST,True,has joined Paris FC on loan for the rest of the season.,45.0,0.8790822058422797,0.1289690880945236,0.5853457738748629,0.1001672253767874,0.1633323806801944,0.6933,1.3363709461270437,15.459930313588847,0.0937,0.0,0.00036,1.795554335894621,0.4698027314112291,0.29341,0.3027338515143393,0.1325966850828729,3.238407933529885,0.6058631921824104,0.00152,0.7100713501646543,2.164948453608248,0.00264,0.90356,0.2078,0.0,0.1133744304476011,0.0,0.95,0.66,0.4,,
445122,41034650,942381,4700625.0,Jurriën Timber,Jurrien Timber,Arsenal,9825.0,Arsenal,9825.0,179.0,right,24.0,Netherlands,65.03319,RB,RB/CB/LB,False,,2457.0,0.568130852622855,0.0937362187319451,0.1800362793510027,0.0516764691522583,0.0926195426195426,2.4175824176,1.602139280837506,37.27155211652253,0.0827,0.0,0.0,0.595174632352941,0.1333160083160083,0.0,0.7874684844523298,0.2267492081773682,3.3882111970869366,1.508740475123263,0.00237,0.7527741816164231,0.8571428571428572,0.00327,0.97846,0.821429,0.0,0.0532544378698224,0.0,0.95,0.66,0.4,Premier League,
448514,9b398aea,933845,4700660.0,Rayan Aït-Nouri,Rayan Aït-Nouri,Manchester City,8456.0,Manchester City,8456.0,180.0,left,24.0,Algeria,48.00021,LWB,RB/LB/LWB/LM/LW,False,,284.0,0.9607897575725125,0.0891351492179505,0.3562113932738504,0.102267480106093,0.1906646490513328,5.0704225352,2.5434999445860575,34.72707612456747,0.10483,0.0,0.0,1.9775086505190311,0.5463425979765089,0.0,0.7707612456747405,0.1976935749588138,4.354022491349482,1.704778156996587,0.00126,1.3391857785581038,1.0,0.00677,0.9318,0.583333,0.0,0.0856401384083044,0.0,0.95,0.66,0.4,Premier League,
490885,123d2733,1211806,,George Earthy,George Earthy,,,,,180.0,right,21.0,England,1.98128,AM,LM/RW/AM/ST,True,has joined Bristol City on loan for the rest of the season.,25.0,1.3340739980387268,0.1521990193326151,0.5282465150403521,0.0631509021322211,0.1003012048192771,0.59452,0.7454545454545454,20.210381511371978,0.10495,0.0,0.00056,0.2745454545454545,0.1126690035052579,0.12378,0.5654313839027214,0.2051431911163062,2.0163636363636366,0.4661733615221987,0.00192,0.572077185017026,0.2631578947368421,0.00326,0.86047,0.32191,0.0,0.2030447542186353,0.0,0.95,0.66,0.4,,
461199,597610cd,1123947,4701107.0,Romaine Mundle,Romaine Mundle,Sunderland,8472.0,Sunderland,8472.0,180.0,right,22.0,England,9.19105,LW,LM/LW/RW,True,Knee injury - Unknown return date,400.0,1.2413404558638643,0.1076766375455117,0.5706397562833206,0.0813455151086169,0.0811936155447605,1.125,1.0333206397562833,14.730388423457727,0.08961,0.0,0.0,1.4822924600152323,0.6536665109761793,0.0,0.3153482373172829,0.0405968077723802,3.0159939070830157,0.7701121404193078,0.00166,1.627951256664128,1.5750000000000002,0.002,0.87824,0.0,0.0,0.1336633663366336,0.0,0.95,0.66,0.4,Premier League,
466075,aded8e6f,1105912,4700624.0,Riccardo Calafiori,Riccardo Calafiori,Arsenal,9825.0,Arsenal,9825.0,188.0,left,23.0,Italy,51.5849,LB,CB/LB,False,,81.0,0.8128929882229334,0.0782024281183959,0.2708309586230479,0.0457986713110386,0.1002304147465437,1.6871704745,1.6680865006553078,35.616652397260275,0.10328,0.0,0.0,0.5758928571428571,0.2044735917554748,0.211889,1.1380870314519604,0.3195806560703415,4.459284791038346,2.2930471301913204,0.00183,0.6797435340143446,0.645933014354067,0.00184,0.90949,0.318182,0.0,0.063570205479452,0.0,0.95,0.66,0.4,Premier League,
433154,fc15fb84,939542,4701004.0,Dwight McNeil,Dwight McNeil,Crystal Palace,9826.0,Everton,8668.0,183.0,left,26.0,England,20.9707,RW,LM/RW/AM/LW,False,,63.0,1.416519212609582,0.1029551569272183,0.5103969754253308,0.2136658732261458,0.4569196973395168,1.772260274,1.5912185959145342,22.38312985571587,0.0525,0.0,0.0,1.26547289989184,1.7745331069609505,0.15411,0.757410205742183,0.2435723951285521,5.236182019977803,0.5772594752186588,0.00154,0.8654044750430293,1.0588235294117647,0.00075,0.95218,0.214286,0.0,0.1458379578246392,0.0,0.95,0.66,0.4,Premier League,
532529,e98211e7,1251334,4700885.0,Jack Hinshelwood,Jack Hinshelwood,Brighton & Hove Albion,10204.0,Brighton & Hove Albion,10204.0,180.0,right,20.0,England,4.05,DM,RB/LB/DM/CM/AM/ST,True,Ankle injury - Expected back 10 Oct,64.0,1.152526692608876,0.1983040391298924,0.6581818181818182,0.0749027069908736,0.1209135691894312,0.9771428571,1.2042608858157355,32.006892798839104,0.10999,0.0,0.051694,0.1778405081157374,0.272189349112426,0.103389,0.6986138613861386,0.2041312272174969,3.0691093778342102,1.5386249004512875,0.00173,0.5036231884057972,1.697142857142857,0.00444,0.91816,0.2,0.0,0.228550698349356,0.0,0.95,0.66,0.4,Premier League,
640108,d9b0e57e,1654534,,Antoñito Cordero Campillo,Antonio Cordero,,,,,178.0,right,19.0,Spain,2.15374,RM,RM/LM/LW,True,has joined Cadiz on loan for the rest of the season.,180.0,1.4754776573650572,0.095507092006692,0.5073068893528183,0.1111315076220226,0.2113778705636743,4.0,0.7750521920668059,10.963465553235906,0.14761,0.0,0.00233,0.4509394572025052,0.9300626304801672,0.18197,0.1691022964509394,0.0563674321503131,1.902400835073069,0.4633867276887872,0.00125,0.9441544885177454,2.214765100671141,0.00362,0.9028,0.4739,0.0,0.1409185803757829,0.0,0.95,0.66,0.4,,
466525,0f59a7bf,881735,4700976.0,Anton Stach,Anton Stach,Leeds United,8463.0,Leeds United,8463.0,194.0,both,27.0,Germany,17.51765,CM,DM/CM/AM,False,,90.0,0.9390568840002879,0.0866415458481486,0.4002638273815133,0.1181427847927178,0.2076114463694763,2.4600504626,1.9598511034299388,30.888593459186385,0.08907,0.0,0.0,0.730081300813008,0.7306567402286626,0.0,1.532069058055282,0.3276679488326326,5.577240095719224,2.0457337883959044,0.00178,1.227599042807764,2.008928571428572,0.00716,0.96417,0.678571,0.0,0.0813613400691305,0.0,0.95,0.66,0.66,Premier League,
209400,15b287da,621515,,Daichi Kamada,Daichi Kamada,Crystal Palace,9826.0,Crystal Palace,9826.0,184.0,right,29.0,Japan,11.0795,DM,DM/CM/AM/RW/LW,False,,90.0,1.0425479903458421,0.123735570578411,0.3453459060778638,0.113500205801504,0.2250229615266864,1.0876132931,2.2093275488069413,31.729198593707743,0.09334,0.0,0.0,0.5132127955493742,0.3805694825465897,0.047319,0.683297180043384,0.1613327931942475,4.342823358195378,0.6855203619909502,0.00208,0.974407841001906,0.2031602708803611,0.00588,0.96517,0.363636,0.0,0.1290002704408185,0.0,0.95,0.66,0.4,Premier League,
576323,4a9dfc4c,1355089,,Oluwaseun Adewumi,Oluwaseun Adewumi,,,,,182.0,right,20.0,Austria,0.72534,RW,RM/RW/AM/LW/ST,True,Has joined Cercle Brugge on loan for the rest of the season.,30.0,0.9397024026514982,0.1940838779290561,0.5927385308190262,0.0474376898534677,0.0759921193357725,0.7949526814,0.7143259217562624,6.56571911061075,0.12539,0.0,0.00103,0.9423022797635802,0.0759921193357725,0.25274,0.1823810864058542,0.1177111716621253,2.1733746130030953,0.2354223433242507,0.0012,0.8663101604278075,2.16,0.0041,0.8871,0.3293,0.0,0.1823810864058541,0.0,0.95,0.66,0.4,,
248937,f3354c07,1049805,,Sam Greenwood,Sam Greenwood,,,,,180.0,right,23.0,England,3.44713,,DM/RM/CM/LM/AM/LW/ST,True,has joined Pogon Szczecin permanently.,83.0,1.043070438133353,0.1222643837943428,0.6436475409836065,0.1104915742487137,0.2399116347569956,1.40625,1.2412955465587046,12.618218623481782,0.17612,0.0,0.001,0.40748987854251,1.0257085020242915,0.12779,0.2498260748573813,0.1138725711703569,2.540890688259109,0.4357304643261608,0.00222,1.0360323886639675,2.6384364820846904,0.00435,0.96332,0.3367,0.0,0.1275303643724696,0.0,0.95,0.66,0.4,,
220566,6434f10d,675088,4700663.0,Rodrigo 'Rodri' Hernandez Cascante,Rodri,Manchester City,8456.0,Manchester City,8456.0,190.0,right,29.0,Spain,88.99623,DM,DM,True,Has joined Barcelona permanently,726.0,1.0963704804359056,0.09692423414138,0.4291464547424915,0.1232619036039669,0.2244042365401589,3.2231404959,1.9012721734456195,78.98651863600318,0.11304,0.0,0.0,0.7895312784971729,0.1034668582719597,0.0,0.8053400685549342,0.2772036474164134,6.724821570182395,1.666905958363245,0.00153,0.8777738010021475,0.5056179775280899,0.01993,0.92559,0.705882,0.0,0.106264869151467,0.0,0.95,0.66,0.4,Premier League,
577725,86109b3b,1422593,4701047.0,Josh King,Josh King,Fulham,9879.0,Fulham,9879.0,187.0,right,19.0,England,16.05004,AM,DM/CM/RW/AM/ST,False,,90.0,0.707853246166991,0.2079609245779513,0.910843373493976,0.0852111981828772,0.325497287522604,1.8634969325,1.9672131147540983,21.76192639709223,0.06277,0.0,0.0,1.3226566179934054,0.7142857142857142,0.206422,0.262835609985869,0.3283582089552238,3.590186278964107,0.878048780487805,0.00141,1.8482507950931395,1.053864168618267,0.02286,0.95743,0.0,0.0,0.1472058155383916,0.0,0.95,0.66,0.4,Premier League,
547410,2a78981b,1365245,,Harrison Jones,Harrison Jones,,,,,178.0,right,21.0,England,0.18,AM,LB/DM/CM/AM/ST,False,,71.0,2.5838944540291697,0.0691627791869733,0.5091137649277184,0.04237460774357,0.1949458483754512,1.4754098361,1.258411472697187,21.502206287920576,0.16434,0.0,0.00083,0.4493243243243243,0.8228798586572439,0.17423,0.6428571428571427,0.1343283582089552,2.3877551020408165,0.7857142857142857,0.00117,0.6577495863210149,1.791044776119403,0.00449,0.86415,0.38265,0.0,0.1787093215664644,0.0,0.95,0.66,0.4,,
469272,a3c8b4d3,1283034,4702426.0,Loum Tchaouna,Loum Tchaouna,Coventry City,8669.0,Coventry City,8669.0,180.0,left,22.0,France,19.6959,RW,RM/LM/RW/AM/LW/ST,False,,82.0,0.9111705837193725,0.135463170680501,0.6179624664879355,0.0693047111813518,0.1057630392788151,1.2755905512,0.8393243828497183,16.464270246860114,0.06188,0.0,0.0,0.6898537882144439,0.5312267103890297,0.070755,0.2289117836445589,0.0907632363052945,2.58943265482893,0.8248974008207934,0.00145,0.9262734584450404,0.4225352112676056,0.00482,0.77117,0.142857,0.0,0.1234300563014291,0.0,0.95,0.66,0.4,Premier League,
596777,e6536124,1526560,4700705.0,Patrick Dorgu,Patrick Dorgu,Manchester United,10260.0,Manchester United,10260.0,175.0,left,21.0,Denmark,31.45172,LWB,LB/RWB/LWB/LM/RW/AM/LW,False,,45.0,0.9284631010820339,0.1193081777091625,0.4564056939501779,0.0765483224441618,0.1803607214428857,2.9896193772,2.432006996064714,24.28279756733275,0.09815,0.0,0.0,0.5962848297213622,0.5207695671184959,0.434783,0.6755926251097454,0.2215940178734269,3.91876629018245,1.877676348547718,0.00178,2.409707039790118,3.684210526315789,0.03112,0.85609,0.666667,0.0,0.1107732406602954,0.0,0.95,0.66,0.4,Premier League,
547719,2c6835e5,1296763,4700845.0,Lewis Miley,Lewis Miley,Newcastle United,10261.0,Newcastle United,10261.0,185.0,right,19.0,England,28.27061,CM,RB/DM/CM,False,,76.0,1.1321676291540006,0.0800102617096639,0.2665627435697584,0.0898593179059415,0.2001482579688658,1.748158071,1.943803732438666,37.283287901027464,0.0501,0.0,0.0,0.5637233579817312,0.2844827586206896,0.120321,0.8190396309498849,0.3042505592841163,4.47263577269868,1.651046859421735,0.00162,0.348503897410108,0.4511278195488721,0.00319,0.92507,0.866667,0.0,0.0905850283078213,0.0,0.95,0.66,0.4,Premier League,
119471,c8aa95da,189982,4700850.0,Fabian Schär,Fabian Schär,Newcastle United,10261.0,Newcastle United,10261.0,188.0,right,34.0,Switzerland,5.38158,CB,CB,False,,1.0,0.8366825185762686,0.0960726721369288,0.3228892609423583,0.0403188402266587,0.0831470719713902,1.154903758,1.1222987033776213,43.56016922594799,0.12633,0.0,0.0,0.2388059701492537,0.084065934065934,0.082493,1.1873126084898216,0.7880582679686249,4.507051081165779,4.2435703479576405,0.00181,0.5911828475066248,1.2373968835930338,0.0057,0.97508,0.818182,0.0,0.0803823252898777,0.0,0.95,0.66,0.4,Premier League,
151589,5a7301ae,424129,,Leander Dendoncker,Leander Dendoncker,,,,,188.0,right,30.0,Belgium,2.18412,CM,CB/DM/CM/RW,True,Has joined Real Oviedo permanently.,1332.0,0.8026196783075866,0.0728660860096962,0.2788217369222955,0.0187270369753896,0.0527279384840717,2.4324324324,1.663753846153846,29.95667870036101,0.11732,0.0,0.00597,0.2494061757719714,0.0519801980198019,0.04915,0.7856966707768186,0.3604105943479914,3.467870036101083,1.4945290710148034,0.00173,0.3350449293966623,0.8108108108108109,0.00422,0.95612,0.71045,0.0,0.0584837545126353,0.0,0.95,0.66,0.4,,
516234,,1451118,,Charlie Gray,Charlie Gray,,,,,175.0,right,19.0,England,,CM,DM/CM,False,,776.0,2.454791564837413,0.0190787461784243,0.3117782909930716,0.0599043458596339,0.3479381443298968,2.7835051546,1.451864700780572,30.72333044232437,0.16332,0.0,0.00146,0.5587958607714016,0.3555973659454374,0.03563,0.7961838681699911,0.1391752577319587,3.278404163052905,0.6095954844778927,0.00113,0.7619943555973657,0.627177700348432,0.00658,0.9158,0.5357,0.0,0.04683434518647,0.0,0.95,0.66,0.4,,
122074,0d85a4e8,363357,4700665.0,Marcus Bettinelli,Marcus Bettinelli,Manchester City,8456.0,Manchester City,8456.0,194.0,right,33.0,England,0.64281,GK,GK,False,,90.0,1.0,0.09215,0.39437,0.002078598410618,0.32058,0.84431,1.44984,10.896897210477231,0.16332,0.00294,0.00146,1.05879,0.41954,0.03563,0.95106,0.18101,5.55989,0.80079,0.00113,1.18895,1.04844,0.00658,0.9158,0.5357,0.0,0.09215,1.7812270225998508,0.95,0.66,0.4,,
566164,3dde85f2,1355509,,Sverre Nypan,Sverre Nypan,,,,,182.0,both,19.0,Norway,20.13897,CM,CM/AM/RW,False,,85.0,1.1690227972283216,0.1486796729437405,0.4462873839807494,0.0837671814443694,0.122206943966999,2.0588235294,1.02251632863527,14.725055056750804,0.16332,0.0,0.00146,0.8430732210381574,0.1837201423005251,0.03563,0.3171192849776555,0.1288327968829408,2.4844147043875995,0.2407749077490774,0.00113,0.9908044001375044,0.7352941176,0.00658,0.9158,0.5357,0.0,0.1738099271556835,0.0,0.95,0.66,0.4,,
482442,feb5d972,1107280,4700787.0,Pape Matar Sarr,Pape Sarr,Tottenham Hotspur,8586.0,Tottenham Hotspur,8586.0,184.0,right,23.0,Senegal,45.25037,CM,DM/RM/CM/AM/LW,True,Has joined Juventus on loan for the rest of the season,65.0,0.9721335034040319,0.1180128502677913,0.5030826140567202,0.0572740866959629,0.1095276220976781,2.1351545651,1.7981269510926117,38.636316337148806,0.13791,0.0,0.0,0.62496555524938,0.1500981033355134,0.193133,1.212312549329124,0.3999419111240197,5.132154006243496,1.837007678969532,0.00154,0.9584664536741212,1.8763479511,0.00257,0.85034,0.846154,0.0,0.1147242455775234,0.0,0.95,0.66,0.4,Premier League,
476887,2b5a35e5,1079539,4701032.0,Dilane Bakwa,Dilane Bakwa,Nottingham Forest,10203.0,Nottingham Forest,10203.0,180.0,right,23.0,France,44.85977,RWB,RWB/RM/LM/RW/AM/LW/ST,True,Has joined Lille on loan for the rest of the season,552.0,1.5523022909288933,0.0814528391625173,0.5136638452237001,0.1683836914170888,0.3104181431608788,0.652173913,0.8788576692768307,16.5366190695532,0.10326,0.0,0.0,1.3929064947029022,0.9373695198329852,0.0,0.534562211981567,0.055241836484164,3.0179640718562877,0.3278145695364238,0.00165,2.0524658971668415,1.0404624277456649,0.00252,0.93885,0.0,0.0,0.1264394288346383,0.0,0.95,0.66,0.4,Premier League,
432422,0db169ae,867414,4700806.0,Sandro Tonali,Sandro Tonali,Tottenham Hotspur,8586.0,Newcastle United,10261.0,182.0,right,25.0,Italy,65.27684,CM,DM/CM/AM,False,,90.0,0.8577535026569915,0.0833279936749689,0.3356501101881675,0.106880957577469,0.2461886923948079,1.2386944554,1.4849270664505672,36.321636952998375,0.08119,0.0,0.0,0.4523648075945075,0.6712532865907099,0.035517,0.8323402171251327,0.2873741285824941,4.698379254457051,1.067897165458141,0.00148,1.1928067006076533,0.4195804195804196,0.0018,0.90277,0.516129,0.0,0.0714748784440842,0.0,0.95,0.66,0.4,Premier League,
554197,35741fe2,1327319,4701111.0,Chris Rigg,Chris Rigg,Sunderland,8472.0,Sunderland,8472.0,177.0,left,18.0,England,7.33,AM,RWB/DM/RM/CM/RW/AM/ST,False,,10.0,0.8106521735662079,0.1081738787581201,0.2979939603106126,0.0631422165040127,0.1361616589081676,1.5274151436,1.1564701147112093,15.067707297673492,0.11792,0.0,0.0,0.800658978583196,0.3112557427258806,0.236531,0.3342149809564113,0.141874735505713,2.7704205418520016,0.8330838323353292,0.00188,1.047158154859967,0.9399477806788512,0.002,0.82795,0.181818,0.0,0.0876913899383575,0.0,0.95,0.66,0.4,Premier League,
611134,f3bb9f59,1443464,,Kendry Páez Andrade,Kendry Páez,,,,,178.0,left,18.0,Ecuador,13.42217,,RM/RW/AM/LW/ST,True,has joined River Plate on loan for the rest of the season.,361.0,1.008294763087951,0.0930757170590884,0.6166568222090962,0.1551430330111999,0.2346193952033368,1.7451523546,0.929092805005214,22.80500521376434,0.24606,0.0,0.00125,1.35140771637122,0.5255474452554744,0.04299,0.3941605839416058,0.1512605042016807,2.2429614181439,0.5598491988689913,0.00135,0.5476056338028168,0.7479224376731303,0.00733,0.92345,0.487,0.0,0.0938477580813347,0.0,0.95,0.66,0.4,,
569577,3fcc22d5,1442496,,Triston Rowe,Triston Rowe,Aston Villa,10252.0,,,,right,19.0,England,0.8464,RM,RB/RWB/RM/RW,False,,65.0,2.7397606476216914,0.0084700261882508,0.0477453580901856,0.0578841138581698,0.1671087533156498,0.95839,1.217506631299735,13.227331327889988,0.15223,0.0,0.00197,0.6265577997421573,0.4058355437665782,0.14191,0.596816976127321,0.0477453580901856,2.9239363987967337,1.2413793103448276,0.00115,0.4058355437665782,1.3846153846153846,0.00455,0.9028,0.4739,0.0,0.0232058444348947,0.0,0.95,0.66,0.4,,
440089,215f3907,888912,4700917.0,Mikkel Damsgaard,Mikkel Damsgaard,Brentford,9937.0,Brentford,9937.0,180.0,right,25.0,Denmark,37.33975,AM,CM/LM/AM/LW/ST,False,,14.0,0.6933735100607449,0.1136935802197214,0.3775575858962811,0.1893748390739851,0.4830097087378641,2.4939231891,2.46119733924612,30.845255474452557,0.0576,0.0,0.0,1.08678403173816,0.9516926588056296,0.175268,0.957957576527372,0.1323724077070157,5.45036496350365,0.7824720670391061,0.0016,0.8950276243093922,0.3146853146853147,0.00124,0.984,0.375,0.0,0.0788321167883211,0.0,0.95,0.66,0.4,Premier League,
574398,8e526344,1437781,,Franco Umeh-Chibueze,Franco Umeh-Chibueze,,,,,,left,20.0,Ireland,0.89461,LM,LWB/LM/RW/LW/ST,True,has joined Portsmouth permanently.,1.0,1.0,0.08856,0.4304,0.10552,0.3266,0.9758,1.6388,25.6529,0.1596,0.0026,0.001,1.1468,0.8118,0.1779,0.878,0.1434,5.0528,1.0207,0.0011,1.2471,1.0832,0.0036,0.8981,0.4627,0.0,0.08856,0.0,0.95,0.66,0.4,,
243345,089667a5,914134,,Lewis O'Brien,Lewis O'Brien,,,,,173.0,left,27.0,England,2.42274,AM,DM/CM/LM/RW/AM/ST,True,Has joined Wrexham permanently.,180.0,0.6291744946291077,0.0578443297405832,0.2356120157215047,0.078067943833572,0.1702637889688249,4.0,1.4092945128779395,23.764837625979844,0.10317,0.0,0.00031,0.4484777517564402,0.2746234067207416,0.07977,0.5627099664053752,0.2959739569492426,3.4636058230683084,0.7367338543809133,0.00145,1.097424412094065,1.4090019569471623,0.00783,0.97408,0.85005,0.0,0.0363941769316909,0.0,0.95,0.66,0.4,,
547027,6d0fe035,1285866,4701106.0,Habib Diarra,Habib Diarra,Sunderland,8472.0,Sunderland,8472.0,179.0,right,22.0,Senegal,45.26805,CM,DM/RM/CM/AM,True,Hamstring injury - Unknown return date,10.0,0.6260053766786626,0.0917361162005427,0.4398870195259733,0.0940440927941984,0.1712354487420203,1.875,0.859879651234189,22.840967702321013,0.13553,0.0,0.0,0.7073560112980474,0.2951558392790087,0.192171,0.4280886218550506,0.1285323609845032,3.337836178312661,0.8187059577194106,0.00145,1.3616603217487415,1.25,0.00435,0.92059,0.533333,0.6,0.1237873019771583,0.0,0.95,0.66,0.4,Premier League,
590012,c80f8c9d,1418099,,Caleb Kporha,Caleb Kporha,,,,,170.0,right,19.0,England,1.74657,RM,RB/RWB/RM,False,,62.0,1.0,0.08667,0.40579,0.10558,0.33336,1.0,1.97236,17.419354838709676,0.17372,0.0,0.00233,2.903225806451613,0.63396,0.21646,0.95627,0.14572,5.22697,1.33434,0.00112,2.903225806451613,1.15568,0.0041,0.82073,0.43082,0.0,0.08667,0.0,0.95,0.66,0.4,,
481655,3ee0dd59,1031325,4700634.0,Martín Zubimendi Ibáñez,Martin Zubimendi,Arsenal,9825.0,Arsenal,9825.0,180.0,right,26.0,Spain,75.6972,CM,DM/CM,False,,22.0,1.1301022132922114,0.0494369023563901,0.1550584307178631,0.0495940405787502,0.0811990686845168,2.0393202266,1.294102742763033,31.625134604421355,0.08865,0.0,0.0,0.2565789473684211,0.0561122244488977,0.03008,0.784103935804356,0.2492972231744943,3.23012605308165,1.451612903225806,0.00159,0.4164339848424411,0.98967011,0.01509,0.94815,0.647059,0.0,0.0558687527712674,0.0,0.95,0.66,0.4,Premier League,
180135,a2b105e0,820024,4700977.0,Sean Longstaff,Sean Longstaff,Leeds United,8463.0,Leeds United,8463.0,181.0,right,28.0,England,18.43624,CM,DM/CM/AM,False,,8.0,0.8067040516538269,0.1421060322015101,0.3635955560543149,0.0855484279895769,0.24369868932738,3.3996023857,1.8189151894703317,30.078972508226308,0.08502,0.0,0.0,0.2857809946299323,0.5745975923170568,0.089021,0.6671876744445686,0.3116591928251122,3.945441035983441,0.8431560760222692,0.00191,1.1111349265887902,1.1630218687872764,0.00547,0.96939,0.7,0.0,0.1146375119414074,0.0,0.95,0.66,0.4,Premier League,
543295,b05f4787,1276312,4700921.0,Antoni Milambo,Antoni Milambo,Brentford,9937.0,Brentford,9937.0,175.0,right,20.0,Netherlands,27.37066,CM,DM/CM/AM,True,Knee injury - Unknown return date,45.0,1.4920201176402577,0.0773344903466213,0.2682965299684542,0.0533926740783868,0.1064668769716088,6.0,1.1555382215288612,14.959353146853145,0.12098,0.0,0.0,0.5640746500777606,0.0572289156626506,0.0,0.286144578313253,0.1340361445783132,2.2825509300265723,0.4848376739207991,0.00115,0.8224092116917625,0.79885,0.00562,0.84596,0.0,0.0,0.1153846153846153,0.0,0.95,0.66,0.4,Premier League,
616077,9008bb70,1635773,,Max Dowman,Max Dowman,Arsenal,9825.0,Arsenal,9825.0,183.0,left,16.0,England,0.05,CM,CM/AM/RW,False,,90.0,0.8993440456591782,0.3928960574072176,0.9609375,0.1357475858563044,0.3406940063091483,1.1764705882,1.4935622317596566,17.75057736720554,0.17865,0.0,0.0,2.1200923787528865,1.146814404432133,0.0,0.5825242718446603,0.5192307692307694,3.533487297921478,0.84721,0.00104,2.722863741339492,2.4000000000000004,0.00399,0.9158,0.0,0.0,0.3533487297921478,0.0,0.95,0.66,0.4,Premier League,
124165,59d93937,527549,,Patrick Roberts,Patrick Roberts,,,,,167.0,left,28.0,England,2.30367,RW,RM/LM/RW/ST/LW,True,has joined Birmingham City permanently.,28.0,0.6843185761541397,0.0955259715158914,0.3628071833648393,0.1365724549996261,0.1774635482923965,0.75646,0.977600749765698,20.494189315838803,0.12218,0.0,0.00047,1.6017806935332706,0.6292065598634942,0.14768,0.326334249691914,0.0492756064690027,2.749765698219307,0.6263679890560876,0.00202,0.7715500945179585,1.6,0.00175,0.93118,0.44988,0.0,0.0653701968134957,0.0,0.95,0.66,0.4,,
551226,ef491564,1356312,,Mateus Gonçalo Espanha Fernandes,Mateus Fernandes,Tottenham Hotspur,8586.0,Spurs,8586.0,178.0,right,21.0,Portugal,21.98553,AM,DM/RM/CM/AM/LW/ST,False,,45.0,0.9857604462970102,0.0705682614256737,0.2866272824919442,0.1026131596773433,0.1572490706319702,3.0654761905,2.4812513056193857,33.57985168163776,0.07388,0.0,0.0,0.9311155212032586,0.7192266380236306,0.0,0.8265504924775408,0.2597727272727272,4.700699811990807,0.96137339055794,0.0012,1.5238144975976602,3.24,0.00846,0.94446,0.657143,0.0,0.0695634008773762,0.0,0.95,0.66,0.4,Premier League,
158499,26ce2263,439369,4700940.0,Ryan Christie,Ryan Christie,AFC Bournemouth,8678.0,AFC Bournemouth,8678.0,178.0,left,30.0,Scotland,10.29593,DM,DM/RM/RW/LW,False,,94.0,0.7438458891477813,0.1071088229919331,0.5093153237074988,0.1258669282700605,0.2157123834886818,4.7872340426,2.201828724353256,29.632178820405,0.15882,0.0,0.0,1.416058394160584,0.5325565455791639,0.090543,1.3430639887902849,0.3382179153864335,6.5928958725240685,1.9345524542829644,0.00189,1.4911963882618513,1.9148936170212765,0.00227,0.9226,0.0,0.0,0.0796724576740068,0.0,0.95,0.66,0.4,Premier League,
204968,c1fe2a48,775614,4701031.0,Ryan Yates,Ryan Yates,Nottingham Forest,10203.0,Nottingham Forest,10203.0,190.0,right,28.0,England,14.26616,DM,DM/CM/AM,False,,604.0,0.7759893169608663,0.1111037134226996,0.3281018289668809,0.0345878656529209,0.0845740785940932,2.3841059603,1.770336093521676,24.70396980029225,0.1625,0.0,0.0,0.2455333683657383,0.0598431461695839,0.0,0.8248904042864101,0.3560959078200458,4.334875791524598,2.368865270396999,0.00214,1.8200194836824155,1.937086092715232,0.00221,0.93968,0.5,0.0,0.0862152946906965,0.0,0.95,0.66,0.4,Premier League,
91651,79c0821a,239219,4700656.0,Mateo Kovačić,Mateo Kovacic,Manchester City,8456.0,Manchester City,8456.0,178.0,right,31.0,Croatia,14.05395,DM,CB/DM/CM,False,,27.0,1.519853999723664,0.0705469121271162,0.2841969283766327,0.10604040409939,0.2116623711340206,1.6605166052,1.9066186514342471,62.2144420131291,0.13302,0.0,0.0,0.9380664652567974,0.0687350835322195,0.0,0.7872258560984993,0.0776566757493188,4.426695842450766,0.8887251289609434,0.00127,0.8543147208121826,0.9963099630996308,0.00484,0.92099,0.0,0.0,0.1072210065645514,0.0,0.95,0.66,0.4,Premier League,
223827,38f300f3,974268,4701095.0,Daniel Ballard,Daniel Ballard,Sunderland,8472.0,Sunderland,8472.0,187.0,right,26.0,Northern Ireland,13.22389,CB,CB,False,Hamstring injury - 75% chance of playing,90.0,0.6645135379934299,0.0735311749521526,0.2217962760131435,0.0147665155138492,0.0872973691203826,1.3826815642,0.9786452947259568,33.86447776628749,0.11751,0.0,0.0,0.1648955661414437,0.01062,0.12564,0.7040847983453982,0.6575491209927612,3.2621509824198553,7.260504201680673,0.002,0.9139607032057908,2.0,0.00553,0.96199,0.833333,0.0,0.0488624612202688,0.0,0.95,0.66,0.4,Premier League,
209365,d6e53a3a,769895,4700708.0,Matthijs de Ligt,Matthijs de Ligt,Manchester United,10260.0,Manchester United,10260.0,187.0,right,26.0,Netherlands,47.39669,CB,CB,True,Back injury - Unknown return date,1170.0,1.119073558519457,0.0617572393675914,0.3152495378927912,0.024852123334102,0.0878396201529939,1.4615384615,1.0207174956203822,48.30986975833772,0.08005,0.0,0.0,0.1359423274974253,0.0802492809204218,0.0,0.9304691058144828,0.6114316077121604,3.5985065620757273,4.33899332929048,0.0015,0.4637170973677893,0.4615384615384615,0.00506,0.95096,1.0,0.0,0.0691108936234284,0.0,0.95,0.66,0.4,Premier League,
465642,ff5ea0bf,1137407,4700842.0,Malick Thiaw,Malick Thiaw,Newcastle United,10261.0,Newcastle United,10261.0,194.0,both,24.0,Germany,34.49272,CB,CB,False,,90.0,0.5870833865523483,0.0681800406180017,0.2176911544227885,0.0248565551113917,0.0656079146055714,1.3360323887,1.2896341463414636,44.0755217242559,0.06922,0.0,0.0,0.2174872154818008,0.0395152792413066,0.060708,0.8177508559388991,0.7410832232496697,3.3014881970578167,3.99825327510917,0.00157,0.3262424878374511,0.8,0.01769,0.93577,0.939394,0.0,0.0400273691412931,0.0,0.95,0.66,0.4,Premier League,
465694,2c56a792,1280132,4700652.0,Nico González Iglesias,Nico González,Newcastle United,10261.0,Manchester City,8456.0,188.0,right,24.0,Spain,51.88078,DM,DM/CM/AM/ST,False,,1567.0,1.0887516459778737,0.0830788744528528,0.2405832320777643,0.0628992527711413,0.0646087580760947,2.4122527122,1.5155756207674942,41.74961765348481,0.11383,0.0,0.0,0.6479350033852403,0.0768761439902379,0.0,0.6612974404236541,0.2213325707749499,3.4017915665282934,1.4290718038528896,0.00135,0.6803583133056588,4.311377245508982,0.00606,0.9011,0.588235,0.0,0.0904522613065326,0.0,0.95,0.66,0.4,Premier League,
222694,f4d296e4,796974,4700881.0,Pascal Struijk,Pascal Struijk,Brighton & Hove Albion,10204.0,Leeds United,8463.0,190.0,left,26.0,Netherlands,20.77374,CB,CB,False,Hamstring injury - 75% chance of playing,2937.0,0.8421362820122207,0.0769341512450758,0.2179261862917399,0.0285433040505271,0.0784536668561682,1.1950970378,1.466654264719561,45.92754162403497,0.07184,0.0,0.0,0.148939304655274,0.2040816326530612,0.15327,0.8365028049824094,0.4516922186867226,3.799320993395962,4.577221952404081,0.00166,0.4812788018433179,0.8273748723186926,0.01731,0.96798,0.939394,0.05,0.070319040089294,0.0,0.95,0.66,0.4,Premier League,
183656,60344e4f,759566,4700914.0,Josh Dasilva,Joshua Dasilva,Brentford,9937.0,Brentford,9937.0,184.0,left,27.0,England,2.07114,CM,ST,True,Hamstring injury - Expected back 10 Oct,2.0,2.344548611892226,0.0826413778248679,0.394422310756972,0.1078550506915365,0.2151394422310756,0.57243,1.0665176076020124,28.695371367061355,0.09769,0.0,0.00117,2.039408866995074,0.4547591069330199,0.02643,0.3306797305572565,0.391020999275887,4.572658772874057,0.81917,0.00138,1.4285714285714284,0.7325,0.0045,0.89378,0.2974,0.0,0.193756727664155,0.0,0.95,0.66,0.4,,
184349,6aa3e78b,773991,4701049.0,Ryan Sessegnon,Ryan Sessegnon,Fulham,9879.0,Fulham,9879.0,178.0,left,25.0,England,18.51097,LB,LB/LWB/RW,False,,17.0,1.5530340856854885,0.1198436822764648,0.4915662650602409,0.1133144434733206,0.2248243559718969,2.3710208562,2.45377756921633,24.93612132352941,0.07728,0.0,0.0,0.6035321218326082,0.4282425172678434,0.197477,0.901725790987536,0.2878355225585379,3.902393242609104,2.7290533188248096,0.00136,0.4256255155347814,1.6300768386388584,0.00418,0.90198,0.7,0.0,0.1861213235294117,0.0,0.95,0.66,0.4,Premier League,
449871,828657ff,1185748,4700810.0,Amadou Onana,Amadou Onana,Aston Villa,10252.0,Aston Villa,10252.0,195.0,right,24.0,Belgium,47.79153,DM,DM/CM,True,Knee injury - Unknown return date,106.0,0.8929818247627258,0.093868244388332,0.2863549007046765,0.0487521897505883,0.1006821282401091,3.3962264151,2.5525672371638146,33.15914152662482,0.09028,0.0,0.0,0.5453360842653926,0.0726978998384491,0.0,1.173273395995096,0.4075911149450075,4.721401093338732,2.1388465723612624,0.00135,1.5707633124114193,0.8490566037735848,0.03182,0.92927,0.52381,0.0,0.0838226361611662,0.0,0.95,0.66,0.4,Premier League,
226182,ae5019e6,789646,4700969.0,Jayden Bogle,Jayden Bogle,Leeds United,8463.0,Leeds United,8463.0,178.0,right,25.0,England,14.44914,RB,RB/RWB/RM,False,,90.0,1.0245470330413877,0.0809481174694568,0.2509722467739084,0.0810034554814061,0.2000717102904266,2.1199143469,1.7212883959044372,19.04628839590444,0.11564,0.0,0.0,0.7429607508532423,0.3312366167023555,0.322234,0.8041091189843013,0.1598803975024184,3.5673634812286688,1.7127659574468086,0.0017,0.856661191320135,1.4634146341463417,0.01172,0.97167,0.5625,0.0,0.0829351535836177,0.0,0.95,0.66,0.66,Premier League,
212314,c6e8cf1f,556972,4701054.0,Saša Lukić,Sasa Lukic,Ipswich Town,9902.0,Fulham,9879.0,183.0,right,29.0,Serbia,15.10291,DM,DM/CM/AM,False,,90.0,0.506421805912023,0.0747008183902167,0.2428079834824501,0.0667850554518992,0.1499715962885817,2.5432525952,2.162244773199657,37.49219978231951,0.14162,0.0,0.0,0.3144758735440932,0.7170407840657606,0.103806,1.032914201183432,0.399026443888962,4.278510097956223,1.5243358887502227,0.00149,0.9603524229074892,2.456575682382134,0.00312,0.90606,0.6,0.15,0.0544201233522796,0.0,0.95,0.66,0.4,Premier League,
95658,d8931174,255610,4700706.0,Harry Maguire,Harry Maguire,Manchester United,10260.0,Manchester United,10260.0,194.0,right,32.0,England,12.22739,CB,CB,False,,90.0,0.9853471049375521,0.0788921040983331,0.2981735806314597,0.0277480077775791,0.1076948645504404,1.1963746224,1.063757245141493,43.90658029321514,0.16181,0.0,0.0,0.1754032258064516,0.076056338028169,0.0,1.1844527787248549,0.8133301707779884,3.680190930787591,4.749352667011912,0.00138,0.5518444666001994,1.4,0.01834,0.96758,0.684211,0.0,0.0777361063757245,0.0,0.95,0.66,0.4,Premier League,
500151,e041497d,1622290,4701016.0,Nicolò Savona,Nicolo Savona,Nottingham Forest,10203.0,Nottingham Forest,10203.0,192.0,right,22.0,Italy,16.86304,RB,RB/CB/LB/RWB,True,Knee injury - Unknown return date,1026.0,1.6886496643809086,0.0528243837758825,0.2038376848065429,0.0408249057184618,0.0915697674418604,1.7543859649,1.4110576923076923,32.73004694835681,0.07582,0.0,0.0,0.2418426103646832,0.6168313675486133,0.087549,0.4487610890180483,0.1953444479396036,2.778325123152709,1.6262626262626263,0.00154,0.4447115384615384,1.0526315789473684,0.00491,0.89974,0.818182,0.0,0.0892018779342723,0.0,0.95,0.66,0.4,Premier League,
106611,c5b7c315,290410,4701000.0,Michael Keane,Michael Keane,Everton,8668.0,Everton,8668.0,191.0,right,33.0,England,3.2153,CB,CB,False,,90.0,1.2643578875319825,0.0927004748790142,0.3471453122016422,0.0240067104770629,0.2012037833190026,1.250965251,1.0314178740029305,31.065603125508712,0.07377,0.0,0.0,0.2905178211163416,0.1238177128116938,0.0,1.186716587986326,0.7976085809741515,3.4868956535894515,6.27927927927928,0.00127,0.2973878097789685,0.5,0.0223,0.99068,0.931034,0.0,0.117206576591242,0.0,0.95,0.66,0.4,Premier League,
19236,da8b19e2,40602,,John Ruddy,John Ruddy,,,,,193.0,right,39.0,England,0.71387,,GK,False,,316.0,1.0,0.07416,0.3322,0.0027698533921557,0.25199,1.04764,1.75913,10.185511123113285,0.18441,0.0,0.00182,0.76149,0.46813,0.0509,1.00423,0.26382,6.14527,1.04065,0.00091,1.30916,1.2894,0.0227272727272727,0.9158,0.5357,0.0,0.07416,2.05971,0.95,0.66,0.4,,
81441,e32958b7,195668,4700848.0,Mark Gillespie,Mark Gillespie,Newcastle United,10261.0,Newcastle United,10261.0,190.0,right,33.0,England,0.39676,GK,GK,False,,2700.0,1.0,0.07416,0.3322,0.08585,0.25199,1.04764,1.75913,41.02509,0.18441,0.00371,0.00182,0.76149,0.46813,0.0509,1.00423,0.26382,6.14527,1.04065,0.00091,1.30916,1.2894,0.00706,0.9158,0.5357,0.0,0.07416,1.7812270225998508,0.95,0.66,0.4,,
570526,a109e5c8,1386775,4700793.0,Lucas Bergvall,Lucas Bergvall,Tottenham Hotspur,8586.0,Tottenham Hotspur,8586.0,186.0,right,19.0,Sweden,54.77148,CM,DM/CM/LM/AM/LW,False,,45.0,0.7459510270807852,0.0823889530145438,0.3648928818244644,0.0572702602946655,0.1660954389665172,1.5168539326,1.7859007832898168,28.046595701948185,0.12719,0.0,0.0,1.2002410122514562,0.3330930064888248,0.279793,0.7969802081207918,0.3783783783783784,3.738100020084355,1.1872863978127135,0.00128,0.8846153846153848,1.1538461538461535,0.05167,0.87952,0.0,0.0,0.0614581241213095,0.0,0.95,0.66,0.4,Premier League,
491279,8fe2a392,1097466,4700777.0,Micky van de Ven,Micky van de Ven,Tottenham Hotspur,8586.0,Tottenham Hotspur,8586.0,193.0,left,24.0,Netherlands,61.11337,CB,RB/CB/LB,False,,26.0,1.3103348227326896,0.0536369250904215,0.1198435608529658,0.0230253164270054,0.0614421846110083,1.3533834586,1.2710369281328375,48.277782545267314,0.09288,0.0,0.0,0.4413950262558208,0.0916666666666666,0.059191,0.6655121655554593,0.609330698513618,4.487241171921987,3.2549689062309475,0.00133,0.7021387133085116,0.75,0.02655,0.96341,0.914286,0.0,0.070282330730284,0.0,0.95,0.66,0.4,Premier League,
154296,a78ff07f,524434,,João Maria Lobo Alves Palhares Costa Palhinha Gonçalves,Joao Palhinha,,,,,190.0,right,30.0,Portugal,33.28618,DM,CB/DM/CM,False,,2197.0,1.2126198786676616,0.0953480387676592,0.3521778493109345,0.0252405803291162,0.0366897676314716,4.5061447428,4.073543101843232,34.714764475889034,0.13889,0.0,0.00531,0.4224558768306421,0.0332225913621262,0.01842,1.2807594698749885,0.2789179104477612,5.027834667659654,1.91556366955728,0.00132,1.4745857382237944,1.7847025495750708,0.00402,0.93836,0.652174,0.0,0.1156209272016384,0.0,0.95,0.66,0.4,,
678552,c96b1407,1860797,,Malcom DaCosta,Malcom Dacosta,,,,,193.0,right,17.0,Ecuador,,,,False,,59.0,1.0,0.07172,0.36806,0.07786,0.22855,1.12677,2.01294,25.93220338983051,0.28042,0.0,0.0015,1.5254237288135593,0.44218,0.06006,1.28427,0.27782,6.67137,1.22556,0.00088,1.17731,4.576271186440678,0.00711,0.9158,0.5357,0.0,0.07172,0.0,0.95,0.66,0.4,,
518906,87966294,1334834,,Owen Bevan,Owen Bevan,,,,,186.0,right,22.0,Wales,0.84778,,CB,False,,270.0,1.0398253175456538,0.0324776732899234,0.1013133208255159,0.0123502955707331,0.0557275541795665,1.0,0.8442776735459663,18.607879924953096,0.28042,0.0,0.0015,0.5572755417956656,0.0557275541795665,0.06006,0.8442776735459663,1.046904315196998,3.24202626641651,5.914285714285714,0.00088,0.3377110694183863,1.1428571428571428,0.00711,0.9158,0.5357,0.0,0.0337711069418386,0.0,0.95,0.66,0.4,,
658013,6c2a4c10,1896299,,Charlie Stevens,Charlie Stevens,,,,,,right,18.0,Wales,,,,False,,76.0,1.0,0.07172,0.36806,0.07786,0.22855,1.12677,2.01294,27.23684210526316,0.28042,0.0,0.0015,0.80844,1.1842105263157894,0.06006,1.28427,0.27782,6.67137,1.22556,0.00088,3.552631578947368,1.300578034682081,0.00711,0.9158,0.5357,0.0,0.07172,0.0,0.95,0.66,0.4,,
40383,c3e39f12,95336,4700945.0,Fraser Forster,Fraser Forster,AFC Bournemouth,8678.0,AFC Bournemouth,8678.0,201.0,right,37.0,England,0.21018,GK,GK,False,,4545.0,1.0,0.07172,0.36806,0.0005397418034431,0.22855,1.12677,2.01294,14.248721961398015,0.28042,0.0,0.0015,0.80844,0.44218,0.06006,1.28427,0.27782,6.67137,1.22556,0.00088,1.17731,1.68888,0.0,0.9158,0.5357,0.0,0.07172,1.98069,0.95,0.66,0.4,,
541462,cfed08d5,1347568,4700948.0,Matai Akinmboni,Matai Akinmboni,,,,,191.0,left,19.0,USA,1.59493,,CB,False,,438.0,1.0,0.0309245903960994,0.36806,0.0087627130893192,0.22855,2.0547945205,0.8760545100584035,22.777417261518497,0.28042,0.2054794520547945,0.0015,0.4537815126050419,0.1232876712328767,0.06006,0.770927968851395,0.5298840321141837,2.382868267358857,2.095890410958904,0.00088,0.4900990099009901,1.4383561643835616,0.00711,0.9158,0.5357,0.0,0.0,0.0,0.95,0.66,0.4,,
568791,9d316492,1475400,,Callan McKenna,Callan McKenna,,,,,,right,19.0,Scotland,0.65,,GK,False,,0.0,1.0,0.07172,0.36806,0.07786,0.22855,1.12677,2.01294,0.0,0.28042,0.0,0.0015,0.80844,0.44218,0.06006,1.28427,0.27782,6.67137,1.22556,0.00088,1.17731,1.68888,0.0,0.9158,0.5357,0.0,0.07172,0.0,0.95,0.66,0.4,,
444172,d8edc4be,1096635,4700939.0,Will Dennis,Will Dennis,AFC Bournemouth,8678.0,AFC Bournemouth,8678.0,188.0,right,25.0,England,1.2018,GK,GK,True,Has joined MK Dons permanently,0.0,1.0,0.07172,0.36806,0.005275437526753,0.22855,1.12677,2.01294,8.58229239691543,0.28042,0.0,0.0015,0.80844,0.44218,0.06006,1.28427,0.27782,6.67137,1.22556,0.00088,1.17731,1.68888,0.0,0.9158,0.5357,0.0,0.07172,1.7812270225998508,0.95,0.66,0.4,,
614574,5e18c6f4,1449690,4700935.0,Alex Tóth,Alex Toth,AFC Bournemouth,8678.0,AFC Bournemouth,8678.0,181.0,right,20.0,Hungary,6.27245,CM,DM/CM/LM/RW/AM/LW,False,,15.0,1.0,0.0280436983003335,0.15929203539823,0.0818674356888721,0.15929203539823,0.6569343066,0.8613861386138613,23.702970297029704,0.28042,0.0,0.0,0.6831683168316831,0.6371681415929202,0.0,1.158415841584158,0.4159663865546217,2.97029702970297,1.096638655462185,0.00088,0.7184873949579831,0.656934306569343,0.00711,0.92345,0.545455,0.0,0.0,0.0,0.95,0.66,0.4,NB I,
606774,1db75ccb,1702426,,Remy Rees-Dottin,Remy Rees-Dottin,,,,,,right,19.0,England,0.35,,,False,,76.0,1.0,0.07172,0.36806,0.07786,0.22855,1.12677,2.01294,20.13157894736842,0.28042,0.0,0.0015,1.1842105263157894,0.44218,0.06006,1.28427,0.27782,6.67137,1.22556,0.00088,1.1842105263157894,1.6265060240963856,0.00711,0.9158,0.5357,0.0,0.07172,0.0,0.95,0.66,0.4,,
467779,4876c9ab,970243,4700866.0,Mats Wieffer,Mats Wieffer,Brighton & Hove Albion,10204.0,Brighton & Hove Albion,10204.0,188.0,right,26.0,Netherlands,16.6028,RB,RB,True,Knee injury - Unknown return date,78.0,0.9500537863695356,0.0851826129259629,0.2298305084745763,0.076307463657514,0.1442106729831405,3.1132075472,2.370392984014209,36.02497779751332,0.10691,0.0,0.0,0.6741421843462659,0.1257668711656441,0.094587,1.1649644760213145,0.3068306343601608,5.1534191829484906,1.918358340688438,0.00156,0.8474258438458916,0.569620253164557,0.0054,0.93572,0.608696,0.0,0.0809280639431616,0.0,0.95,0.66,0.4,Premier League,
250199,20b3a502,827315,4701025.0,Nicolás Domínguez,Nicolás Dominguez,Nottingham Forest,10203.0,Nottingham Forest,10203.0,179.0,right,27.0,Argentina,21.26406,DM,DM/RM/CM/AM/LW,False,,90.0,0.7795003162667897,0.0896841388397061,0.4416989296287862,0.0769748713366743,0.1228048010107391,4.2893617021,3.1773049645390072,36.9452887537994,0.1762,0.0,0.0,0.480642222728308,0.1691133294186729,0.0,0.9225724804417852,0.298531211750306,5.171225937183384,1.6977177456916626,0.00142,0.9070409572020248,2.0,0.00854,0.82877,0.058824,0.0,0.0699088145896656,0.0,0.95,0.66,0.4,Premier League,
209036,d0706b27,844425,4700659.0,Marc Guéhi,Marc Guehi,Manchester City,8456.0,Manchester City,8456.0,182.0,right,25.0,England,43.55656,CB,CB,False,,90.0,0.794211260904311,0.0717857031833054,0.2087206516530905,0.0485669843513157,0.0984555984555984,0.2719033233,1.3187357983887626,49.03491014253253,0.09413,0.0,0.0,0.3246385452377404,0.1125,0.0,1.050407864463501,0.6030172108506268,4.734558975418301,4.253027570213862,0.0012,0.9539975058888736,0.4,0.01902,0.9906,1.0,0.0,0.0570130138401156,0.0,0.95,0.66,0.4,Premier League,
248056,1d36d6b6,935728,4700971.0,Tanaka Ao,Ao Tanaka,Leeds United,8463.0,Leeds United,8463.0,180.0,right,27.0,Japan,13.18035,DM,DM/CM/AM,False,,68.0,1.0610808046540794,0.0961825110965174,0.2621224573659338,0.0606213975605999,0.0890615024473292,4.21875,1.4387081339712915,33.12344497607656,0.10699,0.0,0.0,0.352520131225768,0.2358013841590684,0.0,0.8094312105007294,0.1452834157114312,4.16712918660287,0.8018707482993198,0.0015,0.8616746411483254,1.3953488372093024,0.01633,0.93953,0.0,0.0,0.1020574162679426,0.0,0.95,0.66,0.4,Premier League,
221632,a3d94a58,789066,4700780.0,Cristian Romero,Cristian Romero,Tottenham Hotspur,8586.0,Tottenham Hotspur,8586.0,185.0,right,27.0,Argentina,59.92583,CB,CB,True,Has joined Atletico Madrid permanently,611.0,1.2003748962613139,0.0731411475056521,0.2471122893391403,0.054275178864027,0.1068249258160237,2.209492635,2.135423430108524,55.28547763666482,0.14405,0.0,0.00834,0.2764505119453925,0.0633802816901408,0.04428,1.3514950166112956,0.571507454445058,5.148536720044175,3.7380056444026337,0.00127,0.6370634622606084,0.6474820143884893,0.03062,0.95071,0.681818,0.0,0.0877967973495306,0.0,0.95,0.66,0.4,Premier League,
535928,32e8417f,1310118,4700694.0,Stefan Bajčetić Maquieira,Stefan Bajcetic,Liverpool,8650.0,Liverpool,8650.0,185.0,right,21.0,Spain,14.05169,CM,CB/DM/CM,True,Has joined Celta Vigo permanently,975.0,1.1669590670539198,0.0443876418749191,0.2684897451833437,0.0420280251723191,0.132137030995106,2.6769230769,1.806474820143885,27.158633093525182,0.20765,0.0,0.00101,1.1160680529300568,0.2212467076382792,0.03021,0.9930121368150056,0.1870277078085642,4.626258992805755,0.801980198019802,0.00078,1.160031533307056,1.9384615384615385,0.0045,0.82064,0.28249,0.0,0.0517985611510791,0.0,0.95,0.66,0.4,,
97032,e06683ca,209405,4700687.0,Virgil van Dijk,Virgil van Dijk,Liverpool,8650.0,Liverpool,8650.0,193.0,right,34.0,Netherlands,9.99642,CB,CB,False,,90.0,1.1845294437320222,0.0756770017449831,0.2948769898697539,0.0291914888616278,0.0752998047782839,0.4615384615,0.7783502170767005,63.37381839014609,0.06507,0.0,0.0,0.0663164358327079,0.00473,0.026316,0.9474229772530952,0.5876700434153402,3.4298481810369523,5.170055452865065,0.0012,0.2939255388634879,0.2,0.02376,0.98346,1.0,0.01,0.0907476367802921,0.0,0.95,0.66,0.4,Premier League,
591386,1d3b3d77,1436258,,Trey Nyoni,Trey Nyoni,Liverpool,8650.0,Liverpool,8650.0,180.0,right,18.0,England,9.1073,DM,CB/DM/CM/AM,False,,21.0,1.6725776147111189,0.0333183666273039,0.409090909090909,0.0375425513757734,0.409090909090909,1.21822,1.071178529754959,32.54489164086687,0.20342,0.00374,0.00165,0.409090909090909,0.3746,0.03781,0.6130030959752322,0.1525423728813559,3.065015479876161,0.8415584415584414,0.00092,0.2716981132075471,1.3592,0.00868,0.93267,0.0,0.0,0.0557275541795665,0.0,0.95,0.66,0.4,,
207283,0f134faf,650616,4700915.0,Mathias Jensen,Mathias Jensen,Brentford,9937.0,Brentford,9937.0,173.0,right,30.0,Denmark,12.2535,DM,DM/CM/RW/AM,True,Unspecified injury - Expected back 10 Oct,67.0,1.9731350493334037,0.060876800622236,0.2726333907056799,0.1884056458932515,0.335246573737847,1.6385435169,1.91117003646006,31.87659993436167,0.06184,0.0,0.0,0.7672599478517174,1.5611534637056677,0.080107,0.9238826815642458,0.2121722395958624,4.918936659008862,1.2792892837312606,0.00139,0.7582103760114232,4.029850746268656,0.0026,0.92968,0.5,0.0,0.1201181489990154,0.0,0.95,0.66,0.4,Premier League,
535017,e839dde1,1712233,,Julian Eyestone,Julian Eyestone,,,,,200.0,right,19.0,USA,0.17,,,False,,0.0,1.0,0.06944,0.3322,0.07843,0.23027,1.06187,1.83492,33.11665,0.1979,0.0,0.00215,0.69369,0.43246,0.05138,1.10614,0.37601,6.26872,1.23716,0.00085,1.02021,1.16042,0.0,0.9158,0.5357,0.0,0.06944,0.0,0.95,0.66,0.4,,
622536,093f0923,1621143,4700905.0,Benjamin Arthur,Benjamin Arthur,,,,,,right,20.0,England,0.25,,RB/CB,True,has joined Celtic on loan for the rest of the season.,108.0,1.0,0.0296557058123934,0.3354037267080744,0.0316115606251179,0.23027,1.5734265734,0.8758389261744965,30.99161073825504,0.1979,0.0,0.00215,0.3354037267080744,0.6708074534161489,0.05138,0.6845637583892618,0.5402455661664394,1.998322147651007,5.20469798657718,0.00085,0.5234899328859061,1.16042,0.00823,0.9158,0.5357,0.0,0.0,0.0,0.95,0.66,0.4,,
466117,a6c58494,1192854,,Naouirou Ahamada,Naouirou Ahamada,,,,,183.0,right,23.0,France,2.65649,,RWB/CM/AM,True,has joined AJ Auxerre permanently.,77.0,2.0134052435958827,0.0422199671219209,0.2426559356136821,0.059075676940769,0.0966494845360824,1.1464968153,0.916297786720322,24.14167650531287,0.1932,0.0,0.00143,1.0200708382526569,0.1314432989690722,0.04656,0.4854284471509351,0.2358247422680413,4.420306965761512,0.6345083487940631,0.0008,0.8873239436619719,1.1464968152866242,0.0062,0.84381,0.36635,0.0,0.0850059031877213,0.0,0.95,0.66,0.4,,
628204,e02b5b36,1524063,,Yunus Emre Konak,Yunus Emre Konak,,,,,181.0,right,20.0,Turkiye,7.59534,,DM,True,has joined Oxford United on loan for the rest of the season.,85.0,0.99728,0.0113793537427135,0.0925304238355014,0.0090150441528867,0.0406626506024096,2.1070234114,1.6485522450692405,17.01426772975241,0.1979,0.0,0.00215,0.2983634074695762,0.3417721518987341,0.05138,1.0877045740663027,0.3474611833822912,3.467058329836341,0.9895734597156396,0.00085,0.9441879983214436,1.0588235294117647,0.00823,0.9158,0.5357,0.0,0.0,0.0,0.95,0.66,0.4,,
225796,1265a93a,807729,4700734.0,Reece James,Reece James,Chelsea,8455.0,Chelsea,8455.0,182.0,right,26.0,England,43.79498,RB,RB/CB/LB/DM/CM,False,Hamstring injury - 75% chance of playing,90.0,1.186269266117523,0.0563028600776557,0.3220413550373955,0.1530490817681042,0.3628691983122363,1.6981132075,1.672327672327672,48.94705294705294,0.08875,0.0,0.0,0.8948745574880713,1.0377524143985952,0.045848,1.0466676606530494,0.3208130799823243,4.862851434280006,1.6241610738255037,0.0012,0.95286439448876,0.9246575342465752,0.01658,0.8991,0.75,0.0,0.0667903525046382,0.0,0.95,0.66,0.4,Premier League,
606689,519db366,1433230,,Romelle Donovan,Romelle Donovan,,,,,,left,19.0,England,8.52771,,RW,False,,60.0,0.6612559040918803,0.1469177945575797,0.554525627044711,0.0820275372284492,0.2829896907216495,4.5,1.59743824336688,12.338082901554404,0.1979,0.0,0.00215,2.037968892955169,0.5056701030927835,0.05138,0.4075937785910338,0.1715542521994134,3.417200365965233,0.2034358047016274,0.00085,1.6787564766839376,1.847507331378299,0.00823,0.92345,0.0,0.0,0.0971502590673575,0.0,0.95,0.66,0.4,,
216051,d9565625,751550,4700716.0,Diogo Dalot Teixeira,Diogo Dalot,Manchester United,10260.0,Manchester United,10260.0,183.0,right,26.0,Portugal,39.96964,RWB,RB/LB/RWB/LWB/RM/LM,False,,10.0,0.6741352173815154,0.0614620595888974,0.2025516055045872,0.0752939878176163,0.1423027166882277,1.8233944954,1.8363215348991069,32.93271950016442,0.08976,0.0,0.0,0.7533522958147095,0.4937017472572124,0.13772,1.0204537980927326,0.3150555595903842,4.897467938178231,2.4717139499748195,0.00121,0.3105472997462848,1.5517241379310345,0.00349,0.96136,0.758621,0.0,0.041433738901677,0.0,0.95,0.66,0.4,Premier League,
76357,a8748947,182962,4701052.0,Tom Cairney,Tom Cairney,Fulham,9879.0,Fulham,9879.0,185.0,left,35.0,Scotland,1.01993,DM,DM/CM/AM,True,Knee injury - Expected back 10 Oct,763.0,1.6888835873805537,0.0816314300898842,0.2977993940360389,0.1221673147864763,0.2576464005967922,0.8256880734,1.1783127075158466,56.88499849079384,0.09054,0.0,0.0,0.9347160569416808,0.475879949717159,0.0,0.4664166382543471,0.1741214057507987,5.132281919710231,0.551969012265978,0.0012,1.372799632634318,1.1795543905635648,0.00759,0.95333,0.0,0.0,0.1378659824932085,0.0,0.95,0.66,0.4,Premier League,
535301,a1390d2f,1352713,4700880.0,Carlos Baleba,Carlos Baleba,Manchester United,10260.0,Brighton & Hove Albion,10204.0,179.0,left,22.0,Cameroon,70.24235,DM,CB/DM/CM/LM,False,,1662.0,0.6495474339713758,0.0713909885246938,0.3153526970954357,0.0329305019890253,0.0867918029963836,2.0036101083,2.4043321299639,37.51223701159295,0.12441,0.0,0.0,0.9707039790118056,0.1010857356795207,0.0,1.3293258909403176,0.4023845007451566,5.865665174057489,1.548,0.00106,1.5817947617003003,1.6787003610108304,0.0208,0.82979,0.130435,0.0,0.0463718334048948,0.0,0.95,0.66,0.4,Premier League,
97299,5eecec3d,263653,,John Stones,John Stones,,,,,188.0,right,31.0,England,13.88054,CB,RB/CB/DM,False,,15.0,1.593509620592446,0.0522019174079008,0.1840330650424189,0.0468700379233187,0.1303214596003475,0.5454545455,0.6548223350253807,55.74418604651163,0.05153,0.0,0.01358,0.3326333473330534,0.1889763779527558,0.02243,0.5235650956602894,0.5388186329438132,3.413237924865832,2.8945111492281304,0.00107,0.3899831176139561,0.9090909090909092,0.01547,0.91373,0.4,0.0,0.0831842576028622,0.0,0.95,0.66,0.4,,
481283,9417a430,1340673,,James Wright,James Wright,Aston Villa,10252.0,,,188.0,right,21.0,England,0.61587,,GK,False,,0.0,1.0,0.06809,0.31672,0.07558,0.22185,1.04205,1.84665,35.0,0.19018,0.0,0.00154,0.82408,0.30933,0.03969,0.85845,0.25365,5.32278,0.88746,0.00083,1.52247,1.3211,1.0,0.9158,0.5357,0.0,0.06809,0.0,0.95,0.66,0.4,,
232928,4e015693,950474,4701006.0,James Garner,James Garner,Everton,8668.0,Everton,8668.0,182.0,right,24.0,England,25.62547,DM,RB/LB/DM/CM/RW,False,,11.0,0.21641589320104948,0.0654772732771568,0.3238380809595202,0.1142227466439201,0.2406473554591298,3.1634446397,2.6785714285714284,33.69642857142857,0.09574,0.0,0.0,0.5394321766561515,0.9618045112781954,0.0,1.3269008104978772,0.2926984801785524,5.028801843317972,1.9827348066298347,0.00143,1.096277528746833,1.0909090909090908,0.01083,0.97843,0.973684,0.2,0.0362903225806451,0.0,0.95,0.66,0.4,Premier League,
210494,288e1e13,617310,,Nayef Aguerd,Nayef Aguerd,,,,,190.0,left,29.0,Morocco,21.59791,CB,CB/LB,True,has joined Marseille permanently.,15.0,0.5548125717919021,0.0690017937433666,0.1420256111757857,0.0114834237731793,0.0454067689720412,0.5,1.053417124901807,40.01624129930394,0.12005,0.0,0.00688,0.1895387432757239,0.0796851942941465,0.03916,0.7561983471074379,0.7358380377652325,3.7273781902552208,3.236538461538462,0.00149,0.3973734857919166,0.6040268456375839,0.0182,0.97399,0.89826,0.0,0.0382830626450116,0.0,0.95,0.66,0.4,,
444765,7bf9400b,919435,4700903.0,Sepp van den Berg,Sepp van den Berg,Brentford,9937.0,Brentford,9937.0,189.0,right,24.0,Netherlands,30.50375,CB,RB/CB,True,Groin injury - Unknown return date,2761.0,0.5485721608701908,0.0570313978498929,0.1795071047957371,0.026163025784797,0.0729209508924899,0.7497283593,1.092824724443484,31.76189793577981,0.06796,0.0,0.0,0.1263086026399635,0.1303751143641354,0.0,1.04905986600389,0.7543764858439593,4.107798165137615,4.011781579756173,0.00136,0.3486957852061501,0.4889532777978993,0.03857,0.99225,1.0,0.0,0.0312858371559633,0.0,0.95,0.66,0.4,Premier League,
106468,16e9d0ea,477588,,Álex Moreno Lopera,Álex Moreno,,,,,179.0,left,32.0,Spain,2.47331,LB,LB/LM,True,Has joined Girona permanently.,180.0,0.5784153310888147,0.0467854275751475,0.1885083498443249,0.082222868463194,0.1299153807864609,1.5129007037,1.305192552330288,21.99259858910605,0.1127,0.0,0.00925,0.8409853128252575,0.4319468373123307,0.06331,0.7682403433476396,0.2303716465665764,3.122470220885857,2.4438410269069366,0.00144,0.7004791398854738,0.8737864077669902,0.02268,0.94727,0.69646,0.0,0.0270614085810107,0.0,0.95,0.66,0.4,,
126184,eaeca114,417068,,Nathan Aké,Nathan Aké,,,,,180.0,left,30.0,Netherlands,18.39283,CB,CB/LB,False,,180.0,0.6722098044982104,0.0713745557159063,0.2026915682504806,0.0450371416768429,0.1392405063291139,0.5294117647,0.9895927601809954,58.70990670812971,0.04824,0.0,0.00214,0.1841506982786618,0.1093247588424437,0.06005,0.6445797807551766,0.2650306748466258,3.4584629053753884,2.558375634517767,0.00122,0.6173328056984566,0.8333333333333333,0.004,0.92493,0.666667,0.0,0.047978676143936,0.0,0.95,0.66,0.4,,
503139,104d0bb8,1233655,4700941.0,Alex Scott,Alex Scott,AFC Bournemouth,8678.0,AFC Bournemouth,8678.0,178.0,right,22.0,England,28.04267,DM,DM/CM/AM,False,,90.0,0.7784426648706521,0.0903719559424434,0.353960396039604,0.0828493849090296,0.1475575519371139,1.888772298,1.7734062127935923,27.57601510859301,0.12147,0.0,0.0,0.8662740899357603,0.4673768308921439,0.03159,0.9291283913693654,0.3069346390343886,4.991501416430594,2.223372781065089,0.00138,1.9376770538243624,0.8071748878923767,0.01271,0.87596,0.558824,0.0,0.0703493862134088,0.0,0.95,0.66,0.4,Premier League,
169593,27f4f772,562726,4701072.0,Remi Matthews,Remi Matthews,Crystal Palace,9826.0,Crystal Palace,9826.0,184.0,right,31.0,England,0.54402,GK,GK,False,,3.0,1.0,0.0664,0.32145,0.0015740536618977,0.2274,1.26791,2.23173,8.184239130434783,0.21703,0.00383,0.00182,0.52856,0.34986,0.06054,1.22415,0.2613,6.22915,1.33544,0.00081,1.14624,1.34647,0.00799,0.9158,0.5357,0.0,0.0664,1.7812270225998508,0.95,0.66,0.4,,
643426,,1690903,,Dean Benamar,Dean Benamar,,,,,,left,17.0,England,,,LB/LM,False,,90.0,1.5730232341357682,0.0664,0.3892893923789907,0.0015846513810434,0.1838819523269012,3.682487725,1.9845261121856868,10.027079303675048,0.21703,0.0,0.00182,1.2011605415860735,0.5516458569807036,0.06054,0.8355899419729208,0.2613,3.3945841392649907,1.0566426364572603,0.00081,0.5516458569807038,2.0,0.00799,0.9158,0.5357,0.0,0.104448742746615,0.0,0.95,0.66,0.4,,
631106,,1624029,,Ben Casey,Ben Casey,,,,,,right,17.0,England,,,LW,False,,19.0,1.2247786326026988,0.0664,0.7319277108433736,0.07746,0.0972972972972973,0.972972973,0.5837837837837838,4.228915662650602,0.21703,0.0,0.00182,0.52856,0.34986,0.06054,0.1945945945945946,0.2613,1.5451807228915662,0.1945945945945946,0.00081,1.6265060240963858,4.090909090909091,0.00799,0.9158,0.5357,0.0,0.0813253012048192,0.0,0.95,0.66,0.4,,
213999,8b3ab7ad,783505,,Edson Álvarez Velázquez,Edson Álvarez,,,,,186.0,both,28.0,Mexico,20.06791,CM,CB/DM/CM,True,Has joined Fenerbahçe on loan for the rest of the season.,75.0,0.8193501781763264,0.0420739814692364,0.1666391139031244,0.0356891697885431,0.0852130325814536,2.4,2.333655839668279,35.815321477428185,0.21461,0.0,0.0008,0.6520279720279722,0.1080691642651297,0.09503,1.1706293706293704,0.5129046695509474,4.633910034602075,1.6191530584002214,0.00151,0.7250883392226147,2.4000000000000004,0.01677,0.89208,0.58877,0.0,0.0344733242134063,0.0,0.95,0.66,0.4,,
494307,5383979b,1414691,4700671.0,Max Alleyne,Max Alleyne,Manchester City,8456.0,Manchester City,8456.0,185.0,both,20.0,England,0.52,CB,CB/RM,True,Has joined Burnley on loan for the rest of the season,180.0,0.6611952479943695,0.0308772319204373,0.6515837104072398,0.0160028608980575,0.0778008298755186,2.0,1.0673553719008266,37.86635160680529,0.1045,0.0,0.00739,0.4050802139037432,0.0462085308056872,0.01834,0.7086315789473686,0.3272727272727273,2.856521739130434,2.854820415879017,0.0012,0.2832589285714286,0.1357466063348416,0.01383,0.82856,0.70473,0.0,0.0204158790170132,0.0,0.95,0.66,0.4,,
441302,cab9634e,966026,4700829.0,Ian Maatsen,Ian Maatsen,Aston Villa,10252.0,Aston Villa,10252.0,178.0,left,23.0,Netherlands,31.77554,LB,CB/LB/CM,True,Ankle injury - Unknown return date,82.0,1.1105583980686178,0.0557031267212797,0.268850987432675,0.1141601874991398,0.2279187817258883,2.4202626642,1.73402172849173,33.87694510739857,0.08794,0.0,0.0,0.6929121725731896,0.4891505553270258,0.056075,0.994558936825886,0.1082806828874848,4.265011933174224,2.4386834986474297,0.00119,0.651781157497193,1.3636363636363638,0.01138,0.94644,0.470588,0.0,0.0618615751789976,0.0,0.95,0.66,0.4,Premier League,
577016,b7e62e1d,1400216,4700758.0,Josh Acheampong,Josh Acheampong,Chelsea,8455.0,Chelsea,8455.0,185.0,right,19.0,England,21.61731,CB,RB/CB/LB,False,,90.0,1.179305995191502,0.0498187325658594,0.2392344497607655,0.0203945317523351,0.2797927461139896,1.4932126697,1.4614443084455324,45.34149326805386,0.09704,0.0,0.0,0.999,0.1708185053380783,0.27027,0.8078335373317012,0.4604247104247104,2.922888616891065,2.102893890675241,0.00124,0.821080602302923,0.8144796380090499,0.02248,0.88922,0.125,0.0,0.0587515299877601,0.0,0.95,0.66,0.4,Premier League,
158983,c149016b,202643,4700686.0,Endo Wataru,Wataru Endo,Liverpool,8650.0,Liverpool,8650.0,178.0,right,32.0,Japan,7.14478,DM,CB/DM/CM,False,,171.0,1.0318822941866366,0.086916239463106,0.3558435900228734,0.0755680388631777,0.1094608817682142,3.6842105263,1.955842018650576,39.535655512890834,0.14645,0.0,0.0,0.6849448726705044,0.0667903525046382,0.0,0.851362742343355,0.2366938008766437,5.587767416346681,1.8665484932894405,0.00122,1.4242928452579036,1.0526315789473684,0.01181,0.94829,0.0,0.0,0.0896873285792649,0.0,0.95,0.66,0.4,Premier League,
626464,e504780f,1516030,,Gustavo Nunes Fernandes Gomes,Gustavo Nunes,Brentford,9937.0,,,173.0,right,20.0,Brazil,16.17714,,LW,False,,559.0,1.176568425994494,0.10273870878096,0.3443223443223443,0.0952091560913966,0.1229096989966555,2.0930232558,1.023809523809524,15.404761904761903,0.2185,0.0,0.0018,2.120879120879121,0.3964968152866243,0.0518,0.1704196519959058,0.1157407407407407,3.217948717948719,0.3887959866220736,0.0008,1.4578754578754578,1.6100178890876564,0.0078,0.9158,0.5357,0.0,0.1208791208791208,0.0,0.95,0.66,0.4,,
490000,9b526c28,1167456,,Blondy Nna Noukeu,Blondy Nna Noukeu,,,,,196.0,right,24.0,Cameroon,0.66319,,GK,True,has joined US Boulogne CO permanently.,0.0,1.0,0.06528,0.319,0.0023184474025453,0.2187,1.146,1.9747,13.571428571428571,0.2185,0.0,0.0018,0.7886,0.4134,0.0518,1.1132,0.2697,5.9477,1.0923,0.0008,1.2,1.3536,0.0,0.9158,0.5357,0.0,0.06528,0.0,0.95,0.66,0.4,,
500696,73d58203,1338086,,Nectarios Triantis,Nectarios Triantis,,,,,191.0,right,22.0,Greece,2.35213,CM,CB/DM/CM,True,has joined Minnesota United permanently.,1179.0,1.1028364887474504,0.0447632928036132,0.1805778491171749,0.0461736207187487,0.079846222090788,2.0840480274,1.311411609498681,22.34602324670236,0.2185,0.0,0.00176,0.6773746701846967,0.0840539605672777,0.0518,0.7058247355361107,0.2481416407622651,3.647250881546297,0.5003563791874555,0.0008,0.5327746992836869,1.4394516374714394,0.00762,0.92983,0.61308,0.0,0.0493665926603108,0.0,0.95,0.66,0.4,,
489571,667b65da,1227521,,Etienne Green,Etienne Green,,,,,191.0,right,25.0,England,0.41078,,GK,True,has joined FC Fredericia permanently.,0.0,1.0,0.06528,0.319,0.0006043589935307,0.2187,1.146,1.9747,11.15203929192151,0.2185,0.0,0.0018,0.7886,0.4134,0.0518,1.1132,0.2697,5.9477,1.0923,0.0008,1.2,1.3536,0.25,0.9158,0.5357,0.0,0.06528,0.0,0.95,0.66,0.4,,
530121,2f5fa231,1290411,,Zain Silcott-Duberry,Zain Silcott-Duberry,,,,,177.0,right,20.0,England,0.23,,LWB,True,has joined Olympiakos permanently.,31.0,0.5218225348753134,0.1251000017,0.319,0.00608222,0.2187,3.0,1.9747,12.0,0.2185,0.0,0.0018,3.0,0.4134,0.0518,1.1132,0.2697,5.9477,1.0923,0.0008,1.2,1.9230769230769231,0.0078,0.9158,0.5357,0.0,0.06528,0.0,0.95,0.66,0.4,,
533710,ad31049a,1482742,,Iwan Morgan,Iwan Morgan,,,,,,right,19.0,Wales,0.02,,LM/ST,True,has joined Shrewsbury on loan for the rest of the season.,42.0,0.948520945376674,0.1179300687950233,0.6691810344827587,0.113046298587742,0.1454741379310344,0.855513308,0.5237068965517241,7.8581046090108755,0.2185,0.0,0.0018,0.9787674779906784,0.5818965517241379,0.0518,0.4073275862068965,0.2697,2.572760227861212,0.4364224137931035,0.0008,0.5313309166235111,1.8694362017804156,0.0078,0.9158,0.5357,0.0,0.1118591403417917,0.0,0.95,0.66,0.4,,
666607,,1804258,,Sam Alabi,Adedamola Alabi,,,,,,right,16.0,England,,,RW,False,,122.0,1.0,0.06528,0.319,0.07448,0.2187,1.146,1.9747,38.3479,0.2185,0.0,0.0018,0.7886,0.4134,0.0518,1.1132,0.2697,5.9477,1.0923,0.0008,1.2,2.0,0.0078,0.9158,0.5357,0.0,0.06528,0.0,0.95,0.66,0.4,,
518442,40aaa04c,1331666,,Lewis Orford,Lewis Orford,,,,,189.0,right,19.0,England,0.89354,CM,DM/CM,True,has joined Stevenage on loan for the rest of the season.,135.0,7.850024377941142,0.0247555898490899,0.6739890164752869,0.0605693377832078,0.2156764852720918,8.0,1.2563451776649746,24.115384615384613,0.2185,0.0,0.0018,0.2930232558139535,0.5141700404858299,0.0518,0.5182186234817813,0.1817880794701986,3.2995951417004044,0.5384615384615383,0.0008,0.6376518218623481,0.8181818181818181,0.0078,0.9158,0.5357,0.0,0.194331983805668,0.0,0.95,0.66,0.4,,
437499,277c49ed,950485,4701070.0,Maxence Lacroix,Maxence Lacroix,Chelsea,8455.0,Crystal Palace,9826.0,190.0,right,25.0,France,42.10678,CB,CB,False,,90.0,0.8896781494457275,0.057741539728736,0.1828682235899165,0.0270803462070726,0.0994347379239465,1.125,1.5171237954040029,38.43513713862121,0.06731,0.0,0.0,0.2213303731534455,0.0740782500845642,0.0,1.1448480355819126,0.5085580304806564,3.2911045218680512,5.638576209309399,0.00117,0.5086062452399086,0.7417582417582418,0.02294,0.98158,0.942857,0.0,0.0513713862120088,0.0,0.95,0.66,0.4,Premier League,
490881,4f9091bc,1421810,,Toby Collyer,Toby Collyer,Manchester United,10260.0,Manchester United,10260.0,180.0,right,22.0,England,5.58521,CM,DM/CM,True,Has joined West Brom permanently,357.0,0.99511,0.0257432760060334,0.3065,0.0786745055454665,0.8602941176470589,3.025210084,1.7693498452012384,34.1749226006192,0.18904,0.0,0.0,0.8114754098360656,0.1638655462184874,0.0,1.2190402476780189,0.4122137404580152,4.395510835913313,1.2388235294117649,0.00084,0.5839100346020761,2.5210084033613445,0.00751,0.85522,0.0,0.0,0.0,0.0,0.95,0.66,0.4,Championship,
576756,c8365ab8,1553363,,Zépiqueno Redmond,Zepiqueno Redmond,,,,,,right,19.0,Netherlands,0.83,,LW/ST,True,has joined Huddersfield Town on loan for the rest of the season.,111.0,0.99584,0.0527113621343265,0.2750611246943765,0.0351221258967945,0.2187,1.8947368421,0.9,7.609090909090909,0.2185,0.0,0.00174,0.5391198044009781,0.4134,0.0518,1.1132,0.6835443037974683,1.299363057324841,0.926751592356688,0.0008,1.1434426229508197,2.151394422310757,0.00755,0.86361,0.41208,0.0,0.0,0.0,0.95,0.66,0.4,,
493837,7748a7c5,1096699,,Jay Matete,Jay Matete,,,,,170.0,right,24.0,England,0.46844,CM,DM/CM/AM,True,has joined MK Dons permanently.,16.0,1.5497192936351674,0.0373472884686487,0.163265306122449,0.0404638695228244,0.0612244897959183,4.6323529412,1.8830313014827016,23.522508038585208,0.2185,0.0,0.00173,1.0078194157568603,0.1808035714285714,0.0518,0.598489336492891,0.223469387755102,3.9229818780889625,0.3385579937304075,0.0008,1.3046623794212218,3.9705882353,0.0075,0.85831,0.489,0.0,0.0578778135048231,0.0,0.95,0.66,0.4,,
230046,6f7d826d,787350,,Douglas Luiz Soares de Paulo,Douglas Luiz,,,,,177.0,right,27.0,Brazil,32.11565,DM,DM/CM/AM,False,,79.0,1.772023280586204,0.082673470036148,0.4081611570247934,0.1237280259574072,0.2744140625,2.2426868906,1.7522754254056194,46.4085114728378,0.15369,0.0,0.00066,0.7226542773457226,0.7347874834369585,0.01788,0.8651064684612294,0.2573736855604001,4.933320258874288,0.8172531214528944,0.00126,1.2111931364724662,2.541176470588236,0.01187,0.92904,0.083333,0.0,0.1464993135909002,0.0,0.95,0.66,0.4,,
180736,5515376c,793907,,Trevoh Chalobah,Trevoh Chalobah,Chelsea,8455.0,Chelsea,8455.0,190.0,right,26.0,England,44.70998,CB,RB/CB,True,Has joined Como permanently,90.0,1.2608221103432182,0.0496052793066231,0.2006861063464836,0.0250258243713569,0.1143847487001733,1.132278936,1.205567883800686,52.4337337436712,0.0764,0.0,0.00785,0.2907330867957364,0.0566126749488913,0.02446,1.032847087626237,0.5207453927725729,3.554253946192792,4.874194081666392,0.00102,0.5847023682526135,0.6470165349,0.01655,0.96219,0.935484,0.0,0.0625434329395413,0.0,0.95,0.66,0.4,,
15157,2f90f6b8,38807,,James Milner,James Milner,,,,,175.0,right,40.0,England,0.95293,DM,DM,False,,778.0,0.5271476542191529,0.0407104615092103,0.1911421911421911,0.1353472272868011,0.2068425176286236,1.735218509,2.198121263877028,46.08640406607371,0.14621,0.0,0.00118,0.4745412251227707,0.9984468604393164,0.04812,1.040816326530612,0.3204068658614113,5.096569250317662,1.737265415549598,0.00058,0.9025844930417496,1.7352185089974292,0.02248,0.81861,0.142857,0.2,0.0190597204574332,0.0,0.95,0.66,0.4,,
448089,8b57ad2c,1174672,4704850.0,João Victor Gomes da Silva,Joao Gomes,Aston Villa,10252.0,Aston Villa,10252.0,176.0,right,24.0,Brazil,49.7786,CM,DM/CM/AM,False,,40.0,1.1100139560203945,0.0603652496701089,0.2370649106302916,0.0652080503395294,0.1017770597738287,3.3992234381,3.6148119122257056,36.7599921630094,0.14687,0.6923076923076923,0.0,1.0323423061470471,0.2956521739130435,0.031813,0.8375783699059562,0.2141503474415666,6.005877742946709,1.2382739212007503,0.00102,1.4284305993690851,3.4615384615384617,0.00218,0.93241,0.71875,0.0,0.0670062695924764,0.0,0.95,0.66,0.4,Premier League,
499726,d6455444,1431275,,Callum Olusesi,Callum Olusesi,Tottenham Hotspur,8586.0,Tottenham Hotspur,8586.0,175.0,right,18.0,England,0.55,CM,DM/CM,False,,14.0,2.390576877189424,0.06387,0.4271186440677965,0.072,0.1220338983050847,1.16032,1.5777568331762484,21.88501413760603,0.24584,0.0,0.0,0.5598491988689915,0.43567,0.0,0.5750798722044728,0.1725239616613418,2.3920829406220547,0.2123197903014416,0.00078,1.06880301602262,1.45211,0.00906,0.9158,0.666667,0.0,0.1526861451460885,0.0,0.95,0.66,0.4,PL2,
470294,56d838f7,1125874,4701176.0,Darko Gyabi,Darko Gyabi,Hull City,8667.0,Hull City,8667.0,196.0,right,21.0,England,1.93388,CM,DM/CM/AM,True,Thigh injury - Unknown return date,690.0,0.5094288337476237,0.0716670414284853,0.1896272285251215,0.0233964510244246,0.0410094637223974,2.2173913043,1.480029124193884,14.597149989598504,0.18984,0.0,0.0,0.6779643008924777,0.0847826086956521,0.128755,0.5301292743953296,0.1219032183375781,2.696622185154295,0.6684210526315789,0.00113,1.2976007043803657,1.565217391304348,0.005,0.95528,0.333333,0.0,0.0365092573330559,0.0,0.95,0.66,0.4,Championship,
227444,bee704fc,766611,4701013.0,Nikola Milenković,Nikola Milenkovic,Nottingham Forest,10203.0,Nottingham Forest,10203.0,195.0,right,28.0,Serbia,41.34519,CB,CB,True,Hamstring injury - Expected back 11 Oct,90.0,0.8608005726300767,0.0544055333905902,0.1330147058823529,0.0232449390125815,0.0480700754878222,0.8266666667,1.1538311434890074,33.53662026798491,0.07443,0.0,0.026667,0.0666004873206389,0.0718562874251497,0.026667,0.7448966239204396,0.5935618947919392,3.0461266684114103,4.478599828486785,0.00118,0.5123004449097095,1.6666666666666663,0.00369,0.97925,1.0,0.0,0.0468323142968648,0.0,0.95,0.66,0.4,Premier League,
211975,89ac64a6,521318,,Manuel Akanji,Manuel Akanji,,,,,188.0,right,30.0,Switzerland,16.38334,CB,RB/CB,True,has joined Inter Milan on loan for the rest of the season.,75.0,0.5715417510455896,0.0603907233156197,0.1535786494136676,0.0450533555022619,0.0741885625965997,1.35,1.2226155768429816,60.925352691412144,0.08811,0.0,0.00509,0.1083216421767702,0.082442748091603,0.00804,0.6846186085498743,0.3510384253563934,4.11786056704561,2.7146017699115044,0.00116,0.482751232054853,0.8716707021791767,0.02136,0.96591,0.89393,0.0,0.034515819750719,0.0,0.95,0.66,0.4,,
441164,27d0a506,941573,4700796.0,Pedro Porro Sauceda,Pedro Porro,Tottenham Hotspur,8586.0,Tottenham Hotspur,8586.0,176.0,right,26.0,Spain,51.90688,RB,RB/RWB,False,Hamstring injury - 75% chance of playing,25.0,1.1949913593815507,0.0670454173019979,0.3396954750160841,0.1499662873093962,0.3159567224029658,2.2340425532,2.033488766426452,32.59050445103858,0.08305,0.0,0.0,0.7024198822759973,1.5272882319499714,0.032189,0.953793980500212,0.3902510003637687,4.641797371767698,2.358475894245724,0.00106,0.9306973712796,0.4522613065326633,0.01082,0.96992,0.8125,0.0,0.0801186943620178,0.0,0.95,0.66,0.4,Premier League,
441266,b8e740fb,956683,4700678.0,Ryan Gravenberch,Ryan Gravenberch,Liverpool,8650.0,Liverpool,8650.0,190.0,right,23.0,Netherlands,98.67176,DM,CB/DM/CM,False,,78.0,0.9565999725343721,0.0707645951136466,0.3625678119349006,0.0905885180029332,0.114018691588785,1.0374639769,1.735046561604585,40.53545845272206,0.06802,0.0,0.0,0.987255348202094,0.1378763866877971,0.0,1.3772385386819486,0.2756934743564159,4.605569484240688,1.3635689569945626,0.00132,1.1741583094555874,1.875,0.00336,0.94182,0.823529,0.0,0.0676934097421203,0.0,0.95,0.66,0.4,Premier League,
491007,1e4319ac,1239595,4700754.0,Dário Luís Essugo,Dario Essugo,Chelsea,8455.0,Chelsea,8455.0,178.0,right,20.0,Portugal,29.20423,CM,DM/CM,True,Has joined RC Strasbourg on loan for the rest of the season,26.0,1.295168508339408,0.0121201792025744,0.110655737704918,0.0143494398180228,0.14978,3.0,1.616860465116279,22.03953488372093,0.24675,0.0,0.00088,0.5023255813953489,0.18546,0.0246,1.083139534883721,0.2511627906976743,3.3906976744186035,1.161885245901639,0.00064,0.9671641791044774,1.0,0.00514,0.8142,0.0,0.0,0.0156976744186046,0.0,0.95,0.66,0.4,,
432830,a8c19eb8,961306,4700909.0,Nathan Collins,Nathan Collins,Brentford,9937.0,Brentford,9937.0,193.0,right,24.0,Ireland,30.21054,CB,CB/RM,True,Calf injury - Unknown return date,90.0,0.7345627011956015,0.0628065682614027,0.1684613062292442,0.0343350465626157,0.142038698519079,0.9387617766,1.110931827349738,42.87993592310773,0.06315,0.0,0.030252,0.2674853176721836,0.0447519187114906,0.060504,1.0901192504258947,1.2175421209117938,4.284821786143372,5.856739191862108,0.00119,0.6773784355179704,0.9137055837563453,0.03663,0.9927,1.0,0.0,0.0461353624349219,0.0,0.95,0.66,0.4,Premier League,
179268,1daec722,873289,,Marc Cucurella Saseta,Marc Cucurella,,,,,177.0,left,27.0,Spain,39.04203,LB,LB/DM,False,,71.0,0.9172906797802743,0.0612973337754065,0.2543727557048535,0.0696098189533926,0.1179039301310043,0.96,2.226031237484982,40.45350420504605,0.12674,0.0,0.00691,0.149969518390571,0.3171806167400881,0.09442,0.8703778951645671,0.4321220109207306,4.026752102523028,2.387326841311205,0.00105,1.0207448938726469,0.96,0.01984,0.94705,0.83871,0.0,0.056227472967561,0.0,0.95,0.66,0.4,,
477064,b57e066e,1288450,4700653.0,Rico Lewis,Rico Lewis,Manchester City,8456.0,Manchester City,8456.0,169.0,right,21.0,England,70.28309,RB,RB/LB/DM/CM/RW/AM,False,,57.0,1.060057094032263,0.0628379758790952,0.2456263121063681,0.1125452665406843,0.2885572139303483,1.1194029851,1.2466647743400512,44.859375,0.07116,0.0,0.0,0.4825436408977556,0.302945301542777,0.0,0.5520848056537102,0.2595552466990966,3.5507666804807294,1.3541284403669729,0.0011,1.3791118421052628,1.5789473684210529,0.00681,0.95879,0.75,0.0,0.0666118421052631,0.0,0.95,0.66,0.4,Premier League,
220695,8a3ddcd2,886150,,Paris Maghoma,Edmond-Paris Maghoma,,,,,184.0,right,24.0,England,0.85287,,CM,True,has joined Norwich City permanently.,72.0,1.2150113563065017,0.0748894181468004,0.3239840989399293,0.0939036570151767,0.2139834777352408,1.25,1.011042402826855,17.67870589875889,0.16532,0.0,0.00197,0.9759601071747545,0.3407400343314896,0.05104,0.4383973044242601,0.2281410727406319,3.304272766508416,0.5645355850422196,0.00084,0.926619718309859,1.512605042016807,0.00754,0.93523,0.41208,0.0,0.0909914935155487,0.0,0.95,0.66,0.4,,
616222,c4ce0ab5,1580952,,Vitor de Oliveira Nunes dos Reis,Vitor Reis,Manchester City,8456.0,Manchester City,8456.0,186.0,right,20.0,Brazil,32.801,CB,CB,False,,3138.0,1.1161172442360985,0.0326905499175033,0.0735078534031413,0.0095057436425238,0.034416826003824,1.4340344168,1.0715127701375249,33.85424710424711,0.10856,0.02868068833652,0.028681,0.1116430903155604,0.04509,0.028681,0.6266397578203835,0.6266397578203835,2.6218146718146724,3.843970117395945,0.00103,0.4729124236252545,1.147227533460803,0.01382,0.93203,0.971429,0.0,0.0364864864864864,0.0,0.95,0.66,0.4,La Liga,
515621,b3b9b8b8,1187506,4701076.0,Chadi Riad Dnanou,Chadi Riad,Crystal Palace,9826.0,Crystal Palace,9826.0,186.0,left,22.0,Morocco,18.50652,CB,RB,True,Knee injury - Unknown return date,72.0,0.39748341121076314,0.0387823940057989,0.1850746268656716,0.0087294752749587,0.1624548736462094,0.5217391304,1.0843373493975903,33.76991150442478,0.14747,0.0,0.0,0.2207357859531772,0.23309,0.0,0.7372013651877133,0.3761194029850747,3.261952476381333,3.7337461300309593,0.00067,0.2688238954573739,2.5,0.0059,0.92713,0.333333,0.0,0.0154153582643448,0.0,0.95,0.66,0.4,Premier League,
210462,bced0375,795371,4701015.0,Ibrahim Sangaré,Ibrahim Sangaré,Nottingham Forest,10203.0,Nottingham Forest,10203.0,191.0,right,28.0,Ivory Coast,24.23046,DM,DM/CM/AM,False,,90.0,1.110921397259805,0.0608539959083333,0.2567444403937295,0.0682469058596033,0.1347840476584478,4.3656716418,2.409476117103236,34.303543913713405,0.13538,0.0,0.0,0.6526813003612115,0.1633252678880055,0.0,0.8668488871534558,0.5642349470296365,5.6307781201849,1.5464156781846312,0.00133,0.7665968312164464,1.7142857142857144,0.00945,0.91578,0.64,0.0,0.0676040061633281,0.0,0.95,0.66,0.4,Premier League,
247955,242e1043,881640,,Lutsharel Geertruida,Lutsharel Geertruida,,,,,184.0,right,25.0,Netherlands,24.70119,CB,RB/CB/RWB/DM,False,,5.0,0.8322022643923824,0.0805449753832091,0.210176179115434,0.0658313033181287,0.1038230527218991,1.9762611276,1.223279825764298,35.727917033715066,0.075,0.0,0.00814,0.4159132800842622,0.1347040926489351,0.03047,0.7239929526707778,0.2126736879369856,3.595819652438536,1.299065420560748,0.00146,0.4095931898174674,1.0465116279069768,0.01076,0.97655,0.823529,0.0,0.0670297108993353,0.0,0.95,0.66,0.4,,
469142,4fd08daa,974618,4700799.0,Jan Paul van Hecke,Jan Paul van Hecke,Tottenham Hotspur,8586.0,Brighton & Hove Albion,10204.0,189.0,right,25.0,Netherlands,38.71554,CB,CB,False,,90.0,0.6076362477947909,0.0660637508892932,0.2302814551118033,0.044211228019213,0.0862160723789249,2.0769230769,1.4668820678513732,64.09027653880463,0.10513,0.0,0.028037,0.1424021370594883,0.1740886385375704,0.11215,1.0057424118129614,0.7880483841848709,3.6931311329170384,4.711111111111111,0.00127,0.8553960166743864,1.4,0.02656,0.98846,0.972222,0.0,0.0401427297056199,0.0,0.95,0.66,0.4,Premier League,
428580,2944f86f,856685,4701123.0,Frank Onyeka,Frank Onyeka,Coventry City,8669.0,Brentford,9937.0,183.0,right,28.0,Nigeria,8.05528,DM,DM/CM/RW,False,,90.0,0.293266081907914,0.0750616799053548,0.3365570599613153,0.0670448079762669,0.1343169026095855,1.12204,1.926543488057684,23.666691372665287,0.15681,0.0,0.00102,0.6670872102192085,0.2368881118881118,0.08409,1.1369986480396572,0.3389670555936857,4.475985769344796,0.995575221238938,0.00118,2.1174850849013307,1.9936708860759491,0.00464,0.91203,0.38941,0.0,0.0220130447672694,0.0,0.95,0.66,0.4,,
465730,d494882e,1134871,4700863.0,Maxim De Cuyper,Maxim De Cuyper,Brighton & Hove Albion,10204.0,Brighton & Hove Albion,10204.0,183.0,left,25.0,Belgium,25.66467,LB,LB/LWB/LW,False,,78.0,1.4262098319557057,0.06356662156439,0.2211538461538462,0.1479780590264024,0.2678571428571428,1.2189616253,1.3255494505494507,27.967032967032964,0.08288,0.0,0.0,0.4100636649535935,1.2527472527472527,0.063649,0.7225274725274726,0.1432684165961049,3.471153846153846,1.2837860356607231,0.00119,0.6116437830789291,1.4823529411764709,0.00569,0.81614,0.294118,0.0,0.0906593406593406,0.0,0.95,0.66,0.4,Premier League,
672492,1bd530e8,1700817,,Joél Drakes-Thomas,Joél Drakes-Thomas,Crystal Palace,9826.0,Crystal Palace,9826.0,,right,16.0,England,,RWB,RWB/LWB/AM/RW/LW,False,,90.0,1.0,0.0381599992513656,0.2458270106221547,0.0833419222384691,0.2458270106221547,1.24888,1.7303070761014685,9.117647058823527,0.17263,0.0,0.0,1.0588235294117645,0.8194233687405159,0.0,0.2337662337662337,0.0949033391915641,2.705882352941176,0.6643233743409491,0.00071,1.4845360824742264,0.7317073170731708,0.00502,0.9103,0.4,0.0,0.0,0.0,0.95,0.66,0.4,PL2,
590014,702812fe,1422586,,Rio Cardines,Rio Cardines,Crystal Palace,9826.0,Crystal Palace,9826.0,175.0,left,19.0,Trinidad and Tobago,0.15,RWB,RB/RWB/LWB/LM/RW/LW,True,Has joined Bristol City on loan for the rest of the season,124.0,5.895932311616774,0.0097538411536949,0.2446206115515288,0.1933224672392795,0.3212307692307692,1.0,1.7180511182108622,14.381789137380192,0.17263,0.0,0.00284,0.3461538461538461,1.4361702127659572,0.16819,0.6795302013422819,0.0989917506874427,2.2547923322683703,1.7037643207855973,0.00071,0.4015384615384615,0.2760736196319018,0.00502,0.9103,1.0,0.0,0.0575079872204472,0.0,0.95,0.66,0.4,,
516895,c6220452,1292810,4700723.0,Kobbie Mainoo,Kobbie Mainoo,Manchester United,10260.0,Manchester United,10260.0,184.0,right,20.0,England,61.42514,DM,DM/AM/ST/LW,False,Unspecified injury - 75% chance of playing,23.0,1.9414224118553762,0.0449529822772173,0.2134268537074148,0.0829859878309071,0.1713805656678801,1.9600725953,2.0339449541284407,39.91909090909092,0.13199,0.0,0.0,1.301137248792647,0.1288378225654549,0.054152,1.050098879367172,0.3874222296956449,4.6651376146789,0.9917090131051084,0.00086,1.1136044880785414,1.0084033613445378,0.02795,0.92343,0.875,0.0,0.0872727272727272,0.0,0.95,0.66,0.4,Premier League,
618873,dedb9d04,1710742,,Sékou Koné,Sékou Koné,,,,,176.0,right,19.0,Mali,0.02,DM,DM/CM/AM,True,has joined Lausanne-Sport on loan for the rest of the season.,186.0,1.0,0.0129126624458215,0.1753246753246752,0.0828016524191026,0.1120331950207468,3.515625,1.4025974025974026,16.36827195467422,0.22712,0.169172932330827,0.00218,0.7889610389610391,0.1120331950207468,0.03678,0.8766233766233766,0.2240663900414937,3.418831168831169,1.008298755186722,0.00077,0.688385269121813,1.6917293233082706,0.01119,0.9192,0.5796,0.0,0.0,0.0,0.95,0.66,0.4,,
519913,81a92add,1676985,,Tyler Fletcher,Tyler Fletcher,Manchester United,10260.0,Manchester United,10260.0,,right,18.0,Scotland,0.09,DM,DM/CM/AM,False,,90.0,1.0,0.05917,0.1935483870967742,0.07429,0.2494226327944572,1.52965,0.7781659388646288,32.517903930131006,0.22712,0.0,0.0,0.1851428571428571,0.2806004618937645,0.0,0.3506493506493506,0.0738714090287277,2.6174672489082966,0.648,0.00077,0.5187772925764191,1.0,0.01119,0.9192,0.8125,0.0,0.0,0.0,0.95,0.66,0.4,PL2,
215136,dd323728,1078788,4701028.0,Neco Williams,Neco Williams,Nottingham Forest,10203.0,Nottingham Forest,10203.0,188.0,right,24.0,Wales,23.59924,LB,RB/LB/RWB/LWB/LM,False,,90.0,0.5207475114922377,0.0589254955062223,0.3465722673113453,0.0854207756014606,0.11,2.6949469744,2.8819140725495243,24.4255028980566,0.10339,0.0,0.0,0.7590456906417818,0.7358145210494205,0.11236,1.1965504850880346,0.4408963077202213,4.641152403682236,2.8840048840048835,0.0011,1.4010126147773108,1.2000000000000002,0.01417,0.97938,0.916667,0.0,0.0306853051483123,0.0,0.95,0.66,0.66,Premier League,
577114,b7672d43,1458757,,Luis Guilherme Lira dos Santos,Luis Guilherme,,,,,175.0,left,19.0,Brazil,20.5136,,AM/LW,True,has joined Sporting CP permanently.,58.0,0.3741170948296233,0.1626669823808569,0.4797356828193833,0.1364544912302356,0.2650306748466258,0.7438016529,0.6681380417335474,20.58978211870774,0.18576,0.0,0.0017,1.963063763608087,1.426780116435289,0.04404,0.6543730242360378,0.2177419354838709,2.7689706987227645,0.4225352112676056,0.00072,1.7700121901665988,1.12779,0.00739,0.76317,0.44642,0.0,0.0608564988730277,0.0,0.95,0.66,0.4,,
84450,e61b8aee,207236,4701108.0,Granit Xhaka,Granit Xhaka,Sunderland,8472.0,Sunderland,8472.0,185.0,left,33.0,Switzerland,17.34398,CM,DM/CM,False,,90.0,1.2550643443891043,0.0572857711922708,0.2682463167900061,0.1264847347078578,0.2031217042817971,0.75,1.173913043478261,56.91104808560011,0.09693,0.0,0.0,0.3318217665615142,0.3499186434871971,0.0,0.526264210113681,0.3118958374432827,5.04995487946371,2.0142551674982183,0.00087,1.0902137674053736,1.0,0.01901,0.97763,0.9375,0.1,0.0829573288642516,0.0,0.95,0.66,0.4,Premier League,
567121,16168a0f,1416710,,Joe Knight,Joe Knight,,,,,164.0,right,20.0,England,0.09,DM,CB/DM/CM,True,has joined Stevenage permanently.,31.0,1.5764987247876978,0.05786,0.2117647058823529,0.07243,0.20395,1.34272,1.003378378378378,24.08108108108108,0.2488,0.00422,0.00232,0.9418604651162789,0.1285714285714286,0.02923,0.8209459459459458,0.1285714285714286,3.375,0.9681274900398404,0.00076,0.7297297297297298,1.48866,0.0114,0.9192,0.5796,0.0,0.0912162162162162,0.0,0.95,0.66,0.4,,
97846,1a5e36e7,279481,,Alex Cairns,Alex Cairns,Leeds United,8463.0,,,183.0,right,33.0,England,0.6271,GK,GK,False,,0.0,1.0,0.05785,0.31614,0.0030364466650504,0.19133,1.16743,1.99246,12.313518042978782,0.18303,0.0,0.00207,0.74825,0.43732,0.06653,1.18347,0.20594,5.88578,1.06201,0.00071,1.16335,1.14444,0.0,0.9158,0.5357,0.0,0.05785,1.7812270225998508,0.95,0.66,0.4,,
465702,f8ce97ca,1108603,,Timothée Pembélé,Timothée Pembélé,,,,,182.0,right,23.0,France,2.53854,LB,RB/CB/LB,True,has joined Le Havre AC on loan for the rest of the season.,70.0,0.4488356345493462,0.0671192763979176,0.2840320301460198,0.0375433038157152,0.11693,2.654155496,1.8395397489539749,20.385564853556488,0.15666,0.0,0.00756,0.9266409266409266,0.2961689587426326,0.0672,0.8435146443514645,0.2772752967778406,2.4985355648535563,2.7630402384500745,0.00128,0.6252446183953034,2.5961538461538463,0.00652,0.89694,0.50338,0.0,0.0301255230125523,0.0,0.95,0.66,0.4,,
231065,e541326e,711357,4700904.0,Ethan Pinnock,Ethan Pinnock,Coventry City,8669.0,Brentford,9937.0,187.0,left,32.0,Jamaica,5.91427,CB,CB,False,,321.0,0.9995511475554067,0.0731101848999252,0.2457256461232604,0.0286106259596428,0.060893098782138,1.4018691589,1.4781060875756498,36.21923210764413,0.03992,0.0,0.283019,0.1502982107355864,0.0780403208324301,0.0,1.219581411848173,0.9668970534739904,3.5118895719754093,6.319640564826702,0.0012,0.3247600767754319,0.3191489361702128,0.04657,0.96427,0.25,0.0,0.0730773692147082,0.0,0.95,0.66,0.4,Premier League,
231416,66c52a77,774448,4700883.0,Ferdi Kadıoğlu,Ferdi Kadioglu,Brighton & Hove Albion,10204.0,Brighton & Hove Albion,10204.0,173.0,right,26.0,Turkiye,27.25211,LB,RB/LB/LWB/RWB/RW/LW,False,,160.0,0.9583891974096207,0.0483898711635963,0.2394270122783083,0.0867234372998914,0.1013789085259273,1.125,1.346076458752515,28.138464095744684,0.06029,0.0,0.0,0.6922483940042827,0.4901740595171251,0.201085,0.6154105263157894,0.126231993934799,3.725018782870024,2.2520737327188938,0.00101,0.9993351063829786,0.5389221556886228,0.00459,0.95964,0.882353,0.0,0.046376329787234,0.0,0.95,0.66,0.4,Premier League,
465351,e6af02e0,955529,4700670.0,Matheus Nunes,Matheus Nunes,Manchester City,8456.0,Manchester City,8456.0,183.0,right,27.0,Portugal,43.15468,RB,RB/RW,False,,33.0,0.7392997498492768,0.058883807220658,0.2640675241157556,0.1067200689811816,0.232442634349856,1.7905759162,1.6969478056709408,43.28771049802937,0.07386,0.0,0.0,1.1670579736319309,0.4629217828483032,0.125786,0.7380599777860053,0.203578038247995,4.403260480114654,2.2350272232304897,0.00102,1.2873397146469208,0.4225352112676056,0.03422,0.93846,0.875,0.0,0.0435327839484055,0.0,0.95,0.66,0.4,Premier League,
534836,e0b5d31b,1242194,,Travis Patterson,Travis Patterson,,,,,178.0,right,20.0,England,0.15,LWB,LB/LWB,False,,156.0,1.0,0.0151826091434644,0.2779922779922779,0.0396735525649526,0.2779922779922779,1.1538461538,1.5289575289575288,12.09266409266409,0.14248,0.0,0.00274,0.798521256931608,0.3474903474903475,0.1121,0.5559845559845559,0.19318,2.0154440154440154,1.7908163265306118,0.00073,1.945945945945946,1.1538461538461535,0.00773,0.907,0.5476,0.0,0.0,0.0,0.95,0.66,0.4,,
101148,450ab6fc,279489,,Jamaal Lascelles,Jamaal Lascelles,,,,,188.0,right,32.0,England,1.62142,CB,CB,True,has joined Leicester City permanently.,19.0,1.1046873037172358,0.0558769473845654,0.1612777561355668,0.017017057600829,0.0986509274873524,0.51977,0.7524767337135996,30.4499776353064,0.16111,0.00221,0.02179,0.1282266174991619,0.01822,0.02118,0.694097048524262,0.9249521988527726,3.4493066944982864,4.392408846383742,0.001,0.3064104608515388,0.95489,0.00649,0.942,0.87704,0.0,0.0617265543462054,0.0,0.95,0.66,0.4,,
115556,44781702,276121,4700771.0,Ben Davies,Ben Davies,Tottenham Hotspur,8586.0,Tottenham Hotspur,8586.0,181.0,left,32.0,Wales,3.53466,CB,CB/LB/LWB,False,,90.0,0.9501803612157607,0.0658565225291644,0.1838324389821707,0.0392426437618367,0.1572739187418086,3.2608695652,1.227781230577999,45.511487303506655,0.11936,0.0,0.0,0.1950650216738912,0.2070476538250867,0.0,0.7143732761262641,0.7152124554005839,3.077085852478839,4.980582524271845,0.00118,0.7016752577319587,1.3043478260869563,0.01338,0.95641,0.0,0.0,0.0625755743651753,0.0,0.95,0.66,0.4,Premier League,
460028,7.01E+12,1096400,4700747.0,Levi Samuels Colwill,Levi Colwill,Chelsea,8455.0,Chelsea,8455.0,187.0,left,22.0,England,55.94361,CB,CB,False,,90.0,0.565376695052008,0.0595384254326741,0.1492368569813453,0.0284061512112844,0.0887096774193548,1.2,1.409096732863549,58.043884802393706,0.16389,0.0,0.00388,0.2315270935960591,0.0880913539967373,0.10008,1.077658303464755,0.5793323580263332,4.106719860366538,3.521148036253777,0.00115,0.613240418118467,0.5263157894736842,0.01479,0.97422,0.90015,0.0,0.0336616381997257,0.0,0.95,0.66,0.4,,
476502,999ceb5f,1054122,,Boubacar Traoré,Boubacar Traore,,,,,183.0,right,24.0,Mali,4.68704,DM,DM/CM,True,Has joined FC Metz on loan for the rest of the season.,9.0,0.4809695599067967,0.0422278203962745,0.197598627787307,0.0223867381797381,0.2222222222222222,3.0409777139,2.499428571428572,29.74950634696756,0.20506,0.0,0.00174,0.9265573770491804,0.1606490872210953,0.01481,0.832722143864598,0.1748201438848921,5.118194640338505,0.8020369191597709,0.00098,0.4114285714285715,2.070452911574407,0.00782,0.88325,0.63845,0.0,0.0203102961918194,0.0,0.95,0.66,0.4,,
492066,6d646ff7,1206310,,Niall Huggins,Niall Huggins,,,,,173.0,right,25.0,Wales,0.41543,RM,RB/CB/LB/RWB/RM,True,has joined Wycombe Wanderers on loan for the rest of the season.,817.0,1.2171140557615157,0.0347749302812273,0.1316155988857938,0.0614379735180225,0.0716745587602238,1.3219094247,0.9633182844243792,22.16478555304741,0.17952,0.0,0.0024,0.7720090293453723,0.2343951786482995,0.14861,0.912528216704289,0.1507936507936508,3.289077958053027,1.2531645569620251,0.00071,0.7514839730906213,0.8812729498164014,0.00368,0.78435,0.44724,0.0,0.0423250564334085,0.0,0.95,0.66,0.4,,
155405,4f565d77,609755,4700672.0,Kalvin Phillips,Kalvin Phillips,Manchester City,8456.0,Manchester City,8456.0,177.0,right,30.0,England,11.78956,DM,DM,True,Has joined Sheffield United on loan for the rest of the season,32.0,1.2542009037654394,0.0428653054819841,0.236629213483146,0.0300503165536603,0.3417721518987341,5.5900621118,2.289958023894091,39.15450435905715,0.19487,0.0,0.0,0.3836001730852444,0.4590085795996186,0.0,1.457814168743325,0.4483047300125576,4.670003228931224,2.36217008797654,0.00071,1.3606194690265487,2.655737704918033,0.02456,0.93034,0.0,0.0,0.0537617048756861,0.0,0.95,0.66,0.4,Championship,
437742,1b4f1169,901495,,Albert Sambi Lokonga,Albert Sambi Lokonga,,,,,183.0,right,26.0,Belgium,6.51142,CM,CM/AM,True,has joined Hamburger permanently.,60.0,1.5423410072970856,0.0506215612564212,0.2738231917336395,0.0522629838281131,0.1049488054607508,1.6296728972,1.3945686900958465,35.37113564668769,0.17375,0.0,0.00102,0.3967789165446559,0.1757705218187366,0.02212,0.6877998629198081,0.4675534783390257,3.47223974763407,0.9249214958606908,0.00078,1.331129032258065,1.4007782101167314,0.00742,0.90975,0.50088,0.0,0.0780757097791798,0.0,0.95,0.66,0.4,,
201895,bb08bce9,751998,4701101.0,Omar Alderete,Omar Alderete,Sunderland,8472.0,Sunderland,8472.0,188.0,left,29.0,Paraguay,13.40518,CB,CB,False,,23.0,0.5319142044766734,0.0359652639873195,0.2047291230170607,0.0238660770873336,0.0462770691189557,1.0278372591,0.8649122807017545,20.03304347826087,0.11257,0.0,0.0,0.3985109717868338,0.0541760722347629,0.160829,0.7384161337924249,0.5621664360545562,2.852173913043478,5.511976047904192,0.00106,0.2675845555222987,0.5590062111801242,0.00676,0.95808,0.84375,0.0,0.0191304347826086,0.0,0.95,0.66,0.4,Premier League,
215379,de31038e,1089691,4700647.0,Elliot Anderson,Elliot Anderson,Manchester City,8456.0,Nottingham Forest,10203.0,179.0,right,23.0,England,52.75236,DM,DM/CM/AM/LW,False,,63.0,0.7377913807276276,0.0785652872482086,0.3041910770617396,0.1268924655862226,0.2413593804184487,2.9810725552,2.585158548545276,42.96157148990983,0.11252,0.0,0.0,1.3359982713915295,0.9113397295110393,0.054038,1.0219025825433148,0.3421815231250724,6.669815371404037,1.599341834635952,0.00102,1.9642741149723937,1.3012048192771084,0.00294,0.97078,0.891892,0.0,0.0579647917561185,0.0,0.95,0.66,0.4,Premier League,
17761,15ea812b,243138,4701008.0,James Tarkowski,James Tarkowski,Everton,8668.0,Everton,8668.0,185.0,right,33.0,England,9.83582,CB,CB,False,,90.0,0.623785465064339,0.0649202663167562,0.1926525889499566,0.0599702143096112,0.1262644908808978,1.3783783784,1.530646051905025,32.64862285246796,0.10588,0.0,0.0,0.2453400132616223,0.0666765446732849,0.054054,1.2606667581286872,1.4578674665939455,3.6863921461685294,6.165773893431069,0.00127,0.7865276443956649,0.2,0.02473,0.98831,1.0,0.0,0.0404963185164985,0.0,0.95,0.66,0.5,Premier League,
577285,28795530,1607333,,George Hemmings,George Hemmings,Aston Villa,10252.0,Aston Villa,10252.0,,right,18.0,England,,DM,DM/CM/AM,False,,90.0,0.99927,0.0989346134548003,0.3143507972665147,0.049298705652733,0.3996937212863706,1.14962,1.4804177545691903,15.896866840731072,0.19548,0.0,0.0018,0.881201044386423,0.4826216484607745,0.02682,0.6400862068965516,0.1163793103448275,2.92360633172746,0.5415472779369628,0.00073,0.9635036496350364,1.806020066889632,0.01227,0.9192,0.5796,0.0,0.0,0.0,0.95,0.66,0.4,,
229384,b1be9fc0,863359,,Andy Irving,Andy Irving,,,,,190.0,left,25.0,Scotland,2.27462,,DM/CM,True,has joined Sparta Prague permanently.,322.0,3.146487066116354,0.0680444611934425,0.5054925584691707,0.1539056345241741,0.3364635010630759,1.062992126,1.6259265643854508,34.50129288053784,0.20111,0.0,0.00168,1.3027994330262225,0.7366095103411703,0.04295,0.8641613514911222,0.1660058610584381,4.984830201689364,0.8192934782608695,0.00065,0.6569808646350107,0.9022556390977444,0.0073,0.93523,0.41208,0.0,0.214101017066023,0.0,0.95,0.66,0.4,,
110735,c40b6180,303346,,Adam Webster,Adam Webster,,,,,185.0,right,31.0,England,5.40184,CB,CB,False,,888.0,0.6818103182897916,0.0596135907597793,0.1662768942937324,0.0243992780720719,0.0891640866873065,1.0135135135,1.0764184978681537,59.60322580645161,0.12197,0.0,0.01957,0.4044097125313982,0.052646972799064,0.01789,1.264696329977265,0.783484390735146,5.099999999999999,4.0540540540540535,0.00111,0.3447875551427908,0.7094594594594594,0.02807,0.93584,0.84116,0.0,0.0406451612903225,0.0,0.95,0.66,0.4,,
566213,c6685def,1613300,,Stephen Mfuni,Stephen Mfuni,Coventry City,8669.0,,,180.0,left,17.0,England,0.08,CB,CB/LB,False,,672.0,0.47030172760477745,0.0631225429741399,0.1333333333333333,0.0233268360044071,0.0666666666666666,2.6785714286,1.4942275975810884,32.719626168224295,0.14269,0.0,0.00811,0.7792743265530511,0.075910931174089,0.02504,0.6855670103092784,0.340648854961832,3.08741066520066,2.76838905775076,0.00071,0.6038172353961826,1.0,0.01517,0.9534,0.8532,0.0,0.0296866410115448,0.0,0.95,0.66,0.4,,
530318,49375cdd,1244376,,Kaden Rodney,Kaden Rodney,,,,,189.0,right,21.0,England,0.9393,DM,DM/CM,False,,3.0,3.119238074113095,0.05444,0.222680412371134,0.0261588402092456,0.0818181818181818,1.3988,0.950943396226415,17.18490566037736,0.22309,0.00383,0.00213,0.2117647058823529,0.1270588235294117,0.04091,0.5592233009708739,0.2541176470588234,1.90188679245283,1.1472527472527474,0.00071,0.4194174757281553,1.35283,0.01106,0.9192,0.0,0.0,0.1698113207547169,0.0,0.95,0.66,0.4,,
152551,9b5ce51a,466672,4701078.0,Jefferson Lerma Solís,Jefferson Lerma,Crystal Palace,9826.0,Crystal Palace,9826.0,179.0,right,31.0,Colombia,6.16867,DM,CB/DM/CM/AM,False,,412.0,0.6632604488589026,0.0736063473878399,0.3289499129762135,0.0736169587908672,0.1251149954001839,0.4368932039,1.4353132628152967,34.23270951993489,0.14175,0.0,0.103866,0.3319002579535683,0.1437535653166,0.0,1.3181448331977217,0.4746593471228311,6.131814483319771,2.9825016202203507,0.00112,1.1189499589827725,1.3106796116504855,0.0097,0.93223,0.833333,0.0,0.048820179007323,0.0,0.95,0.66,0.4,Premier League,
78916,b2d31e83,188058,4700841.0,Dan Burn,Daniel Burn,Newcastle United,10261.0,Newcastle United,10261.0,201.0,left,33.0,England,6.73398,CB,CB/LB,True,Ankle injury - Expected back 12 Oct,32.0,0.7986793182840304,0.0624472307957789,0.1791750214838155,0.03183804118676,0.0908774373259053,1.6371077763,1.448877805486284,35.41770573566084,0.11443,0.0,0.0,0.158715162966462,0.0967063770147161,0.122783,0.819201995012469,0.617302160926322,3.4064837905236915,4.782826261008807,0.0011,0.2952620737010757,1.4733969986,0.00273,0.95764,0.84,0.0,0.0498753117206982,0.0,0.95,0.66,0.4,Premier League,
482609,d56b9520,1197250,4700760.0,Malo Gusto,Malo Gusto,Chelsea,8455.0,Chelsea,8455.0,179.0,right,22.0,France,32.10933,RB,RB/LB/DM,False,,76.0,0.5069341520136862,0.04568924209361,0.2083739045764362,0.1239044921881451,0.1936141304347825,3.8461538462,2.039988122339899,44.06552509155696,0.09467,0.0,0.039805,0.6039768019884009,0.7700050327126321,0.039805,1.112422360248447,0.2466939168069247,5.113332673463328,1.339300699300699,0.00102,1.0068879148403256,0.3284671532846715,0.02022,0.91818,0.384615,0.0,0.0231614371968722,0.0,0.95,0.66,0.4,Premier League,
83299,282f75f3,201690,4700878.0,Lewis Dunk,Lewis Dunk,Brighton & Hove Albion,10204.0,Brighton & Hove Albion,10204.0,192.0,right,34.0,England,3.32325,CB,CB,False,Neck injury - 75% chance of playing,90.0,0.8832881949687753,0.0570025170000491,0.1834586466165413,0.0364676754999827,0.0413354531001589,1.1103278111,0.8587412587412586,78.33006993006993,0.08005,0.0,0.0,0.1362142786020113,0.0301743406347787,0.031712,0.848642266824085,0.8595545134818288,5.258741258741258,3.995530726256983,0.00101,0.4891701143830615,1.0,0.02462,0.97352,1.0,0.0,0.0503496503496503,0.0,0.95,0.66,0.4,Premier League,
219937,012c975a,1081076,,Rhys Williams,Rhys Williams,,,,,195.0,right,24.0,England,0.49391,CB,CB,False,,90.0,0.687595153998343,0.0320549326131285,0.0769140716459845,0.0090644730196553,0.0195936139332365,1.0,0.4215865055846819,15.194387755102044,0.12823,0.0,0.00652,0.0545543905635648,0.0429,0.02682,0.556057268722467,0.3170137350465219,1.7990816326530614,6.0,0.00076,0.1971593644679826,0.77929,0.01201,0.93511,0.77716,0.0,0.0220408163265306,0.0,0.95,0.66,0.4,,
202993,3b8674e6,620618,4700778.0,Rodrigo Bentancur,Rodrigo Bentancur,Tottenham Hotspur,8586.0,Tottenham Hotspur,8586.0,187.0,right,28.0,Uruguay,27.75272,DM,DM/CM,False,,45.0,1.333795152464198,0.0706022488953587,0.297462589459987,0.0508095851991254,0.0629570747217806,2.0,2.2265187300889813,42.493732970027246,0.16008,0.0,0.0,0.8093376264949401,0.1175717213114753,0.047796,1.459618528610354,0.4751869476546567,5.726648501362398,2.063395570994355,0.00093,0.5443213296398892,2.177419354838709,0.00439,0.89568,0.478261,0.0,0.0941689373297002,0.0,0.95,0.66,0.4,Premier League,
204580,8449d35e,688273,4700916.0,Vitaly Janelt,Vitaly Janelt,Brentford,9937.0,Brentford,9937.0,184.0,left,27.0,Germany,17.25287,DM,DM/CM,False,,90.0,1.1570592929493553,0.0598506453639106,0.2004454342984409,0.0959510015067749,0.2104911460073505,1.6910229645,1.852457439646052,33.55198614985092,0.08855,0.0,0.0,0.2537268025555217,0.6024814850437628,0.0,1.2812318419523532,0.3697496167603474,5.086467250168318,1.8992125984251969,0.00099,0.7457424559306843,1.8,0.01367,0.95356,0.733333,0.0,0.069250745407329,0.0,0.95,0.66,0.4,Premier League,
90585,a4ac4b8f,246331,,Willy Boly,Willy Boly,,,,,195.0,right,34.0,Ivory Coast,0.74542,CB,CB,False,,90.0,0.8448026174716052,0.0679391165472896,0.2463644140290846,0.0289232366829774,0.2494802494802495,1.1767,2.275395033860045,31.271523178807943,0.10707,0.0,0.00422,0.2192307692307692,0.01883,0.07717,1.441108545034642,0.8557130942452046,4.962472406181015,5.262711864406779,0.00105,0.2769230769230769,0.83546,0.00737,0.95508,0.81252,0.0,0.0573951434878587,0.0,0.95,0.66,0.4,,
577974,7b47100c,1430832,,Harry Amass,Harry Amass,Manchester United,10260.0,Manchester United,10260.0,181.0,left,18.0,England,7.98825,LWB,LB/DM/LWB/LM/LW,False,,90.0,1.503899482967898,0.0155782444251188,0.111353711790393,0.0679411314892886,0.0829694323144105,3.1100478469,1.9120945134160992,21.024028834601523,0.13542,0.0,0.047847,0.9982736296935693,0.2816593886462881,0.047847,0.7515579559617781,0.1980242478670857,4.718061674008811,1.6796155386463756,0.00068,1.1407689227072486,0.5,0.00655,0.86653,0.857143,0.0,0.0234281137364837,0.0,0.95,0.66,0.4,Championship,
240299,bd8a5d95,1070794,,Joe Hodge,Joe Hodge,,,,,172.0,right,23.0,Ireland,0.87248,DM,DM/CM/AM,True,Signed by CD Tondela,1423.0,0.7152255245752255,0.0577079091007881,0.23955525606469,0.0475025910174914,0.0935393258426966,2.0871398454,1.432643794147326,25.750619732275656,0.16525,0.0,0.00178,0.373083475298126,0.1654538490999616,0.02721,0.6316622691292876,0.2092093574178265,3.914352999504214,0.7916230366492147,0.00083,0.3218480814408771,1.5403422982885084,0.00914,0.69879,0.41405,0.0,0.0412741695587506,0.0,0.95,0.66,0.4,,
199796,2389cdc2,729731,4700833.0,Matty Cash,Matty Cash,Aston Villa,10252.0,Aston Villa,10252.0,185.0,right,28.0,Poland,28.82658,RB,RB/RWB/RM,False,,90.0,0.952045024388074,0.0553275953794639,0.2886206896551724,0.0703952609469175,0.1568290587802184,1.9668874172,2.0147943423833525,30.360916924077383,0.11281,0.0,0.0,0.516532465307521,0.4758585515130908,0.119443,0.7826727808712741,0.3569828230022405,3.381401398146642,2.1803183791606364,0.00096,0.842419716206124,1.8120805369127515,0.01515,0.96161,0.764706,0.0,0.0526743618923752,0.0,0.95,0.66,0.4,Premier League,
491501,bf973eeb,1231075,,James McConnell,James McConnell,Liverpool,8650.0,Ajax,8593.0,188.0,right,21.0,England,2.02704,DM,RB/DM/CM,False,,60.0,0.99602,0.0711899980902671,0.4499999999999999,0.0538047734777667,0.4137931034482758,4.4554455446,1.4026898734177216,22.33742774566474,0.20818,0.0,0.0,0.7044728434504791,0.3829787234042553,0.0,1.0631067961165046,0.7737556561085973,2.755537974683544,2.3300970873786406,0.0007,0.8890020366598778,4.354838709677419,0.01015,0.94229,0.0,0.0,0.0,0.0,0.95,0.66,0.4,Eredivisie,
611695,e295402e,1602352,,Malick Yalcouyé,Malick Junior Yalcouyé,Brighton and Hove Albion,10204.0,,,169.0,right,20.0,Mali,18.14948,DM,DM/CM/RW/AM/LW,False,,4.0,1.3038827240706112,0.0943938105031148,0.3075170842824602,0.0580070141586126,0.1232307692307692,2.0254403131,1.8944972688650608,25.107107207027347,0.21056,0.0,0.00205,1.2334797364743464,0.143106077107384,0.02185,0.7821825310389893,0.0732368896925858,3.8172289878219208,0.4827067669172932,0.00078,2.528049510880415,1.134453781512605,0.01008,0.85342,0.459,0.0,0.1230784587742064,0.0,0.95,0.66,0.4,,
200834,ac73ec79,602304,4701092.0,Nordi Mukiele,Nordi Mukiele,Sunderland,8472.0,Sunderland,8472.0,187.0,right,28.0,France,13.3622,CB,RB/CB/RWB,False,,2787.0,0.6752972102115887,0.0829051602735067,0.232012816778328,0.0721889969363911,0.2358526395746297,2.2282023681,1.7910828025477707,32.95935858446226,0.0701,0.0,0.032328,0.492537313432836,0.3448121645796065,0.096983,1.1363381858902577,0.4298321508911576,3.9712468896875865,4.661222339304531,0.00097,0.8764331210191083,1.0,0.03242,0.93525,0.90625,0.0,0.0559856234448437,0.0,0.95,0.66,0.4,Premier League,
171314,31c69ef1,614006,4700662.0,Rúben dos Santos Gato Alves Dias,Ruben Dias,Manchester City,8456.0,Manchester City,8456.0,187.0,right,28.0,Portugal,69.01934,CB,CB,False,,90.0,0.3445114390010341,0.0502904434819794,0.2135213604313563,0.0408078028974779,0.0395256916996047,1.25,0.8812123913527968,72.87427809862284,0.06616,0.0,0.0,0.1891920586049474,0.1352580581372355,0.0,0.7846258812826928,0.5884561238854997,3.170492533987073,3.4567315834038945,0.00104,0.3623658597454455,1.2000000000000002,0.00235,0.97623,0.916667,0.0,0.0173256330519769,0.0,0.95,0.66,0.4,Premier League,
220237,ccce7025,956682,4700854.0,Sven Botman,Sven Botman,Newcastle United,10261.0,Newcastle United,10261.0,193.0,left,26.0,Netherlands,42.58322,CB,CB,False,,90.0,0.5046343807502613,0.0671318486970566,0.2070850894179292,0.0306126103330875,0.0943058044946918,1.077257889,1.043139798897178,44.21141781681305,0.07344,0.0,0.049046,0.1130692723782934,0.0431266846361186,0.049046,0.8781419026407891,0.8568714376187461,4.067126725219573,5.3390119250425885,0.00102,0.4860136083810346,0.4,0.02669,0.97092,0.809524,0.0,0.0338770388958594,0.0,0.95,0.66,0.4,Premier League,
80801,72c812f3,179410,,Idrissa Gana Gueye,Idrissa Gana Gueye,,,,,174.0,right,36.0,Senegal,1.29373,DM,CB/DM/CM,False,,257.0,1.080761723224958,0.046748465466603,0.2344799511500102,0.0494865950775311,0.0652714463323663,2.3376623377,3.140905688622755,35.592440119760475,0.15015,0.0,0.00035,0.4904067536454335,0.1269007464749792,0.00576,1.4534056886227544,0.332892998678996,6.78873502994012,0.997229916897507,0.00089,1.424386532242724,1.1842105263157894,0.02338,0.91054,0.64,0.0,0.0505239520958083,0.0,0.95,0.66,0.4,,
611926,398a24f6,1589629,,Amara Nallo,Amara Nallo,,,,,186.0,both,19.0,England,1.5,CB,CB,False,,180.0,1.8706666137799184,0.05141,0.1145281018027571,0.03095,0.3,1.0,0.6731967943009796,40.48797862867319,0.1729,0.0,0.00811,0.1145281018027571,0.06292,0.03933,0.7693677649154052,0.528940338379341,2.404274265360641,2.163846838824577,0.00066,0.1923419412288513,0.5,0.01495,0.9534,0.8532,0.0,0.0961709706144256,0.0,0.95,0.66,0.4,,
519440,5fbafc66,1553711,,Wellity Lucky,Wellity Lucky,Liverpool,8650.0,Liverpool,8650.0,175.0,right,20.0,Spain,,CB,CB,False,,90.0,1.0,0.05141,0.17305,0.03095,0.07957,1.6687268232,1.070578905630452,34.30134813639968,0.1729,0.0,0.0,0.3854084060269627,0.06292,0.0,0.6423473433782712,0.513877874702617,2.5693893735130846,2.247918593894542,0.00066,0.3496762257169288,1.6544117647058825,0.01495,0.9534,0.888889,0.0,0.0,0.0,0.95,0.66,0.4,PL2,
171422,25dea15a,434498,,Alan Browne,Alan Browne,,,,,179.0,right,30.0,Ireland,1.38837,DM,RB/LB/DM/CM/LM/AM,True,has joined Middlesbrough on loan for the rest of the season.,2464.0,0.9673345437959764,0.0671592196510966,0.2358119304059651,0.0651223102871187,0.0919811320754717,1.461038961,1.2704859699064663,20.035888572590483,0.14991,0.0,0.0011,0.6043615290768605,0.3257560066280033,0.02507,0.7406974379829201,0.2502351834430856,3.647214314762098,1.3357693329790064,0.00129,0.987635953211574,0.8766233766233766,0.005,0.94527,0.73685,0.0,0.0649654331028873,0.0,0.95,0.66,0.4,,
616065,,1787525,,Marli Salmon,Marli Salmon,,,,,,right,16.0,England,,CB,RB/CB,False,,90.0,1.0,0.05108,0.1669242658423492,0.0100488101920256,0.0512333965844402,0.9392789374,0.8341168569509738,31.086763774540845,0.15608,0.0,0.0045,0.2315939957112223,0.0512333965844402,0.0404,0.9525101763907734,0.5852601156069365,2.188727042431919,2.284754869039624,0.00065,1.2330423102753525,1.5,0.00922,0.9534,0.8532,0.0,0.0,0.0,0.95,0.66,0.4,,
563324,f9657b1b,1751837,,Brayden Clarke,Brayden Clarke,,,,,,right,18.0,Wales,,CB,RB/CB,False,,45.0,1.0,0.05108,0.0381086803105151,0.02925,0.07522,1.3973182781,0.7821158690176321,36.98911860718171,0.15608,0.0,0.0045,0.0381086803105151,0.3,0.0404,0.748110831234257,0.371947401377583,1.997823721436344,2.1821471652593485,0.00065,0.1905434015525758,0.5263157894736842,0.00922,0.9534,0.8532,0.0,0.0,0.0,0.95,0.66,0.4,,
588793,7be4311f,1531739,,Maldini Kacurri,Maldini Kacurri,,,,,,right,20.0,Albania,0.27485,CB,CB,True,has joined Morecambe on loan for the rest of the season.,180.0,1.8078512494654613,0.0115060532064183,0.0376306620209059,0.0057268569796224,0.1139240506329113,1.0,1.081664098613251,17.119414483821267,0.15608,0.0,0.0045,0.1586235837180025,0.0523002421307505,0.0404,0.7696456086286596,0.3232242617717478,1.955315870570108,4.7820460978568535,0.00065,0.4309656823623303,2.0,0.00922,0.9534,0.8532,0.0,0.0208012326656394,0.0,0.95,0.66,0.4,,
569014,0a4f579a,1487909,,Eric da Silva Moreira,Eric da Silva Moreira,,,,,185.0,right,19.0,Germany,1.72129,,RB/RW/ST,False,,781.0,0.99873,0.0158220709054148,0.4148527528809219,0.0191103893589099,0.18454,1.728553137,1.2134459955914767,16.01616458486407,0.20368,0.0,0.00163,0.4808861859252824,0.2724520686175579,0.05625,0.8166789125642908,0.1382842509603072,2.8468038207200586,0.9681440443213296,0.00065,1.0986099044309294,0.8940397350993378,0.00685,0.93523,0.56992,0.0,0.0,0.0,0.95,0.66,0.4,,
149484,8397a50c,419664,4700815.0,Tyrone Mings,Tyrone Mings,Aston Villa,10252.0,Aston Villa,10252.0,191.0,left,32.0,England,5.11636,CB,CB,False,,16.0,0.3783778442546033,0.0557124821829452,0.0918806827245174,0.0264250444362893,0.0705641724901994,0.3401360544,0.4934150076569678,46.76152832674572,0.10765,0.0,0.0,0.1844720496894409,0.0402414486921529,0.0,1.1041948579161027,0.6335347432024171,3.768115942028986,4.7023668639053255,0.00095,0.6641632653061225,0.689655172413793,0.0268,0.95077,0.933333,0.0,0.0210803689064558,0.0,0.95,0.66,0.4,Premier League,
138001,5791b997,581530,4700995.0,Tom King,Tom King,Everton,8668.0,Everton,8668.0,194.0,right,30.0,Wales,0.41928,GK,GK,False,,1.0,1.0,0.0505,0.25455,0.0006198953691202,0.17364,1.22284,2.13249,8.826981603452193,0.22095,0.00473,0.00138,0.7302,0.43081,0.05548,1.21027,0.30588,5.77967,1.27973,0.00062,1.20245,1.39288,0.0077,0.9158,0.5357,0.0,0.0505,2.10537,0.95,0.66,0.4,,
438464,ce4f40c7,951954,4701068.0,Cheick Doucouré,Cheick Oumar Doucouré,Crystal Palace,9826.0,Crystal Palace,9826.0,180.0,right,26.0,Mali,24.70761,DM,CM,False,,66.0,0.96282,0.0451945389754005,0.2186234817813765,0.0438987848719386,0.106646058732612,2.0338983051,2.628509249183896,32.623794212218655,0.17622,0.0,0.0,0.5784816022356777,0.0646551724137931,0.0,1.7996027367027148,0.3643724696356275,6.571061093247589,1.3864229765013056,0.00081,0.4875578066505175,0.625,0.00284,0.93726,0.0,0.0,0.0,0.0,0.95,0.66,0.4,PL2,
111478,dad4b285,304455,,Joël Veltman,Joel Veltman,,,,,182.0,right,34.0,Netherlands,1.82237,RB,RB/CB/LB,False,,21.0,0.6615520778670776,0.0519382965631325,0.1517241379310344,0.0590852005599215,0.1585604577623851,2.6571428571,2.4006108424535504,35.108933570883174,0.12648,0.0,0.00121,0.1749630028252388,0.2870216306156406,0.02263,1.0074021627188463,0.3831456154465004,3.929053194196997,3.0709106728538287,0.001,1.8301973684210529,0.6040268456375839,0.00886,0.93438,0.777778,0.0,0.0343598880122168,0.0,0.95,0.66,0.4,,
242880,06df8256,955376,4700740.0,Benoît Badiashile Mukinayi,Benoit Badiashile,Chelsea,8455.0,Chelsea,8455.0,194.0,left,24.0,France,25.26755,CB,CB,True,Has joined Napoli on loan for the rest of the season,471.0,0.9052135901800882,0.0500482862322669,0.1526039563988696,0.0364505976105373,0.099099099099099,1.3375796178,1.1071260028315242,59.98584237848042,0.12704,0.0,0.0,0.0991487230846269,0.12,0.0,1.172251061821614,0.537040176301068,4.691835771590373,3.2747946936197097,0.00097,0.3778366111951589,1.1464968152866242,0.03361,0.91761,0.5,0.0,0.045304388862671,0.0,0.95,0.66,0.4,Premier League,
434752,6fdac234,861805,4700973.0,Jaka Bijol,Jaka Bijol,Leeds United,8463.0,Leeds United,8463.0,190.0,right,26.0,Slovenia,21.6073,CB,CB,False,,90.0,0.7241740954423863,0.0603636689270062,0.1865425052568338,0.030305795201944,0.1273084479371316,1.236133122,1.2399589015505323,34.907995516532786,0.1156,0.0,0.0,0.0726657116812084,0.0426615168539325,0.0,0.9684289183635344,0.6573705179282868,3.2617223986549595,5.469897910504724,0.00095,0.3031469540948898,0.5487804878048781,0.01176,0.95712,0.761905,0.0,0.0437138053427984,0.0,0.95,0.66,0.66,Premier League,
559684,973d6049,1315314,,Jack Moorhouse,Jack Moorhouse,,,,,,both,20.0,England,0.22,DM,DM/CM/AM/LW,True,has joined Leyton Orient on loan for the rest of the season.,868.0,1.637643849532634,0.0338718053933821,0.3605546995377504,0.0306266351634482,0.1744749596122778,1.6589861751,0.7851373182552501,14.976887519260398,0.20569,0.0,0.00204,0.8320493066255779,0.50625,0.03205,0.5859508852084523,0.29125,2.99537750385208,0.4349442379182155,0.0007,0.2617124394184167,2.547169811320755,0.01051,0.92655,0.61782,0.0,0.0554699537750385,0.0,0.95,0.66,0.4,,
220627,fb614c44,710158,4700963.0,James Justin,James Justin,Leeds United,8463.0,Leeds United,8463.0,183.0,right,27.0,England,16.57374,RB,RB/CB/LB/RWB/RM/AM,False,,90.0,1.3576227099369713,0.0531825348816861,0.2222481071636575,0.0423256119411808,0.0943557958591586,2.6582278481,1.853558926487748,31.41996907017205,0.0845,0.0,0.0,0.2334483840602447,0.3099540078843626,0.094687,1.1486289381563597,0.4432334241598547,3.0341306884480743,3.742354740061162,0.00092,1.228735743282428,0.6000000000000001,0.01363,0.97625,0.809524,0.0,0.0722018171273922,0.0,0.95,0.66,0.66,Premier League,
458297,830371be,1113784,,Pierre Ekwah Elimby,Pierre Ekwah,,,,,189.0,left,24.0,France,5.34165,CM,CB/DM/CM,True,Has joined AS Saint-Etienne permanently.,273.0,1.6036891982565964,0.0350970398317328,0.2776385844033824,0.0451661621377451,0.0530466544911173,2.6373626374,1.356482931412465,34.10647004323657,0.11127,0.0,0.00082,0.4774459974587039,0.1933245208195638,0.01521,0.981161210623842,0.2487293519695044,4.142140210006176,1.090909090909091,0.00083,0.8171710932674492,0.6593406593406593,0.00859,0.95799,0.66234,0.0,0.0562847436689314,0.0,0.95,0.66,0.4,,
495161,690d1049,1209597,,Marko Stamenić,Marko Stamenic,,,,,188.0,right,23.0,New Zealand,2.32498,DM,DM/CM,True,Has joined Swansea City permanently.,180.0,1.0118614725623558,0.042577379938389,0.1769453642384106,0.0225803593519268,0.0468187274909964,1.0,1.0500281584381452,25.53857706025905,0.20715,0.0,0.00187,0.2196628112134875,0.0804769001490312,0.03135,0.9875119161105816,0.2908547173451669,2.8645579125211182,1.0553449583017438,0.00067,0.511383368705383,1.1556982343499198,0.0096,0.91981,0.52353,0.0,0.0430824103623052,0.0,0.95,0.66,0.4,,
626844,c79f7793,1631610,,Milan Aleksić,Milan Aleksic,,,,,179.0,right,20.0,Serbia,1.10923,,RM/AM/LW,False,,296.0,0.7495640330288947,0.1301569596603033,0.4849137931034483,0.0742686902366307,0.3576158940397351,0.4812834225,0.7073170731707318,12.853658536585366,0.23494,0.0,0.00212,0.8495934959349593,0.7398373983739838,0.04436,0.6991869918699187,0.3016759776536313,2.658536585365854,0.4849137931034483,0.00055,0.4471544715447154,1.6564417177914113,0.00811,0.93523,0.41208,0.0,0.0975609756097561,0.0,0.95,0.66,0.4,,
622758,1d87670e,1494947,,Aarón Anselmino,Aaron Anselmino,Chelsea,8455.0,Chelsea,8455.0,186.0,right,20.0,Argentina,9.87508,CB,CB,False,,368.0,1.5731667094346842,0.0559049986302852,0.3030612244897959,0.0369370828806098,0.2583732057416268,2.2010869565,1.6961377384830152,31.66123778501629,0.24168,0.0,0.0,0.2375776397515527,0.05148,0.0,1.0176826430898094,0.4597048808172531,3.153559795253606,2.388888888888889,0.00063,0.5599393019726859,1.467391304347826,0.01713,0.95764,0.75,0.0,0.0879478827361563,0.0,0.95,0.66,0.4,Bundesliga,
109533,e0bc6fdc,267371,,Emerson Palmieri dos Santos,Emerson,,,,,176.0,left,31.0,Italy,7.90404,LB,CB/LB/LWB/LM,True,has joined Marseille permanently.,90.0,0.7891894859577305,0.0449365122347335,0.1921224142816661,0.0916589708372242,0.1570939969336006,2.0037896731,2.078895123003885,31.826109302724007,0.13428,0.0,0.00801,0.5273256810005139,0.611681990265008,0.03759,0.96797583081571,0.308629251381992,3.4260750385471987,2.0330388013830194,0.00084,0.7567334254143648,0.6094808126410836,0.00342,0.93866,0.66891,0.0,0.0354634229912626,0.0,0.95,0.66,0.4,,
200785,2b09d998,729769,4700933.0,Tyler Adams,Tyler Adams,AFC Bournemouth,8678.0,AFC Bournemouth,8678.0,175.0,right,26.0,USA,26.2058,DM,DM/CM,False,,15.0,0.7601421715701573,0.0330538537137122,0.2057404114808229,0.0353450017253489,0.0747007182761372,2.1052631579,3.0904522613065333,42.14824120603015,0.13265,0.0,0.0,0.2918778051252352,0.0721346513491851,0.05079,1.4648241206030157,0.4014665444546288,5.894472361809046,1.847039079357468,0.00078,0.8341708542713566,1.9148936170212765,0.00796,0.94578,0.47619,0.0,0.0251256281407035,0.0,0.95,0.66,0.4,Premier League,
221466,35141f4c,785411,4700792.0,Marcos Senesi Barón,Marcos Senesi,Tottenham Hotspur,8586.0,AFC Bournemouth,8678.0,184.0,left,28.0,Argentina,18.12074,CB,CB,False,,90.0,0.9018113562018346,0.0590993737362723,0.1396207830583599,0.076146359273416,0.1214165261382799,1.6960486322,1.976112272320095,42.69581523884722,0.13342,0.0,0.0,0.3139761646803901,0.2363238512035011,0.027372,1.4189966690219036,0.9273588630082908,5.258586656138965,6.318479685452162,0.00091,0.7027845036319613,2.0,0.0092,0.96213,0.945946,0.0,0.0532964863797868,0.0,0.95,0.66,0.4,Premier League,
480455,c1949191,1030829,4700991.0,Jarrad Branthwaite,Jarrad Branthwaite,Everton,8668.0,Everton,8668.0,195.0,left,23.0,England,27.94772,CB,CB,False,,90.0,1.0521615195016112,0.0463882582083475,0.1517134301874237,0.0255986151098448,0.055739058629232,1.718061674,1.3428762335526316,32.777294587127805,0.11212,0.0,0.0,0.1067855310415597,0.0288739172281039,0.132353,1.156656093318326,0.8107422288010149,4.21359869026911,5.13303730017762,0.00095,0.4848562365701422,0.6000000000000001,0.02715,0.98041,0.571429,0.0,0.048807940243528,0.0,0.95,0.66,0.4,Premier League,
199598,10b9fa99,780432,4700966.0,Ethan Ampadu,Ethan Ampadu,Leeds United,8463.0,Leeds United,8463.0,183.0,right,25.0,Wales,22.07021,CM,CB/DM/CM,False,,90.0,0.49140665500703223,0.0402009402143583,0.1375470393978957,0.0445130047110653,0.0714744103962778,2.3342939481,1.568444730077121,41.34882815265878,0.10622,0.0,0.0,0.2216666666666667,0.1241894670251463,0.0,1.04096155207817,0.5267383564629805,4.812575231891241,2.163584637268848,0.00107,0.7484400774582227,0.8,0.00395,0.97296,0.885714,0.0,0.0197550095588755,0.0,0.95,0.66,0.66,Premier League,
508395,907a5d7c,1157236,4700918.0,Yehor Yarmoliuk,Yehor Yarmoliuk,Brentford,9937.0,Brentford,9937.0,176.0,both,21.0,Ukraine,28.48862,DM,DM/CM/AM,False,,23.0,0.29222841771631913,0.0531546878377197,0.2159999999999999,0.0542791658536006,0.1018498367791077,2.3639774859,2.3881125066336457,36.31066620642044,0.0805,0.0,0.0,0.854332067656196,0.3140939597315436,0.033847,0.8543011690804398,0.4884250474383302,6.231964100793923,1.517226435536295,0.0009,0.5643456069996355,1.2385321100917432,0.00423,0.94223,0.5,0.0,0.0155333103210217,0.0,0.95,0.66,0.4,Premier League,
199798,0313a347,710159,4700818.0,Ezri Konsa Ngoyo,Ezri Konsa,Arsenal,9825.0,Aston Villa,10252.0,183.0,right,28.0,England,36.96241,CB,RB/CB,False,,647.0,0.5594488835110694,0.0468362049125978,0.1098990556821882,0.0199736484121426,0.0363812757700703,0.6955177743,0.9859675036927622,46.926426881785645,0.05897,0.0,0.0,0.269082156204472,0.0667938931297709,0.0,0.6703028023321421,0.5767645221736415,3.3986777461029902,2.961029759093056,0.00095,1.4320672023374723,1.281138790035587,0.02516,0.97372,0.970588,0.0,0.0262024625462485,0.0,0.95,0.66,0.4,Premier League,
204716,5ed9b537,820140,,Ibrahima Konaté,Ibrahima Konaté,,,,,192.0,right,26.0,France,39.34949,CB,CB,False,,180.0,0.47732825873223694,0.0469247448824944,0.1361151603498542,0.025902456485519,0.0614544213041993,1.5387096774,1.429304713019132,51.07279514699021,0.08744,0.0,0.00844,0.2487523992322456,0.0290322580645161,0.00809,0.8811090225563909,0.542763157894737,3.831544563695755,4.316465256797582,0.00084,0.8123003194888179,1.3333333333333337,0.04059,0.92804,0.722222,0.0,0.0223985067662155,0.0,0.95,0.66,0.4,,
531363,00b77ecf,1292835,,Nathan Fraser,Nathan Fraser,,,,,188.0,right,20.0,Republic of Ireland,0.65,,ST,False,,68.0,1.0211900684931507,0.04672,0.27369,0.05359,0.15737,1.3245,2.33098,35.80191,0.22856,0.00415,0.00231,0.79279,0.39524,0.04528,1.13155,0.28294,5.98225,1.14743,0.00057,1.20827,1.66136,0.00874,0.92983,0.44642,0.0,0.04771,0.0,0.95,0.66,0.4,,
232112,c9817014,1035614,4700719.0,Manuel Ugarte Ribeiro,Manuel Ugarte,Manchester United,10260.0,Manchester United,10260.0,182.0,right,24.0,Uruguay,51.80113,DM,DM/CM,True,Knee injury - Unknown return date,186.0,0.4199535037162871,0.0359014870913548,0.1110673493501378,0.0336630913375721,0.0878300803673937,1.4516129032,3.241742057647801,36.43723170348655,0.20138,0.0,0.0,0.8358443894760513,0.1509223029625489,0.0,1.424903722721438,0.2255100823290776,5.510627159459742,0.7953079178885633,0.00084,1.181656371060622,0.4838709677419355,0.00347,0.90907,0.375,0.0,0.0150769552926395,0.0,0.95,0.66,0.4,Premier League,
109646,c81d773d,683402,4700742.0,Tosin Adarabioyo,Tosin Adarabioyo,Tottenham Hotspur,8586.0,Chelsea,8455.0,197.0,right,28.0,England,23.63743,CB,CB,False,,789.0,1.8288226323253187,0.0396049581298571,0.2132331696041606,0.0233614824370284,0.1053279950723745,1.9391634981,1.1473421334284697,55.79834444699931,0.11169,0.0,0.0,0.2481170953531334,0.0431861804222648,0.113208,0.9514495284666434,0.5601615393752227,3.079328581283053,4.968,0.0007,0.3475140953357252,0.6844106463878327,0.02093,0.95616,0.75,0.0,0.0724304437801793,0.0,0.95,0.66,0.4,Premier League,
491557,5c2595e2,1249605,,Jenson Metcalfe,Jenson Metcalfe,,,,,183.0,right,21.0,England,0.65909,DM,DM/CM/LM/AM,True,Has joined Bradford City permanently.,141.0,0.45399031147771834,0.0601138491974916,0.2166999818280937,0.03814411223813,0.0763299922898997,1.40625,1.5664556962025316,17.44811320754717,0.19592,0.145631067961165,0.00201,0.3902668491276087,0.2570988710229216,0.03053,0.3423913043478261,0.1735624123422159,3.2175846732808764,0.7303664921465969,0.00058,1.0445603831679782,3.058252427184466,0.01035,0.93267,0.483,0.0,0.0272911051212938,0.0,0.95,0.66,0.4,,
589507,a2852b4f,1396741,,Leon Chiwome,Leon Chiwome,,,,,186.0,right,20.0,England,1.338,,ST,False,,34.0,0.9982876712328768,0.04672,0.27369,0.05359,0.15737,0.796460177,2.33098,9.5575221239,0.22856,0.0,0.00235,0.79279,0.39524,0.04528,1.13155,0.796460177,5.98225,1.14743,0.00057,0.796460177,3.185840708,0.00889,0.92983,0.44642,0.0,0.04664,0.0,0.95,0.66,0.4,,
496221,4b542852,1296650,4701061.0,Adam Wharton,Adam Wharton,Crystal Palace,9826.0,Crystal Palace,9826.0,182.0,left,21.0,England,61.67874,DM,DM/CM,False,,90.0,0.5071929851011039,0.0417822146878111,0.2325510700389105,0.1612656704090461,0.3381092057761733,2.4590163934,2.1712929522237125,30.78547297297297,0.07424,0.0,0.0,0.3593666702207057,0.6826524263790957,0.0,1.0230270043960648,0.1772683241846948,4.880765658858736,1.3977020014825798,0.00082,1.0593523288823463,0.205949656750572,0.01335,0.95067,0.517241,0.0,0.0211916461916461,0.0,0.95,0.66,0.4,Premier League,
232892,a36524bf,877401,4701037.0,Calvin Bassey,Calvin Bassey,Fulham,9879.0,Fulham,9879.0,185.0,left,26.0,Nigeria,34.51805,CB,CB/LB,False,,90.0,0.9477407202063612,0.0354805622565756,0.1037574722459436,0.0314724508366742,0.1231295425395467,2.2037914692,1.6900219780219785,52.0734065934066,0.09428,0.0,0.0,0.403974988834301,0.103650094398993,0.035517,0.7941646682653877,0.4810930168368754,5.000439560439561,3.356132851035844,0.00084,0.918197802197802,0.6000000000000001,0.03998,0.98484,1.0,0.0,0.0336263736263736,0.0,0.95,0.66,0.4,Premier League,
461446,d86a1f3e,1109489,,Tyler Onyango,Tyler Onyango,,,,,196.0,right,22.0,England,0.28337,RWB,RB/CB/RWB/RM,True,has joined Stockport County on loan for the rest of the season.,14.0,0.99909,0.0541292690649265,0.1729845168179391,0.0331031007227192,0.149171270718232,3.3563535912,1.8469055374592835,13.077496274217584,0.17575,0.0,0.00208,0.3651732882502113,0.1825866441251056,0.15411,0.3517915309446254,0.1171875,2.3965798045602607,2.1801242236024843,0.00054,0.4146341463414634,2.1132596685,0.00469,0.91845,0.58827,0.0,0.0,0.0,0.95,0.66,0.4,,
647681,570888ce,1609209,4700692.0,Giovanni Leoni,Giovanni Leoni,Liverpool,8650.0,Liverpool,8650.0,196.0,right,19.0,Italy,27.44975,CB,RB/CB,True,Knee injury - Unknown return date,81.0,4.335322527908124,0.0151900252201907,0.0959878110716099,0.0038784742355346,0.05575,1.1111111111,1.0273170731707315,32.12341463414634,0.15423,0.0,0.00691,0.1508379888268156,0.04309,0.02693,1.0668292682926828,0.5347892331132555,2.0546341463414635,4.163551401869159,0.00057,0.4525139664804468,1.1111111111111112,0.01274,0.89711,0.63634,0.0,0.0658536585365853,0.0,0.95,0.66,0.4,,
440148,2bc28bb9,1113724,,Tyler Morton,Tyler Morton,,,,,176.0,right,23.0,England,15.14293,DM,DM/CM,True,Has joined Lyon permanently.,21.0,0.8135917666388403,0.038598691671789,0.1557261814642586,0.0859693704110355,0.1543613198301208,1.7115689382,1.2123550226066444,34.05651661096914,0.16366,0.0,0.00115,0.3947944919674526,0.4819801579267058,0.01871,0.5128217821782178,0.2648225699801632,3.5879693335954395,1.0161290322580645,0.0008,0.4164489549839228,1.2295081967213115,0.01612,0.94768,0.6827,0.0,0.0314035777471987,0.0,0.95,0.66,0.4,,
156074,d79a8c87,626667,,Rob Holding,Rob Holding,,,,,189.0,right,30.0,England,1.58341,CB,CB,True,Has joined Colorado Rapids permanently.,1350.0,0.8918202314618588,0.0355968956815367,0.1130782410051399,0.0233849205825973,0.0876436781609195,1.3333333333,0.8055555555555556,41.38095238095238,0.12278,0.1,0.01146,0.1265114873035066,0.18,0.0385,0.7787698412698414,0.5931174089068826,3.325396825396825,1.9285714285714288,0.00072,0.1633585792635153,0.6000000000000001,0.01099,0.96646,0.88353,0.0,0.0317460317460317,0.0,0.95,0.66,0.4,,
611975,8073edf4,1439393,,Ahmed Abdullahi,Ahmed Abdullahi,,,,,181.0,right,21.0,Nigeria,1.37966,,ST,False,,155.0,36.677057881465615,0.0128250002162531,0.5644599303135888,0.0113754160702228,0.13738,0.9473684211,0.3763066202090592,5.456445993031359,0.26083,0.0,0.00223,1.1289198606271775,0.35102,0.05035,0.1881533101045296,0.140625,1.505226480836237,0.1881533101045296,0.00055,1.3170731707317074,2.11087420042644,0.00852,0.9158,0.5357,0.0,0.470383275261324,0.0,0.95,0.66,0.4,,
699989,1f019509,1690655,4701113.0,Djiamgone Jocelin Ta Bi,Jocelin Ta Bi,Sunderland,8472.0,Maccabi Netanya,1832.0,175.0,right,20.0,Ivory Coast,0.085,RW,,False,,39.0,1.8092343296770599,0.0604800000786781,0.6835443037974682,0.0366720967861109,0.3146853146853147,2.3076923077,0.9665653495440728,10.851063829787233,0.26083,0.0,0.0,2.48829431438127,0.2207357859531772,0.0,0.3146853146853147,0.1139240506329113,2.534954407294832,0.170886075949367,0.00055,3.1550151975683893,2.0,0.00852,0.9158,0.0,0.0,0.1094224924012157,0.0,0.95,0.66,0.4,Premier League,
204120,403f5d20,613715,4700865.0,Olivier Boscagli,Olivier Boscagli,Brighton & Hove Albion,10204.0,Brighton & Hove Albion,10204.0,181.0,left,28.0,France,17.82649,CB,CB,False,,90.0,1.0771219951852868,0.0348564937254741,0.151250336111858,0.0675939679873253,0.1342127903642099,1.8,1.1676959353245002,50.92621085708093,0.09096,0.0,0.0,0.2091193004372267,0.1979675842552097,0.0,1.2199890770071,0.3642857142857143,4.300086683280962,2.7628068818867195,0.00085,0.6093180059688296,1.8535469107551488,0.01705,0.96109,0.777778,0.0,0.0375446960667461,0.0,0.95,0.66,0.4,Premier League,
491287,6caffe81,1352923,,Enzo Barrenechea,Enzo Barrenechea,,,,,186.0,left,24.0,Argentina,16.35855,DM,DM/CM,True,Season-long loan to Benfica,157.0,1.03713266874828,0.0258523471599214,0.1179663709784191,0.0297815233865596,0.0388489208633093,2.0,1.625496524329692,38.73709036742801,0.15493,0.0,0.00102,0.2264916790691381,0.0600667408231368,0.01055,0.8278301886792453,0.2579617834394904,4.517874875868917,1.2601163542340013,0.00058,1.1897964250248263,1.062992125984252,0.0131,0.95538,0.45903,0.0,0.0268123138033763,0.0,0.95,0.66,0.4,,
227127,6c203af0,724306,,Yves Bissouma,Yves Bissouma,,,,,182.0,right,29.0,Mali,18.63458,DM,DM/CM/RW/AM,False,,605.0,0.9114388681378411,0.0413880402166582,0.2302385743029606,0.0402833312076601,0.0865384615384615,2.6776859504,2.80614739783444,51.54173943415998,0.24357,0.0,0.00068,0.959406989057536,0.074719800747198,0.01304,1.505824214613484,0.3397042913811756,5.729654208871812,2.194029850746269,0.00079,1.0356512530885988,1.1900826446280992,0.02172,0.90453,0.142857,0.0,0.0377226685295144,0.0,0.95,0.66,0.4,,
462424,972aeb2a,955406,4700622.0,William Saliba,William Saliba,Arsenal,9825.0,Arsenal,9825.0,193.0,right,24.0,France,77.9185,CB,CB,True,Back injury - Unknown return date,480.0,1.1151940662802877,0.0383533117563203,0.0886022235423915,0.0259063382419417,0.0396961529037,0.375,1.1828377016129032,59.561405702851424,0.05546,0.0,0.0,0.2873418559978804,0.0677618069815195,0.03443,0.616602292154752,0.3336379062785537,4.600175087543772,3.43046511627907,0.0008,0.4356614097199872,0.75,0.01877,0.96224,0.933333,0.0,0.0427713856928464,0.0,0.95,0.66,0.4,Premier League,
551210,bde35051,1413846,4700735.0,Jorrel Hato,Jorrel Hato,Chelsea,8455.0,Chelsea,8455.0,182.0,left,19.0,Netherlands,56.0153,LB,CB/LB,False,,65.0,1.0833092923329957,0.0267857772554093,0.1379310344827586,0.0618072203804831,0.1078907435508346,2.8371278459,1.4307454217178233,38.392184678875424,0.15475,0.0,0.0,0.4347477982385908,0.1230255164034021,0.0,0.7169202992004128,0.3909751129217961,3.2785659014702087,1.9607789358200765,0.00081,0.2489991993594875,0.3461538461538461,0.0098,0.95082,0.583333,0.0,0.0290172814031467,0.0,0.95,0.66,0.4,Premier League,
59949,0420d84f,77690,,Séamus Coleman,Seamus Coleman,,,,,177.0,right,37.0,Ireland,0.65067,RWB,RB/LB/RWB,False,,20.0,0.6897840621881466,0.0439607868563651,0.089688041594454,0.0537820520631739,0.1911262798634812,1.19253,1.940267765190525,23.33995956873316,0.0842,0.0,0.01972,1.0239520958083834,0.4722825014795818,0.08178,1.0891123439667127,0.4181488203266787,5.631064690026955,2.2779156327543424,0.00073,0.7851522408484434,0.59246,0.03745,0.86434,0.0,0.0,0.0303234501347708,0.0,0.95,0.66,0.4,,
492777,bbd67769,1113690,4700676.0,Conor Bradley,Conor Bradley,Liverpool,8650.0,Liverpool,8650.0,181.0,right,22.0,Northern Ireland,38.50691,RB,RB/RWB/DM/RM,True,Knee injury - Unknown return date,932.0,0.5883984351212043,0.0772025634271599,0.2818526454590407,0.1136782873341715,0.2253442759771873,1.8347639485,1.6403318442884491,26.03129337539432,0.10697,0.0,0.0,0.8859486636676367,0.2986030267753201,0.096878,0.6966824644549764,0.2050789293067947,4.073261008296107,2.241106719367589,0.00074,1.1697160883280755,1.738197424892704,0.00338,0.85203,0.25,0.0,0.0454258675078864,0.0,0.95,0.66,0.4,Premier League,
512462,25f2ef01,1098607,4700997.0,Jake O'Brien,Jake O'Brien,Everton,8668.0,Everton,8668.0,197.0,right,24.0,Ireland,24.02563,RB,RB/CB/CM,False,,3124.0,1.0959779865624737,0.0682981135393007,0.210623192216671,0.0235574689081828,0.0849420849420849,1.6421254802,1.199853228962818,29.47235812133073,0.08383,0.028809218950064,0.0,0.2194007110208227,0.3769633507853404,0.115385,0.3639331910084139,0.4564398694451418,3.3331702544031314,4.305444355484387,0.00082,0.3890999606969736,0.6626120358514725,0.00711,0.98474,0.828571,0.0,0.074853228962818,0.0,0.95,0.66,0.4,Premier League,
243526,d5d22a58,744494,4700965.0,Gabriel Gudmundsson,Gabriel Gudmundsson,Leeds United,8463.0,Leeds United,8463.0,181.0,left,26.0,Sweden,15.85245,LB,RB/CB/LB/LWB/LM,False,,332.0,0.8060953506183378,0.0407578447757819,0.1586395233366435,0.0832621635591267,0.0976863753213367,1.6265060241,1.6493064005840838,23.81309321002677,0.04789,0.0,0.034208,0.974876909481126,0.5716719396446823,0.102623,0.8191774154295449,0.2258618412362964,3.4935507422730594,2.1510835913312696,0.00094,1.5288391336091505,0.7171314741035857,0.01599,0.92337,0.677419,0.0,0.0328547091749817,0.0,0.95,0.66,0.4,Premier League,
486672,16264a81,1137668,4700750.0,Moisés Caicedo Corozo,Moisés Caicedo,Chelsea,8455.0,Chelsea,8455.0,178.0,right,24.0,Ecuador,112.0584,DM,RB/DM/CM,False,Calf injury - 50% chance of playing,360.0,1.4199295078431955,0.0320304982123836,0.1733149931224209,0.0722935689086469,0.1181328810559693,2.25,2.6600583090379004,52.93294460641398,0.17786,0.0,0.0,0.6544378698224851,0.1385637456501107,0.0,1.3455621301775147,0.3850132811407801,5.7142857142857135,1.083732057416268,0.00074,1.4798833819241983,1.25,0.00988,0.96851,0.8125,0.0,0.0454810495626822,0.0,0.95,0.66,0.4,Premier League,
427623,0a3d6d2b,950829,4701074.0,Chris Richards,Chris Richards,Crystal Palace,9826.0,Crystal Palace,9826.0,188.0,right,25.0,USA,17.95192,CB,CB,False,,90.0,0.7194485913057682,0.0635481977285725,0.1978754940711461,0.0282380170267257,0.0614946619217081,1.25,1.695014111006585,34.093320790216374,0.07108,0.0,0.0,0.1253567758876584,0.1216426962398197,0.0,1.092979127134725,0.5967896044334035,2.492568203198496,5.182525951557094,0.00079,0.221042150680385,0.4,0.02691,0.9802,0.967742,0.0,0.0457196613358419,0.0,0.95,0.66,0.4,Premier League,
191866,a8c0acb7,552718,4700901.0,Kristoffer Ajer,Kristoffer Vassbakk Ajer,Brentford,9937.0,Brentford,9937.0,196.0,right,27.0,Norway,17.81114,CB,RB/CB/LB,False,,90.0,0.5757336372297057,0.0443719241994791,0.1944960324160054,0.0547180148536826,0.1456804065499717,1.6875,1.6105404198302813,27.717854101617945,0.09459,0.0,0.0,0.3739811411219435,0.1717387728244777,0.0,0.9566770879857078,0.5739053776079929,2.886744252057905,4.686907942676706,0.00078,0.4587959343236903,0.8,0.01439,0.9416,0.65,0.0,0.0255464093102469,0.0,0.95,0.66,0.4,Premier League,
56979,935e6b8f,156008,4700922.0,Jordan Henderson,Jordan Henderson,Chelsea,8455.0,Brentford,9937.0,182.0,right,35.0,England,3.41801,CM,DM/CM,False,,6.0,0.5139288317583895,0.0286856461643196,0.1577639751552794,0.1441051631949683,0.2921645342074653,1.2643080125,1.054750322644694,45.17288791819716,0.07315,0.0,0.0,0.3400590551181102,0.7279480037140205,0.046899,0.7301637279596978,0.2419731140984335,4.434329395413482,1.4965548920532843,0.00076,0.313385156000426,0.6087408949,0.00448,0.94263,0.454545,0.0,0.0147423806214633,0.0,0.95,0.66,0.4,Premier League,
630699,,1529203,,Mohamadou Kanté,Mohamadou Kanté,,,,,178.0,right,20.0,France,0.41486,DM,DM/CM,False,,135.0,1.0772650019902283,0.1864505272345676,0.4974035608308605,0.0867995732933058,0.1861189801699717,1.2,1.2071686203787195,18.95964833183048,0.22712,0.238095238095238,0.00246,0.5883678990081153,0.1167988464311463,0.03852,0.2799592044875064,0.16259765625,2.8870604147880976,0.6431469792605952,0.00058,0.7608205590622181,2.380952380952381,0.01194,0.9192,0.5796,0.0,0.2008566275924256,0.0,0.95,0.66,0.4,,
122798,2e4f5f03,357880,4700790.0,Andrew Robertson,Andrew Robertson,Tottenham Hotspur,8586.0,Liverpool,8650.0,178.0,left,31.0,Scotland,13.61627,LB,CB/LB/LWB,False,,90.0,0.743087719005216,0.0566727719217837,0.1977401129943502,0.1644364974318944,0.3660589060308555,0.8,1.2243787411572646,47.63124268874292,0.06953,0.0,0.0,0.3503391329991153,1.5558598028477546,0.382653,0.6502963590177815,0.230517224262881,4.310087285161522,1.723033609009326,0.00085,0.271043223919402,0.2452316076294277,0.01028,0.97603,0.363636,0.0,0.0421128408170611,0.0,0.95,0.66,0.4,Premier League,
551153,95a98690,1342756,,Luís Hemir Silva Semedo,Luis Semedo,,,,,192.0,right,22.0,Portugal,0.56264,,ST,True,has joined Moreirense on loan for the rest of the season.,989.0,0.6860697427557836,0.1590084830919901,0.4151515151515151,0.0260981449575135,0.0546006066734074,0.3640040445,0.5787878787878789,8.193939393939395,0.26083,0.0,0.0021,0.409090909090909,0.35102,0.05035,0.1092012133468149,0.1121212121212121,1.4666666666666668,0.5460060667340748,0.00055,0.8424242424242424,1.2740141557128413,0.00803,0.72557,0.38264,0.0,0.109090909090909,0.0,0.95,0.66,0.4,,
536119,e8392083,1398938,,Charlie Crew,Charlie Crew,,,,,185.0,right,19.0,Wales,0.78465,DM,DM/CM/AM,True,Has joined Doncaster Rovers on loan for the rest of the season.,70.0,0.99837,0.014677325852735,0.0657734470158343,0.0396075189763376,0.2517482517482518,3.2225063939,1.8260869565217392,18.830039525691696,0.1718,0.0,0.00235,0.6715658564160543,0.1336633663366336,0.04105,0.4261119081779053,0.2068965517241379,3.320158102766798,0.6304945054945054,0.00062,0.4824300178677784,0.631578947368421,0.0105,0.92655,0.61782,0.0,0.0,0.0,0.95,0.66,0.4,,
221820,bac46a10,847983,4700709.0,Lisandro Martínez,Lisandro Martinez,Manchester United,10260.0,Manchester United,10260.0,178.0,left,28.0,Argentina,37.32615,CB,CB,False,,626.0,0.9377416417396348,0.0397870732546469,0.1799265605875153,0.0506146046606116,0.1395348837209302,1.7252396166,1.730044216895508,52.26923076923077,0.1491,0.0,0.072993,0.5017343904856293,0.1279387643521049,0.0,1.133534015653221,0.715062662567983,4.7860432980193455,3.422313084112149,0.00075,0.3558558558558559,0.5,0.00495,0.96087,0.846154,0.0,0.0373099953938277,0.0,0.95,0.66,0.4,Premier League,
448104,0c7a48f8,1137667,4700618.0,Piero Hincapié,Piero Hincapié,Arsenal,9825.0,Bayer Leverkusen,8178.0,184.0,left,24.0,Ecuador,61.64048,CB,CB/LB/LM,False,,9.0,0.6092429900416747,0.0592858230466507,0.1620599621860088,0.0610168716153896,0.1072160921784982,3.1671554252,1.7248775938447194,43.67052558462606,0.10869,0.2639296187683284,0.050223,0.2591698841698841,0.2134632418069088,0.050223,0.9565625733740316,0.4923691007278704,3.598749710581153,2.96987087517934,0.00073,0.9477733737467942,1.3196480938416424,0.01191,0.95478,0.75,0.0,0.0361194721000231,0.0,0.95,0.66,0.4,Premier League,
444463,132a82f1,917802,4700741.0,Wesley Fofana,Wesley Fofana,Chelsea,8455.0,Chelsea,8455.0,185.0,right,25.0,France,27.58519,CB,RB/CB,False,,1726.0,0.6195661715465292,0.0388663369054196,0.1185906617015181,0.024407865315439,0.0691693762932308,0.9907300116,1.306354515050167,52.365551839464885,0.16705,0.0,0.0,0.5036726128016789,0.0670295044399885,0.052265,1.580267558528428,0.7255463991400932,4.14180602006689,5.184341637010676,0.00074,1.062541806020067,1.1428571428571428,0.02784,0.92292,0.5,0.0,0.0240802675585284,0.0,0.95,0.66,0.4,Premier League,
439135,f557c3b8,1127305,,Eiran Cashin,Eiran Cashin,,,,,184.0,left,24.0,Ireland,9.00318,CB,CB/LB,True,has joined Blackburn Rovers on loan for the rest of the season.,1958.0,0.5860823902703984,0.0451904478578595,0.1476423602164391,0.0249027447280345,0.0290499869144203,3.2635342186,1.3964770082657894,25.56012884753041,0.15922,0.0,0.00763,0.2090924285475514,0.0846335498018048,0.0297,1.1194661720828964,0.4891541004757681,3.684575876735415,3.3050119331742245,0.00067,0.342511013215859,1.5976331360946745,0.01312,0.93883,0.86754,0.0,0.0264853256979241,0.0,0.95,0.66,0.4,,
576637,30416cc3,1683683,,Godwill Kukonki,Godwill Kukonki,,,,,196.0,left,17.0,England,0.02,CB,CB,False,,14.0,1.0,0.04325,0.1598,0.02456,0.0677540777917189,0.9033877039,0.5420326223337515,25.46771037181996,0.19304,0.0,0.01036,0.8130489335006273,0.06041,0.03825,0.4065244667503137,0.2032622333751568,2.374295377677565,1.693851944792974,0.00055,0.5420326223337515,1.355081555834379,0.01866,0.9534,0.8532,0.0,0.0,0.0,0.95,0.66,0.4,,
531989,d00d45ab,1330872,,David Ozoh,David Ozoh,,,,,183.0,right,20.0,England,1.29299,DM,DM/CM,True,Has joined Derby County on loan for the rest of the season.,1919.0,2.6668180587573715,0.0211264089575015,0.100274254370929,0.0226055656093356,0.0304846274101094,2.4387701928,1.963242375601926,19.75088282504013,0.12956,0.0,0.00159,0.7991480996068152,0.16695,0.02321,0.8956661316211878,0.0669081204727411,3.181059390048154,0.6175580221997982,0.00059,0.7433534207727757,2.142857142857143,0.00828,0.93468,0.34258,0.0,0.0563402889245585,0.0,0.95,0.66,0.4,,
198869,35e413f1,776151,4700621.0,Benjamin White,Ben White,Arsenal,9825.0,Arsenal,9825.0,186.0,right,28.0,England,42.64644,RB,RB,False,Groin injury - 75% chance of playing,90.0,1.342401971921337,0.0386623338391804,0.1604782882315922,0.0974214876034,0.1964082746078654,1.9176136364,1.4035087719298245,41.26238532110092,0.09728,0.0,0.0,0.2578958376908596,0.3504769397187531,0.384615,0.8223188148673821,0.4464067637388446,3.3294888597640893,2.2303745510518205,0.00075,0.527611871726546,0.5714285714285714,0.00097,0.96858,0.444444,0.0,0.0519003931847968,0.0,0.95,0.66,0.4,Premier League,
204214,d38fdf53,688278,,Pervis Estupiñán Tenorio,Pervis Estupinán,,,,,175.0,left,28.0,Ecuador,22.94469,LB,LB/LWB/LM,True,Has joined AC Milan permanently,66.0,1.1475379250631819,0.0470760987184654,0.2577917981072555,0.1173351733037364,0.2340352088367276,4.0449438202,1.8023573065589875,41.81960056749973,0.1329,0.0,0.00755,0.5713434969032873,1.029648407362504,0.20509,1.2192016517549895,0.2539750752041255,5.329477245443632,2.099214659685864,0.00074,0.7932133910271009,1.607142857142857,0.00479,0.91609,0.669,0.0,0.0540216086434573,0.0,0.95,0.66,0.4,,
487676,4fa3a3a4,1067763,4701109.0,Trai Hume,Trai Hume,Sunderland,8472.0,Sunderland,8472.0,180.0,right,23.0,Northern Ireland,22.66059,RB,RB/CB/LB/RWB/LWB/RM/RW,False,,80.0,0.7859544927393683,0.0425373130152577,0.190543876711304,0.0689118313353024,0.1070789198866179,1.9855120184,1.970600721715135,25.480895775843763,0.11888,0.0,0.029644,0.2625027866537862,0.389201471542956,0.088933,0.8157503714710251,0.3329921029540802,3.194544682657609,2.3593117408906883,0.00102,0.6987797045600515,1.7391304347826086,0.00661,0.98769,0.764706,0.0,0.0334323922734026,0.0,0.95,0.66,0.4,Premier League,
544877,0ad53bdc,1195281,4700681.0,Milos Kerkez,Milos Kerkez,Liverpool,8650.0,Liverpool,8650.0,180.0,left,22.0,Hungary,68.17901,LB,LB/LWB,False,,90.0,1.098735553591365,0.044558218918527,0.1698248407643312,0.0674461870784721,0.1607557889300163,1.6327433628,1.4851643335362144,25.906154899573952,0.07127,0.0,0.0,0.5484714400643604,0.6708507670850766,0.159504,0.838597163664239,0.3349048661390807,3.5530488739083803,2.124104640298972,0.0008,1.060476410730805,2.098445595854922,0.02503,0.95439,0.555556,0.0,0.048957699330493,0.0,0.95,0.66,0.4,Premier League,
496279,b54c480e,1288287,,Isaac Heath,Isaac Heath,,,,,,right,21.0,England,0.42,LWB,LWB/RM/CM/LM/RW/AM/LW/ST,True,has joined Accrington on loan for the rest of the season.,158.0,1.1722299376138885,0.1117806491236118,0.5031515483694163,0.0846766493656522,0.1504178272980501,1.2162162162,0.6697222971151255,9.958479374494472,0.16553,0.0,0.00245,0.9801210025929128,0.5013927576601671,0.15668,0.4583464319396416,0.073972602739726,2.9263952547856573,0.4813753581661891,0.00054,0.5462208485529643,0.4761904761904761,0.00671,0.907,0.5476,0.0,0.1310326233486114,0.0,0.95,0.66,0.4,,
218364,af0d79a9,622091,4701075.0,Borna Sosa,Borna Sosa,Crystal Palace,9826.0,Crystal Palace,9826.0,187.0,left,28.0,Croatia,3.91851,LWB,LB/LWB/RM/LM,True,Has joined FC Cologne on loan for the rest of the season,99.0,0.8299791591504214,0.0344060680233843,0.1762101534828807,0.177558344914444,0.2538003965631196,5.0,1.2786885245901636,28.324695928080384,0.10378,0.0,0.00167,0.514013749338974,1.826858108108108,0.08369,0.8108543793659324,0.2721667645331767,3.4243786356425168,1.547472018525666,0.0006,0.4082149114269029,5.0,0.00945,0.92329,0.0,0.0,0.0285563194077207,0.0,0.95,0.66,0.4,,
487053,7cd520e8,1052898,4700779.0,Destiny Udogie,Destiny Udogie,Tottenham Hotspur,8586.0,Tottenham Hotspur,8586.0,188.0,left,23.0,Italy,51.72804,LB,LB/LWB/LM,False,,4.0,0.7880898266624308,0.0538247939867729,0.1636017755231452,0.0615901061584197,0.0994708994708994,2.0820895522,2.416064981949459,32.05956678700361,0.09026,0.0,0.0,0.9326974600793057,0.1681653626065631,0.201794,1.016245487364621,0.2543140638481449,5.233754512635379,1.0292965690114366,0.00095,1.548736462093863,3.103448275862069,0.03841,0.93988,0.5,0.0,0.0424187725631769,0.0,0.95,0.66,0.4,Premier League,
604988,,1602771,,Freddie Simmonds,Freddie Simmonds,,,,,189.0,right,17.0,England,,CB,RB/CB,False,,90.0,1.0,0.0423,0.0563674321503131,0.0013079186069912,0.1127348643006262,1.127348643,0.7339805825242718,34.71923076923077,0.21147,0.0,0.01104,0.2254697286012525,0.06682,0.0304,0.5286144578313252,0.2180936995153472,1.7056451612903225,2.424489795918367,0.00054,0.392568659127625,2.571428571428571,0.01899,0.9534,0.8532,0.0,0.0,0.0,0.95,0.66,0.4,,
575476,1704b0b8,1458711,4701021.0,Murillo Costa dos Santos,Murillo,Nottingham Forest,10203.0,Nottingham Forest,10203.0,182.0,left,23.0,Brazil,67.61098,CB,CB/LB,False,,89.0,0.6023336978839738,0.0437003663556831,0.164277446353842,0.0261834531629213,0.0692811817330698,1.4767932489,1.4170119424811114,34.54350475262003,0.08499,0.0,0.084507,0.5637338532780891,0.1083306936965473,0.0,1.0864012021036815,0.966190833959429,4.090909090909091,5.862538699690403,0.00077,0.2473555736371033,1.8080357142857144,0.01325,0.97,0.88,0.0,0.026322203265903,0.0,0.95,0.66,0.4,Premier League,
440854,dc3e663e,1021834,,Jakub Kiwior,Jakub Kiwior,,,,,189.0,left,25.0,Poland,25.39007,CB,CB/LB,True,has joined Porto on loan for the rest of the season.,270.0,0.8831899541639079,0.0379999998750998,0.1473889143380668,0.0306039531750942,0.0651069724488225,2.5,1.2492890995260664,39.46612802983219,0.10893,0.0,0.00692,0.2079020449381469,0.1930541368743616,0.04021,0.7924170616113744,0.5023696682464456,2.862958359229335,2.59606501283148,0.00063,0.2568212824010913,1.2857142857142856,0.01059,0.96615,0.84963,0.0,0.0335612181479179,0.0,0.95,0.66,0.4,,
244954,532e1e4f,792645,4700809.0,Pau Torres,Pau Torres,Aston Villa,10252.0,Aston Villa,10252.0,192.0,left,29.0,Spain,34.27799,CB,CB,True,Hamstring injury - Expected back 10 Oct,74.0,0.4973976433101021,0.0380714210457207,0.1088609914780537,0.0231105941243121,0.0486796054724785,1.1813842482,0.8765705838876572,44.31900946831754,0.06355,0.0,0.053699,0.4682080924855491,0.0674037089871611,0.0,0.3960990247561891,0.5465465465465466,3.458120903131829,2.840511440107671,0.00072,0.2947314838381267,0.9523809523809524,0.03182,0.97286,0.833333,0.0,0.0189366351056081,0.0,0.95,0.66,0.4,Premier League,
108413,a0666d3e,295067,4701067.0,Will Hughes,Will Hughes,Crystal Palace,9826.0,Crystal Palace,9826.0,185.0,left,30.0,England,8.38099,DM,DM/CM,False,,1568.0,0.31463412298742355,0.0365788405191818,0.1670040485829959,0.0954696025146776,0.1480092325447201,1.549744898,2.487632508833922,30.593094629156003,0.16162,0.0,0.0,0.3923108162989034,0.5530871321407962,0.0,0.95006468305304,0.6018154311649017,4.78772378516624,1.2389339513325606,0.00068,1.2279217345319935,1.3201530612244898,0.00917,0.87118,0.421053,0.0,0.0115089514066496,0.0,0.95,0.66,0.4,Premier League,
166477,197640fd,465750,4701051.0,Timothy Castagne,Timothy Castagne,Fulham,9879.0,Fulham,9879.0,185.0,right,30.0,Belgium,14.28463,RB,RB/LB/RWB/RW,False,,90.0,0.507006165437687,0.0550284580422255,0.2017056723522411,0.0615415508050237,0.1119951040391676,2.6359832636,1.994747899159664,33.874967708602426,0.0544,0.0,0.0,0.3581207524869496,0.4285327802326629,0.04878,1.1826544021024965,0.3803986710963455,3.802118315680702,2.732690124858116,0.00084,0.4349903519250208,1.975609756097561,0.00708,0.98648,0.8,0.0,0.0278997675019374,0.0,0.95,0.66,0.4,Premier League,
612534,fde367e5,1478706,,Benjamin Fredrick,Benjamin Fredrick,Brentford,9937.0,,,,right,20.0,Nigeria,0.175,CB,RB/CB/RWB/RM/AM,False,,862.0,1.0,0.0282779571075173,0.1190738699007717,0.0423564366010944,0.1252900232018561,2.2969837587,1.3693495038588752,18.5755237045204,0.1729,0.0,0.01194,0.1879350348027842,0.3132250580046403,0.03611,0.8770301624129929,0.3758700696055684,1.8456449834619624,2.380510440835266,0.00053,0.3132250580046403,0.8352668213457076,0.01899,0.9534,0.8532,0.0,0.0,0.0,0.95,0.66,0.4,,
570241,f4065d9e,1341538,,Kim Ji-soo,Ji-Soo Kim,Brentford,9937.0,Brentford,9937.0,189.0,both,21.0,South Korea,1.74928,CB,CB,False,,90.0,1.0,0.0027999281856467,0.14757,0.0040372412520815,0.06086,0.6548100243,0.5175148711169861,20.29332477535301,0.1729,0.0,0.0,0.0758959943780744,0.06109,0.0,0.5149863760217982,0.6071679550245958,2.4261874197689344,2.781933662667607,0.00053,0.2551468106648666,1.5,0.01899,0.95764,0.769231,0.0,0.0,0.0,0.95,0.66,0.4,2. Bundesliga,
153127,c951a6df,489627,,Isaac Hayden,Isaac Hayden,,,,,185.0,right,30.0,Jamaica,0.25282,DM,DM/CM,True,Has departed the club as a free agent.,180.0,0.97663,0.0277391261637592,0.1420765027322404,0.0281896628167223,0.085058505850585,1.0,1.470250521920668,22.10777661795408,0.22126,0.0,0.00118,0.2806503198294243,0.128668171557562,0.03928,1.0279227557411277,0.4878769958604376,2.9279749478079333,1.6727037516170762,0.00059,0.4556367432150313,0.8442776735459663,0.00606,0.89463,0.51412,0.0,0.0,0.0,0.95,0.66,0.4,,
441271,9a71e978,1010733,,Ki-Jana Hoever,Ki-Jana Hoever,,,,,180.0,right,24.0,Netherlands,5.51532,RWB,RB/RWB/RM,True,has joined Sheffield United on loan for the rest of the season.,428.0,1.223958317231919,0.0532389881942396,0.1969634796881411,0.0737150680819245,0.2081484469544171,2.7336448598,1.7295161095692049,21.09466634487752,0.09263,0.0,0.00184,0.5773460410557184,0.5151015228426397,0.08415,1.0699030317908431,0.1595264937993235,3.4764088331121035,2.8507109004739344,0.00085,0.4563782991202346,1.8,0.01168,0.90308,0.46848,0.0,0.0651623024013515,0.0,0.95,0.66,0.4,,
489580,d720e834,1076952,,Calvin Ramsay,Calvin Ramsay,Liverpool,8650.0,Liverpool,8650.0,177.0,right,22.0,Scotland,1.6394,RB,RB/RWB/RM,True,Has joined St Mirren on loan for the rest of the season,1291.0,0.909014142006393,0.0433455063005507,0.2980132450331126,0.0597092838585376,0.1452393760086067,1.8125484121,1.19867416633186,23.71160160525356,0.16747,0.0,0.00392,0.5069011576135352,0.4634246015529218,0.07206,0.8479308959421455,0.2980132450331125,2.498723093761401,1.641337386018237,0.00053,0.9811391927574504,0.9160305343511452,0.0077,0.95077,0.61777,0.0,0.0394016782196278,0.0,0.95,0.66,0.4,,
547801,b2010f35,1446668,,Callum Bates,Callum Bates,,,,,180.0,right,20.0,England,0.76,DM,CB/DM/CM/RW/AM,False,,1272.0,0.7250404814268792,0.0414,0.1412688031393067,0.05399,0.1412688031393067,2.8301886792,1.440800444691495,20.68148971650917,0.22712,0.0,0.00161,0.3001667593107281,0.3531720078482668,0.03748,0.8054474708171208,0.1698113207547169,3.031684269038355,0.5650752125572269,0.00054,0.660366870483602,0.6367924528301887,0.01066,0.9192,0.5796,0.0,0.0300166759310728,0.0,0.95,0.66,0.4,,
620487,c478319d,1666977,4700942.0,Veljko Milosavljevic,Veljko Milosavljevic,AFC Bournemouth,8678.0,AFC Bournemouth,8678.0,192.0,right,18.0,Serbia,23.82236,CB,RB/CB,True,Thigh injury - Unknown return date,367.0,0.99728,0.0371035417841305,0.10264,0.0481012784330331,0.08152,1.2261580381,0.9607535321821036,38.88226059654631,0.15325,0.0,0.0,0.2452316076294277,0.03907,0.0,0.989010989010989,0.8759811616954473,2.9387755102040813,4.464678178963894,0.00067,0.8,0.67698,0.01411,0.96671,1.0,0.0,0.0,0.0,0.95,0.66,0.4,Premier League,
499167,676cf55d,1559621,,Josh Nichols,Josh Nichols,,,,,165.0,right,19.0,England,,RB,RB/CB/LB,False,,889.0,1.0,0.04126,0.3599999999999999,0.0177571803331375,0.24973,1.6197975253,0.9257142857142856,24.11052631578947,0.15118,0.0,0.00225,0.4628571428571427,0.1822272215973003,0.07403,0.6685714285714285,0.2057142857142856,2.321052631578948,1.4892747701736464,0.00052,0.5210526315789472,0.9111361079865016,0.00492,0.94182,0.73009,0.0,0.0,0.0,0.95,0.66,0.4,,
232792,f4e433d4,955139,,Tariq Lamptey,Tariq Lamptey,,,,,170.0,right,25.0,Ghana,11.60588,LB,RB/LB/LWB/RM/RW,True,has joined Fiorentina permanently.,28.0,1.7573606764247995,0.0443524015796833,0.3745006657789613,0.0820867424848438,0.1587457128858402,7.2,1.9047361299052767,27.28376184032476,0.12546,0.0,0.00263,0.9325301204819276,0.7755760368663595,0.07956,0.8742120343839543,0.4592445328031808,3.6791610284167793,2.2161654135338344,0.00066,1.403950953678474,1.3235294117647058,0.00499,0.86038,0.50773,0.0,0.0779431664411366,0.0,0.95,0.66,0.4,,
514356,ecad9aa5,1190867,4700751.0,Roméo Lavia,Romeo Lavia,Chelsea,8455.0,Chelsea,8455.0,181.0,right,22.0,Belgium,44.9065,DM,DM,False,,65.0,1.083222200089601,0.037740379903979,0.1805778491171749,0.0480595364518713,0.1808346213292117,1.9098143236,2.2017440490219187,38.79218714512832,0.18819,0.0,0.0,1.004777470455117,0.0807174887892376,0.0,1.3207902163687677,0.443946188340807,5.980922098569158,1.1145139813581892,0.00046,1.5616625028389732,0.6870229007633587,0.02849,0.79158,0.0,0.0,0.0408812173518055,0.0,0.95,0.66,0.4,Premier League,
490094,84c5ceea,1203512,4701003.0,Tim Iroegbunam,Tim Iroegbunam,Hull City,8667.0,Everton,8668.0,183.0,right,22.0,England,12.206,DM,DM/CM,False,,1485.0,0.46436336410177664,0.0523059707528785,0.1946139559564872,0.0283953687247644,0.0871583974529052,4.1212121212,2.9230849076188496,19.945920697529584,0.12791,0.0,0.0,0.9388623624662652,0.0512259194395796,0.0,1.1409658970557086,0.4295589203423305,4.860597882499481,0.8870292887029286,0.00075,1.1966991903674489,1.7575757575757571,0.01568,0.9252,0.352941,0.0,0.0242889765414158,0.0,0.95,0.66,0.4,Premier League,
587178,3c841afd,1393980,,Yasin Özcan,Yasin Özcan,,,,,185.0,left,19.0,Türkiye,11.91176,CB,CB/LB,True,has joined Anderlecht on loan for the rest of the season.,167.0,1.406992762054515,0.0251176232666052,0.1029832447895382,0.0178888633443265,0.0384944396920444,3.7724550898,1.2581151832460735,23.14083769633508,0.16615,0.0,0.00856,0.2631945411502576,0.0846877673224978,0.02789,1.0213106020245073,0.3540746688077077,2.93446989877464,2.420035149384886,0.00052,0.2948854555141182,2.694610778443114,0.02046,0.9534,0.8532,0.0,0.0353403141361256,0.0,0.95,0.66,0.4,,
664015,,1759715,,Leon Routh,Leon Routh,,,,,,right,18.0,England,,CB,CB,False,,90.0,0.9214520172632321,0.04081,0.075208913649025,0.02281,0.05863,0.9200743494,0.6016713091922004,25.83426183844011,0.16615,0.0,0.00856,0.1505576208178438,0.0501858736059479,0.02789,0.2256267409470752,0.3008356545961003,2.0682451253481893,2.4066852367688023,0.00052,0.7896935933147633,1.25,0.02046,0.9534,0.8532,0.0,0.0376044568245125,0.0,0.95,0.66,0.4,,
618027,,1559638,,TJ Carroll,TJ Carroll,,,,,197.0,right,19.0,England,,CB,RB/CB,False,,25.0,0.6841805050620485,0.04081,0.031231925968768,0.02281,0.031231925968768,0.3123192597,0.1873915558126084,30.82523267838676,0.16615,0.0,0.00856,0.1873915558126084,0.0437,0.02789,0.2512926577042398,0.6871023713128976,2.010341261633919,2.26163391933816,0.00052,0.7538779731127199,0.8780487804878049,0.02046,0.9534,0.8532,0.0,0.0279214064115822,0.0,0.95,0.66,0.4,,
113564,1bf811d4,363318,4700960.0,Sam Byram,Sam Byram,,,,,180.0,right,32.0,England,0.74417,LB,RB/LB,False,,8.0,1.0902468489197297,0.0435709079224212,0.1453252032520325,0.054106355178534,0.1048074051955807,1.28616,1.5935114503816792,26.21437271619976,0.11866,0.0,0.00988,0.3535374868004223,0.1522731990865684,0.10529,0.8751072041166383,0.3551086956521738,3.0429354445797814,1.6615853658536586,0.00102,0.5863780359028511,2.0,0.00404,0.89401,0.0,0.0,0.0475030450669914,0.0,0.95,0.66,0.4,,
609873,de59e609,1559637,4700989.0,Harrison Armstrong,Harrison Armstrong,Everton,8668.0,Everton,8668.0,185.0,right,19.0,England,2.3272,CM,DM/CM/AM/RW,False,,90.0,0.7028433411511344,0.045669872008073,0.1844779257182901,0.0541294664673415,0.1616197183098591,2.2159090909,1.3067356064840694,19.34567901234568,0.14724,0.0,0.0,0.4295632050911194,0.7941176470588235,0.340265,0.9,0.2672727272727273,3.264197530864197,1.1406741573033707,0.0005,0.9946961009174312,1.8161434977578477,0.00578,0.96881,0.166667,0.0,0.0320987654320987,0.0,0.95,0.66,0.66,Premier League,
214285,f315ca93,671529,,Konstantinos Tsimikas,Konstantinos Tsimikas,Liverpool,8650.0,Liverpool,8650.0,179.0,left,29.0,Greece,15.16336,LB,LB/LWB/LM,False,,637.0,0.95819,0.0351960000566073,0.3053435114503817,0.1277639691527484,0.3036253776435045,1.5541601256,1.8019498104350968,35.13233435638202,0.10228,0.0,0.0,0.5180863477246208,1.5271232876712328,0.139752,1.004365154678307,0.1995133819951338,3.906120238310165,1.6369915579432075,0.00063,0.7312709653373091,5.625,0.00715,0.88642,0.166667,0.0,0.0,0.0,0.95,0.66,0.4,Serie A,
437738,01834aa0,922892,4700961.0,Sebastiaan Bornauw,Sebastiaan Bornauw,Leeds United,8463.0,Leeds United,8463.0,191.0,right,26.0,Belgium,6.13579,CB,CB,True,Has joined Hamburg SV on loan for the rest of the season,90.0,1.0139419218605745,0.0439740728753829,0.2050022331397945,0.0132041573998972,0.1400414937759335,1.6666666667,1.2173507462686566,36.8702752293578,0.12561,0.0,0.0,0.1520591341077085,0.2794117647058823,0.20979,1.1774311926605503,0.7404850746268656,3.563669724770642,3.932248599626568,0.00067,0.3246028338342636,2.0,0.0145,0.93575,0.0,0.0,0.0445871559633027,0.0,0.95,0.66,0.4,Premier League,
174874,e34fc66d,503659,4701045.0,Joachim Andersen,Joachim Andersen,Fulham,9879.0,Fulham,9879.0,188.0,right,29.0,Denmark,28.26467,CB,CB,False,,2877.0,0.5380798897868302,0.0467246891378046,0.2141263940520446,0.0446762118080667,0.0916451047491862,1.4077163712,1.2989399293286217,52.920307286412665,0.10723,0.0,0.0,0.2217228464419476,0.1404480241631009,0.0,1.0255764539230343,0.593554833874594,4.507332971211299,6.626569729015202,0.00078,0.544,1.4210526315789471,0.03821,0.97801,0.939394,0.0,0.0251416155815938,0.0,0.95,0.66,0.4,Premier League,
167074,77d7c96f,469804,4701046.0,Kenny Tete,Kenny Tete,Fulham,9879.0,Fulham,9879.0,180.0,right,30.0,Netherlands,16.17668,RB,RB,False,,1794.0,0.7123826345300482,0.0484419478820579,0.1411462788708297,0.0617579109909618,0.0903187721369539,3.2608695652,2.829754601226994,32.003834355828225,0.11522,0.0,0.0,0.5957613814756673,0.7338957055214724,0.050251,1.5988880063542494,0.4701318851823119,4.320552147239264,3.2642285219649434,0.00067,1.3891977760127086,2.0,0.00252,0.91706,0.714286,0.0,0.0345092024539877,0.0,0.95,0.66,0.4,Premier League,
591384,,1559636,,George King,George King,,,,,,right,18.0,England,,CB,CB/LB,False,,90.0,2.184213904112468,0.03979,0.1331689272503082,0.0104956107067042,0.073469387755102,2.1428571429,1.1778523489932884,17.90343347639485,0.18962,0.0,0.01014,0.3662145499383477,0.0665844636251541,0.04254,0.875838926174497,0.4530201342281878,1.6512875536480685,3.267726161369193,0.00051,0.3498233215547702,1.0778443113772456,0.01843,0.9534,0.8532,0.0,0.0869098712446351,0.0,0.95,0.66,0.4,,
220684,182a8b9d,963940,4701094.0,Aji Alese,Aji Alese,,,,,192.0,right,25.0,England,1.60872,,CB,True,has joined Portsmouth on loan for the rest of the season.,4.0,0.6623677497589775,0.0291772439378739,0.1386255924170616,0.0335622072810848,0.1006018916595013,1.02452,1.2044967880085653,21.56045589692765,0.18746,0.0,0.00132,0.2096273291925466,0.2218009478672986,0.0733,0.8994053518334986,0.3559970834852352,2.127190026954178,6.352941176470587,0.00064,0.4054652880354505,0.8525,0.00506,0.8924,0.54127,0.0,0.0193260654112983,0.0,0.95,0.66,0.4,,
550864,6763f716,1358581,4700711.0,Leny Yoro,Leny Yoro,Manchester United,10260.0,Manchester United,10260.0,190.0,right,20.0,France,70.90257,CB,CB,False,,1739.0,0.555415659693937,0.0420091643410329,0.1679536679536679,0.0140824052689764,0.04443,1.6561242093,1.2493518736742872,44.57365071883101,0.11998,0.0,0.0,0.1984924623115578,0.0660270880361173,0.103448,1.1491186279180563,0.3878465076867207,3.381098279519209,3.267967145790555,0.0007,0.3804581698519175,0.879815986198965,0.01036,0.91597,0.5,0.0,0.0233325477256658,0.0,0.95,0.66,0.4,Premier League,
704232,,1789407,,George Brierley,George Brierley,,,,,181.0,right,18.0,England,,CM,CB/DM/CM,False,,1325.0,1.0,0.03932,0.22436,0.04439,0.040754716981132,2.8528301887,1.7116981132075473,12.848761408083442,0.1994,0.0,0.00231,0.1630188679245283,0.2898,0.04592,0.4075471698113208,0.1408083441981747,1.8657105606258144,0.7743396226415095,0.00048,0.4928292046936114,1.969811320754717,0.0094,0.9158,0.5357,0.0,0.0,0.0,0.95,0.66,0.4,,
589121,,1538227,,Ethan Sutherland,Ethan Sutherland,,,,,182.0,left,19.0,Scotland,,LWB,LB/LWB/CM/LM/LW,False,,20.0,6.786805474972414,0.0129165832121767,0.3554580362040592,0.1177951879237764,0.3870043000477782,3.5631399317,1.9790575916230364,11.308441558441556,0.17123,0.0,0.00432,0.4798745426032409,1.0602094240837694,0.12788,0.8717277486910995,0.0368600682593856,3.015706806282722,1.3551136363636362,0.0005,0.2635574837310195,1.245674740484429,0.00802,0.907,0.5476,0.0,0.0876623376623376,0.0,0.95,0.66,0.4,,
207189,d0b6129f,540963,4701039.0,Sander Berge,Sander Berge,Fulham,9879.0,Fulham,9879.0,193.0,right,27.0,Norway,28.72467,DM,DM/CM,False,,73.0,0.7826754686095556,0.0560882898148076,0.1323529411764706,0.0516726364821431,0.1374784853700516,1.125,1.6555653286422516,37.56416919878458,0.09568,0.0,0.030981,0.5866985330476348,0.1317567567567567,0.030981,0.6103584999173962,0.4119561634805537,4.544978410363027,1.4926510615133368,0.00086,0.4286239882266372,0.2556818181818182,0.01082,0.94955,0.735294,0.0,0.0438989285143131,0.0,0.95,0.66,0.4,Premier League,
606745,64e17fab,1559639,4700710.0,Ayden Heaven,Ayden Heaven,Manchester United,10260.0,Manchester United,10260.0,189.0,left,19.0,England,16.69007,CB,CB,False,,90.0,0.98672,0.0547399049123319,0.07438,0.0152541292516295,0.0975081256771397,2.1451787649,1.939882697947214,40.65060240963856,0.0804,0.0,0.097403,0.6581352833638026,0.0243,0.0,0.5381165919282511,1.067307692307692,3.7689075630252105,5.085201793721972,0.00065,1.132867132867133,1.0,0.01318,0.90581,0.636364,0.0,0.0,0.0,0.95,0.66,0.4,Premier League,
578512,d50ec076,1655958,,Miodrag Pivaš,Miodrag Pivas,Newcastle United,10261.0,,,188.0,right,20.0,Serbia,0.23,CB,CB,False,,45.0,0.619833003214867,0.03912,0.0374220374220374,0.02248,0.6,1.4968814969,0.8244274809160304,25.896722047597663,0.1909,0.0,0.01,0.1170097508125676,0.062370062,0.0364,0.8646694214876033,0.5577009429726089,2.352043107319264,3.0903614457831323,0.0005,0.2465753424657534,0.8108108108108109,0.018,0.9534,0.8532,0.0,0.0242478670857656,0.0,0.95,0.66,0.4,,
517179,039c3d96,1284082,,Alfie Pond,Alfie Pond,,,,,188.0,right,21.0,England,0.6984,CB,CB,True,has joined Crewe Alexandra on loan for the rest of the season.,1504.0,1.1552505318526798,0.0459617577908325,0.1168831168831168,0.0059745073269191,0.0578,1.4361702128,0.8753799392097262,21.716814159292035,0.1909,0.0,0.00978,0.0917197452229299,0.0584,0.0364,0.940438871473354,0.5300613496932516,2.1818181818181817,4.629757785467128,0.0005,0.6126760563380282,2.0,0.01761,0.95764,0.86655,0.0,0.0530973451327433,0.0,0.95,0.66,0.4,,
461195,307ea3b6,1118480,,Dennis Cirkin,Dennis Cirkin,,,,,182.0,left,23.0,England,8.44172,LB,LB,False,,28.0,1.5134828260915232,0.0511192850640064,0.1521173848439821,0.0463396751340434,0.0805151395988989,2.25,1.67680608365019,18.78930401719293,0.17461,0.3020134228187919,0.00242,0.4261859907518411,0.2551661431641593,0.0357,0.968589849561911,0.3408860331416976,2.1328318730368654,2.080566801619433,0.00097,1.1099355265333113,1.2080536912751678,0.00404,0.92463,0.666667,0.0,0.0773681600264506,0.0,0.95,0.66,0.4,,
547676,58630379,1403351,,Tyler Fredricson,Tyler Fredricson,Manchester United,10260.0,Manchester United,10260.0,184.0,right,20.0,England,5.63362,CB,CB,True,Has joined Lausanne-Sport permanently,45.0,1.0,0.03888,0.14016,0.0103381237555896,0.05758,1.06151,1.6045380875202593,46.58995137763371,0.17142,0.0,0.00994,0.3759791122715404,0.05364,0.03397,1.1958041958041958,0.52841,2.9756888168557536,3.722960151802657,0.00048,0.7514231499051235,0.81322,0.0179,0.86266,0.0,0.0,0.0,0.0,0.95,0.66,0.4,,
611912,e1cc82b1,1677143,,Landon Emenalo,Landon Emenalo,,,,,177.0,left,18.0,England,0.05,LB,CB/LB/DM,False,,1399.0,1.0,0.03861,0.1157969978556111,0.09683,0.0771979985704074,1.9299499643,1.1819425444596443,31.9124487004104,0.22737,0.0,0.00346,0.5789849892780558,0.4245889921372408,0.0738,1.1080711354309165,0.1157969978556111,3.213406292749658,1.5825589706933525,0.0005,0.5017869907076482,0.4503216583273767,0.00886,0.9361,0.7094,0.0,0.0,0.0,0.95,0.66,0.4,,
153366,803ae100,502420,4701041.0,Harrison Reed,Harrison Reed,Fulham,9879.0,Fulham,9879.0,181.0,right,30.0,England,5.27782,DM,DM/CM,False,,90.0,1.337377344082385,0.0528171128974664,0.2631029442472332,0.0792587125015084,0.1128779395296752,1.00779,1.484664702824467,33.98532673605187,0.13883,0.0,0.0,0.3212373587150505,0.5203050186203226,0.0,0.6177794448612154,0.4266999376169682,4.483412322274882,1.3933236574746009,0.00069,0.688594923131927,1.7647058823529411,0.00326,0.94034,0.0,0.0,0.0706364101689131,0.0,0.95,0.66,0.4,Premier League,
242882,1bfb6fef,979752,4700931.0,Bafodé Diakité,Bafodé Diakité,AFC Bournemouth,8678.0,AFC Bournemouth,8678.0,184.0,right,25.0,France,45.40828,CB,CB,False,,1275.0,1.594742052659913,0.0549906079037779,0.2323168417056813,0.0220283530250697,0.0661764705882353,1.4117647059,1.0573889480305818,45.23557508597631,0.09808,0.0,0.0,0.2990309183202584,0.0676923076923077,0.140955,0.6515048872544276,0.3276677059237655,3.50267481849446,3.4306712395884373,0.00063,0.4088906295897386,0.5647058823529412,0.01101,0.93538,0.866667,0.0,0.0876958349254872,0.0,0.95,0.66,0.4,Premier League,
605319,,1675983,,Luke Rawlings,Luke Rawlings,,,,,178.0,right,17.0,England,0.04,DM,DM/CM/AM,False,,90.0,0.6569998467000339,0.0383,0.0672478206724782,0.04893,0.2,1.3473053892,0.880708294501398,12.70736253494874,0.23494,0.0,0.00284,0.4034869240348692,0.4034869240348692,0.03059,0.7297297297297296,0.1439232409381663,2.3150046598322462,0.4605543710021321,0.0005,1.232991612301957,0.6666666666666667,0.01275,0.9192,0.5796,0.0,0.0251630941286113,0.0,0.95,0.66,0.4,,
553299,9f59ff55,1308600,,Takai Kōta,Kota Takai,,,,,192.0,right,21.0,Japan,12.20081,CB,CB/RWB,True,has joined Borussia Mönchengladbach on loan for the rest of the season.,339.0,1.290772399961077,0.0255834983990062,0.1311634685450571,0.0122308675691661,0.034917555771096,2.9203539823,1.060846965295826,31.64378535392142,0.21479,0.0,0.01149,0.1590834697217675,0.028861571352218,0.03684,0.7471334658309126,0.546802742784245,2.889466442439994,4.778761061946903,0.00049,0.3391223445495425,0.7964601769911505,0.02091,0.9534,0.8532,0.0,0.0330224736278856,0.0,0.95,0.66,0.4,,
640419,0312881b,1693398,,Jun'ai Byfield,Jun'ai Byfield,Tottenham Hotspur,8586.0,Tottenham Hotspur,8586.0,188.0,right,17.0,England,0.05,CB,CB,False,,1.0,2.2326375222023387,0.03827,0.0981818181818181,0.02173,0.0559,0.87712,1.2816455696202531,53.31645569620254,0.21479,0.00707,0.0,0.5126582278481012,0.06155,0.0,0.5981012658227847,0.5981012658227848,2.5632911392405062,2.3563636363636364,0.00049,1.3670886075949369,1.00465,0.02091,0.9534,0.285714,0.0,0.0854430379746835,0.0,0.95,0.66,0.4,PL2,
610799,fd6bdbce,1413996,,Luka Vušković,Luka Vuskovic,Brighton & Hove Albion,10204.0,Tottenham Hotspur,8586.0,193.0,right,18.0,Croatia,20.00595,CB,CB,False,,90.0,1.6724928481230092,0.0846893549096421,0.3096674797791758,0.038431874840171,0.0530278232405891,0.8111429742,0.5825612387358802,32.67597410838939,0.21479,0.0,0.0,0.2542046475799204,0.0456209518445508,0.036855,0.7401954562761771,0.6863525484657851,3.559334940982358,5.66162109375,0.00049,0.664805178322122,1.4383561643835616,0.02091,0.9534,0.962963,0.0,0.1416423403985277,0.0,0.95,0.66,0.4,Bundesliga,
451432,3ce20eda,954962,,David Mota Veiga Teixeira do Carmo,David Carmo,,,,,196.0,left,26.0,Angola,11.34411,CB,RB/CB,True,has joined Real Oviedo on loan for the rest of the season.,33.0,0.40776482970799566,0.0334967176210383,0.1197339246119733,0.0109340686782505,0.0408575031525851,1.7123670957,0.7444036929303149,25.79461236878715,0.21368,0.0,0.0099,0.0813428018076178,0.0484739676840215,0.02519,0.6078158593651195,0.4848868091564436,2.192234728721386,3.5224416517055657,0.00077,0.1282863477985429,1.5976331360946745,0.00998,0.9697,0.85401,0.0,0.0136587833565195,0.0,0.95,0.66,0.4,,
487838,da011f18,1197655,4700849.0,Lewis Hall,Lewis Hall,Newcastle United,10261.0,Newcastle United,10261.0,179.0,left,21.0,England,37.32647,LB,CB/LB/LWB,False,,90.0,0.9723392479301352,0.0397966121767808,0.2657686828131071,0.1207305697602115,0.2657381615598885,2.2303809087,2.2407809110629064,38.99032604801147,0.06434,0.0,0.0,1.0244956772334295,0.9353555445052212,0.0,1.0050983248361252,0.5934065934065935,5.103547115729129,2.25182778229082,0.00072,1.1736311239193082,0.8017817371937639,0.01466,0.95334,0.791667,0.0,0.0386958079541383,0.0,0.95,0.66,0.4,Premier League,
472713,1780bb4a,1002039,4700899.0,Aaron Hickey,Aaron Hickey,Brentford,9937.0,Brentford,9937.0,185.0,both,23.0,Scotland,19.93399,RB,RB/LB/LWB/RWB/RM,False,,14.0,2.5687014551893537,0.0291635226920708,0.2368052312003737,0.032862261912533,0.0529078311988242,1.9708029197,1.5639431616341033,25.927570093457945,0.1477,0.0,0.0,0.8469871360866623,0.2260596546310832,0.0,0.7855293221629854,0.4069681245366938,4.405373831775702,2.757266300078555,0.00058,1.7870133774237185,1.7647058823529411,0.00423,0.92397,0.125,0.0,0.07491238317757,0.0,0.95,0.66,0.4,Premier League,
135720,6e33125f,754126,4700781.0,Kevin Danso,Kevin Danso,Sunderland,8472.0,Tottenham Hotspur,8586.0,190.0,right,27.0,Austria,27.41674,CB,CB,False,,25.0,0.2536986860933302,0.0489734656256229,0.1442564559216384,0.023052004669783,0.0481203007518797,0.7531380753,0.8815165876777252,42.05694564279551,0.0981,0.0,0.0,0.2853699239755238,0.2145862552594669,0.0,0.8381482146061368,0.8577391304347826,4.246074201898189,6.565022421524664,0.00072,1.08479327259986,1.0,0.02045,0.95322,0.823529,0.0,0.0124245038826574,0.0,0.95,0.66,0.4,Premier League,
441024,b391383a,1111611,,Harrison Ashby,Harrison Ashby,,,,,179.0,right,24.0,Scotland,1.5408,LB,RB/LB/RWB/CM/RW,True,has joined Bradford City on loan for the rest of the season.,19.0,0.4440622857265526,0.0364119060514237,0.1448986975397974,0.0506530772681014,0.1580611169652265,3.9705882353,1.8930348258706469,15.54228855721393,0.17395,0.3396226415094339,0.00357,0.497787610619469,0.4375,0.06821,0.6791714947856317,0.2354359925788497,3.115671641791045,1.981717011128776,0.00064,0.9389598255995018,1.3584905660377358,0.01537,0.86532,0.447,0.0,0.0161691542288557,0.0,0.95,0.66,0.4,,
463981,69942fb3,959407,4700946.0,James Hill,James Hill,AFC Bournemouth,8678.0,AFC Bournemouth,8678.0,184.0,right,24.0,England,7.63773,CB,RB/CB/DM,False,,90.0,0.24244060018681493,0.0380953928562865,0.1042084168336673,0.0504420706775847,0.1548541476754785,1.6682509506,1.635249839846252,29.6222766024629,0.11281,0.0,0.08547,0.1442526555386949,0.1107899807321772,0.08547,1.3733670803396472,0.5677570093457943,3.0599147458162297,6.743185947910357,0.00053,0.5662937983220926,1.0,0.00895,0.94603,0.909091,0.0,0.0092358699084306,0.0,0.95,0.66,0.4,Premier League,
206325,51cf8561,623621,,Oleksandr Zinchenko,Oleksandr Zinchenko,,,,,175.0,left,29.0,Ukraine,13.53179,LB,LB/LWB/RWB/CM/AM,True,has joined Ajax permanently.,353.0,0.6203565270050039,0.0484711445646467,0.2739945521551033,0.1262604687056659,0.2288017361649356,2.5495750708,1.8339350180505416,58.26060138781804,0.08332,0.0,0.00192,0.4897446630389285,0.3556191839656406,0.08145,0.929924493310372,0.1750453271798252,5.110535182065571,1.852716468590832,0.00072,0.4174311926605504,0.254957507082153,0.01013,0.94541,0.55669,0.0,0.0300693909020817,0.0,0.95,0.66,0.4,,
551483,faa13947,1526689,,Álex Jiménez Sánchez,Alex Jimenez,,,,,177.0,right,20.0,Spain,22.78795,RB,RB/RWB/LWB/RM/CM/RW/LW,False,,28.0,0.39198350193977965,0.0529279621824294,0.2129139994433621,0.0670948161606758,0.1019830028328612,2.6732673267,2.147302904564315,24.504149377593368,0.08205,0.0,0.00237,1.4315352697095431,0.4670746634026927,0.04776,0.967741935483871,0.3431672696910659,4.661825726141079,1.5486166007905138,0.00063,0.8443983402489628,0.3082191780821918,0.00498,0.91139,0.461538,0.0,0.0207468879668049,0.0,0.95,0.66,0.4,,
553746,5536f008,1414761,,Leo Shahar,Leo Shahar,Newcastle United,10261.0,,,,right,18.0,England,0.44,RB,RB/LB/DM/RM,True,has joined Arouca on loan for the rest of the seaon.,651.0,1.0,0.0359,0.1949458483754512,0.08391,1.2,2.2119815668,1.2346570397111911,21.703971119133573,0.15605,0.0,0.00507,0.259927797833935,0.7148014440433214,0.06554,0.8447653429602889,0.3317972350230415,2.2093862815884475,0.9747292418772564,0.00045,0.4548736462093862,1.5207373271889402,0.00869,0.936,0.7031,0.0,0.0,0.0,0.95,0.66,0.4,,
244723,5cbd1eb0,1120224,4701071.0,Tyrick Mitchell,Tyrick Mitchell,Crystal Palace,9826.0,Crystal Palace,9826.0,174.0,left,26.0,England,28.29999,LWB,LWB/LM,False,,90.0,0.834908154030405,0.0439348532011898,0.1247677576104044,0.0669469079374973,0.1690751445086705,2.7943436828,2.4967131212200897,22.440836181961608,0.05299,0.0,0.0,0.4517063081695967,0.495212233814492,0.138419,0.7963232376669753,0.3180628272251309,4.97094399158559,2.5038534428300694,0.00065,0.5639719046963229,0.6413301662707839,0.00482,0.96718,0.861111,0.0,0.0366815671838022,0.0,0.95,0.66,0.4,Premier League,
232859,9bc9a519,894803,4700798.0,Djed Spence,Djed Spence,Tottenham Hotspur,8586.0,Tottenham Hotspur,8586.0,184.0,right,25.0,England,39.17033,LB,RB/LB/RWB/LWB/LW,True,Has joined Internazionale permanently,402.0,0.6660966588221363,0.0293291060347986,0.2051630434782608,0.0589408039960268,0.1470661054716514,4.2537313433,1.823391563698338,30.1959706959707,0.05931,0.0,0.0,1.4615384615384617,0.3874040165386887,0.175097,0.8131868131868131,0.3123671908202295,4.438949938949938,2.2148626817447497,0.00073,0.9835553705245628,0.6716417910447761,0.01309,0.94909,0.695652,0.0,0.0195360195360195,0.0,0.95,0.66,0.4,Premier League,
436893,8f4541c2,1027447,,Julián Araujo Zúñiga,Julian Araujo,AFC Bournemouth,8678.0,AFC Bournemouth,8678.0,178.0,right,24.0,Mexico,14.01944,RB,RB,True,Thigh injury - Unknown return date,787.0,0.5729292494877527,0.0306113918193311,0.077326968973747,0.0683505126285147,0.1214920071047957,1.9440914867,1.4739258773368316,24.97434231893472,0.20924,0.0,0.0,0.4806936416184971,0.4186982777902036,0.0,0.8242936018187723,0.2575301204819277,3.492042871062033,2.124087591240876,0.00045,0.3885036904495639,1.372299872935197,0.00678,0.90193,0.666667,0.0,0.0175381617408249,0.0,0.95,0.66,0.4,Premiership,
477580,88968486,1140003,,Illia Zabarnyi,Ilya Zabarnyi,,,,,189.0,right,23.0,Ukraine,45.34693,CB,RB/CB,True,Has joined Paris Saint-Germain permanently.,2387.0,0.5364022029593414,0.027979635211666,0.0652321630804077,0.0155138094811645,0.0289110183103116,1.2065354001,1.3590487238979116,44.85992217898833,0.11174,0.0,0.00392,0.1916461916461916,0.01472,0.00918,0.8825541619156216,0.6396664681357951,3.9788771539744303,3.8501564301004447,0.00057,0.4214651793789569,1.0,0.01303,0.98612,0.91878,0.0,0.0150083379655364,0.0,0.95,0.66,0.4,,
167512,8092d497,480253,4701099.0,Luke O'Nien,Luke O'Nien,Sunderland,8472.0,Sunderland,8472.0,174.0,right,31.0,England,1.34985,CB,CB,False,,67.0,1.100755528006055,0.0341448608557175,0.1026146592370338,0.0224721149011357,0.0266272189349112,0.9574468085,0.9192708333333331,36.21456373662018,0.16479,0.0,0.0,0.1413997933884297,0.0877270713336287,0.0,0.9369203776422425,0.4381636987420356,3.230497891663964,2.896489104116223,0.00093,0.7444647151505098,2.686567164179104,0.01167,0.96989,1.0,0.0,0.0375851443399286,0.0,0.95,0.66,0.4,Premier League,
214225,8d62d31a,717174,4700975.0,Joe Rodon,Joe Rodon,Leeds United,8463.0,Leeds United,8463.0,193.0,right,28.0,Wales,13.81168,CB,CB,True,Hamstring injury - Expected back 21 Nov,90.0,0.771321035945138,0.0298145545442567,0.0887806037556453,0.0184257896004542,0.0348977135980746,1.1276667795,0.7600210178651854,43.61620500666567,0.05422,0.0,0.0,0.0737762786319422,0.1169970750731231,0.030498,0.638495377274083,0.499280030314513,2.8032513701673825,4.157114361702128,0.00078,0.5209171048561708,2.177419354838709,0.02325,0.97538,0.909091,0.0,0.0229965930973189,0.0,0.95,0.66,0.66,Premier League,
550090,22ae86f9,1321562,,Diego Coppola,Diego Coppola,Brighton & Hove Albion,10204.0,Brighton & Hove Albion,10204.0,192.0,right,22.0,Italy,15.84936,CB,CB,False,,90.0,1.3935637726221568,0.028460941743544,0.1397328881469115,0.0081529670215054,0.1386554621848739,0.9278350515,1.5203819316929856,29.670583914799856,0.18289,0.0,0.0,0.0872827081427264,0.0689361702127659,0.0,1.3165626147631289,0.5402896398069068,3.0451707675358057,4.796845662786331,0.00051,0.1938300349243306,0.6000000000000001,0.02364,0.97309,0.5,0.0,0.0396621373485126,0.0,0.95,0.66,0.4,Premier League,
545477,f1c42eb3,1362341,,Alex Murphy,Alex Murphy,Newcastle United,10261.0,Newcastle United,10261.0,188.0,left,21.0,Republic of Ireland,1.01173,LB,CB/LB/LWB,True,Has joined FC Kaiserslautern on loan for the rest of the season,55.0,1.1914098045750585,0.0512720078482704,0.2501654533421575,0.0191746104799866,0.1072137657180674,1.11191,1.4660633484162893,25.56447963800905,0.15158,0.0,0.00486,0.4183551847437424,0.2501654533421575,0.07772,0.4276018099547511,0.3218116805721096,2.0158371040723977,1.8293601003764115,0.00045,0.500330906684315,0.5389221556886228,0.00824,0.9361,0.0,0.0,0.0610859728506787,0.0,0.95,0.66,0.4,,
591385,2835bfe1,1441892,,Samuel Amissah,Samuel Amissah,,,,,184.0,both,18.0,England,0.13,CB,CB,False,,1560.0,0.813709007713507,0.03419,0.0346153846153846,0.000237384000211,0.05353,1.0384615385,0.6764091858037579,43.845440494590406,0.20643,0.0,0.01104,0.0346153846153846,0.0346153846153846,0.0304,0.7001620745542951,0.535490605427975,2.948995363214838,2.713128038897892,0.00044,0.5354906054279749,3.6,0.01922,0.9534,0.8532,0.0,0.0278207109737248,0.0,0.95,0.66,0.4,,
547720,c155dd7d,1446742,,Charlie Tasker,Charlie Tasker,,,,,185.0,right,19.0,England,0.5915,RB,RB/RWB/RM/RW,False,,90.0,4.719949764021095,0.0188999995589256,0.2117647058823529,0.0217301398515701,0.1846153846153846,2.3076923077,1.189158667419537,21.37995594713656,0.20482,0.0,0.00552,0.5239327296248383,0.7012987012987012,0.05571,0.9842866121935891,0.2117647058823529,2.3491189427312773,1.9514398644833424,0.00043,4.0,0.5,0.01013,0.936,0.7031,0.0,0.0892070484581497,0.0,0.95,0.66,0.4,,
574458,61f80c89,1426170,,Mamadou Sarr,Mamadou Sarr,Chelsea,8455.0,Chelsea,8455.0,194.0,right,20.0,Senegal,27.40187,CB,CB,True,Has joined Real Sociedad on loan for the rest of the season,100.0,0.98602,0.0274135406629088,0.1641337386018237,0.0128301034301785,0.0567107750472589,0.9,1.0995475113122173,44.74555735056543,0.13487,0.0,0.0,0.3501188675167495,0.0773298083278255,0.0,0.6330728095433978,0.4521486402325099,3.2277867528271407,3.2727272727272725,0.00052,0.4720416124837451,0.6081081081081081,0.054,0.98835,0.933333,0.0,0.0,0.0,0.95,0.66,0.4,Ligue 1,
223911,fed96827,819762,,Chris Mepham,Chris Mepham,,,,,191.0,right,28.0,Wales,2.33765,CB,CB,True,has joined West Bromwich Albion permanently.,2.0,0.5089826137680178,0.0260860562036844,0.119128949615713,0.0220218868921939,0.0355303810504634,1.208677686,1.2158482662322552,33.54828642759873,0.16957,0.0,0.01603,0.1966077085533262,0.0302169421487603,0.0177,0.8545160171157626,0.6946380063777018,2.820926009986383,4.4075232308792,0.00069,0.2473793271574841,0.5202312138728323,0.0256,0.95624,0.87644,0.0,0.0132773490694507,0.0,0.95,0.66,0.4,,
661712,69ea448b,1661695,,Diego León Blanco,Diego León,,,,,177.0,left,18.0,Paraguay,7.74259,LB,LB/LWB,False,,997.0,1.3887903019230117,0.03387,0.2366114897760466,0.0007568615582886,0.0541624874623871,2.7983951856,1.549610894941634,14.370209059233453,0.18161,0.0,0.00497,0.5490594814438231,0.2679162072767364,0.08313,0.6863243518047788,0.0939130434782608,2.258754863813229,1.7309511297950602,0.00044,0.3998257839721254,1.083249749247743,0.00943,0.9361,0.7094,0.0,0.0470383275261324,0.0,0.95,0.66,0.4,,
226944,cc77354e,816325,4700811.0,Boubacar Kamara,Boubacar Kamara,Aston Villa,10252.0,Aston Villa,10252.0,178.0,right,26.0,France,52.60413,DM,CB/DM/CM/RW,False,,90.0,0.8745223523413065,0.022290084793975,0.1249149544155667,0.0487408509720426,0.0849056603773584,2.3483779972,2.2673170731707315,40.92397660818713,0.09247,0.0,0.0,0.6834148005001707,0.03064,0.0,0.9639024390243904,0.3921182266009853,4.581463414634147,1.671066868643151,0.00056,1.4853801169590644,1.8243243243243243,0.01879,0.94056,0.529412,0.0,0.0194931773879142,0.0,0.95,0.66,0.4,Premier League,
247245,b737f944,822716,,Hannes Delcroix,Hannes Delcroix,,,,,185.0,left,26.0,Haiti,1.74298,CB,CB/LB,True,has joined Lugano permanently.,89.0,0.25347499346115215,0.0437002598389283,0.3160892263882296,0.0193059371967589,0.1471389645776566,3.0337078652,1.2701538461538464,31.855384615384622,0.16963,0.0,0.00779,0.2506029379522034,0.1046511627906976,0.0234,1.0587096774193547,0.4247286455875412,2.883692307692307,2.488308115543329,0.00048,0.2582833289851292,0.787746170678337,0.02396,0.95758,0.75723,0.0,0.011076923076923,0.0,0.95,0.66,0.4,,
494521,5d0e0a1f,1177358,4700934.0,Adrien Truffert,Adrien Truffert,AFC Bournemouth,8678.0,AFC Bournemouth,8678.0,173.0,left,24.0,France,22.11142,LB,LB/LWB/RWB/LM,False,,90.0,0.6652042718741955,0.0431465473883017,0.2095880510720308,0.0773372756990115,0.1316695352839931,2.7426035503,1.9617316431475729,29.50777325998565,0.06519,0.0,0.0,0.7169356781498434,0.7132265008371204,0.0,0.8409471418320975,0.2265188765730477,4.216216216216216,2.375257731958763,0.00058,0.9033967718622016,2.2,0.01637,0.96632,0.947368,0.0,0.0287012676393207,0.0,0.95,0.66,0.4,Premier League,
560248,dcd94cdb,1487920,,Bastien Meupiyou Menadjou,Bastien Meupiyou,,,,,191.0,left,19.0,France,2.4,CB,CB,True,On loan to FC Alverca,173.0,0.99927,0.0195463920376964,0.0412371134020618,0.0073298033860337,0.04317,2.0809248555,0.974323386537127,23.26738152888274,0.14919,0.0,0.00923,0.4784053156146179,0.0206185567010309,0.02845,0.6378737541528239,0.2901146131805157,2.4531304047042544,2.3983344899375427,0.00043,0.3094555873925501,1.0404624277456649,0.01662,0.93536,0.86379,0.0,0.0,0.0,0.95,0.66,0.4,,
647960,,1789406,,Oliver Pimlott,Oliver Pimlott,,,,,180.0,left,18.0,England,,LWB,LB/LWB/LM,False,,1523.0,1.0,0.03305,0.1418253447143795,0.05731,0.1418253447143795,2.7774130007,1.4688,7.228800000000001,0.14939,0.0,0.00411,0.4032,0.3900196979645436,0.12969,0.5318450426789231,0.2127380170715692,1.5552,1.3823999999999996,0.00042,1.44,1.8910045961917268,0.00819,0.907,0.5476,0.0,0.0,0.0,0.95,0.66,0.4,,
194010,8a3c1dc7,562892,4700906.0,Rico Henry,Rico Henry,Brentford,9937.0,Brentford,9937.0,170.0,left,28.0,Jamaica,14.30256,LB,LB/LWB/LM,False,,71.0,0.99713,0.0318314233937039,0.1110425663170882,0.0722052788110517,0.1507890122735242,1.0165662651,1.3516245487364622,22.24740453985571,0.05022,0.0,0.0,0.8278883007848148,0.5043726575049081,0.135542,0.7748132337246533,0.2825333089979924,4.9442196023227165,2.4817438692098093,0.00059,1.1135765325310265,1.267605633802817,0.02069,0.96087,0.428571,0.0,0.0,0.0,0.95,0.66,0.4,Premier League,
578153,d17ce930,1362998,4700667.0,Abdukodir Khusanov,Abdukodir Khusanov,Manchester City,8456.0,Manchester City,8456.0,186.0,right,21.0,Uzbekistan,44.63951,CB,RB/CB/RWB,False,,90.0,0.7304809311314943,0.022794912411842,0.2169919632606199,0.0209872786784554,0.0738461538461538,1.6666666667,1.3959296947271047,45.61887141535615,0.10194,0.0,0.0,0.2484662576687116,0.0897308075772682,0.0,1.4125809435707677,0.536546694149358,3.5467160037002783,2.961139896373057,0.0004,0.3579049466537343,0.6691449814126393,0.02132,0.88782,0.8,0.0,0.0166512488436632,0.0,0.95,0.66,0.4,Premier League,
223336,a47ad0f5,982246,,Dan Neil,Dan Neil,,,,,185.0,left,24.0,England,9.9362,DM,DM/CM,True,has joined Ipswich Town on loan for the rest of the season.,45.0,1.0392335084025797,0.0353063033815636,0.1304455855557396,0.0411285656709873,0.0849715468184169,1.25579,1.4454331634653077,27.85695805566444,0.08179,0.0,0.00065,0.5406575081394426,0.0552796654469419,0.02112,0.699840573933838,0.1890400410677618,3.694198353586829,0.9078308377175234,0.0009,0.8069088037899725,1.3602015113350123,0.00783,0.96695,0.78679,0.0,0.0366914935319482,0.0,0.95,0.66,0.4,,
57328,0442183b,157838,4701062.0,Nathaniel Clyne,Nathaniel Clyne,,,,,175.0,right,34.0,England,1.12626,RWB,CB/RWB,False,,596.0,0.98197,0.0180642378180665,0.1332346410066617,0.0349233565606047,0.1339950372208436,2.4161073826,1.554493307839388,27.09385214007781,0.07715,0.0,0.00092,0.3969876277568585,0.2697674418604651,0.03401,0.825181598062954,0.286109191430546,3.614007782101168,3.2590529247910864,0.00047,0.3299075025693731,0.6040268456375839,0.00961,0.89643,0.142857,0.0,0.0,0.0,0.95,0.66,0.4,,
230001,b74277a0,775539,4700712.0,Noussair Mazraoui,Noussair Mazraoui,Manchester United,10260.0,Manchester United,10260.0,183.0,right,28.0,Morocco,27.26259,CB,RB/CB/LB/RWB/LWB/RM,False,,80.0,0.2528793958825882,0.0353387901233602,0.123416481650777,0.0742076770233981,0.1863945578231292,2.641509434,2.5866063548102383,41.129523389232126,0.08328,0.0,0.0,0.7969496926929204,0.2072676773521583,0.0,0.9369085173501578,0.2232415902140672,3.857568402471315,3.143760642179519,0.00068,0.7046620566584877,0.9183673469387754,0.01606,0.87664,0.272727,0.0,0.0089364518976169,0.0,0.95,0.66,0.4,Premier League,
219924,a712ca2b,696443,4701048.0,Issa Diop,Issa Diop,Ipswich Town,9902.0,Fulham,9879.0,194.0,right,29.0,France,12.87719,CB,CB,False,,90.0,0.9104104935647365,0.0343572937310305,0.1210762331838564,0.0172545137910911,0.0631856077226853,0.1886792453,1.3245330711978656,50.21521187007084,0.09264,0.0,0.0,0.1513564969062351,0.01392,0.0,1.0701778200081444,0.7892116182572615,3.683732121374148,4.497988377291015,0.00055,0.2937759336099585,1.0,0.03072,0.98763,0.75,0.0,0.0312792407432161,0.0,0.95,0.66,0.4,Premier League,
643473,,1675640,,Airidas Golambeckis,Airidas Golambeckis,,,,,,right,18.0,England,,CB,CB,False,,90.0,0.389362351526473,0.0681850016117096,0.15,0.0054972724290564,0.047,0.6889952153,0.4591836734693877,22.99115044247788,0.19304,0.0,0.01171,0.0918367346938775,0.05354,0.04006,0.6412037037037036,0.5511363636363636,1.6283185840707963,1.7610619469026545,0.00041,0.2854625550660792,0.4306220095693779,0.01989,0.9534,0.8532,0.0,0.0265486725663716,0.0,0.95,0.66,0.4,,
547701,f58515f5,1323305,4700776.0,Archie Gray,Archie Gray,Tottenham Hotspur,8586.0,Tottenham Hotspur,8586.0,187.0,right,19.0,England,50.58869,DM,RB/CB/LB/DM/CM,False,,86.0,0.6185813129406602,0.0291834742541124,0.1406753370719484,0.0324007665220823,0.0927264339535599,0.6693711968,1.077725403670645,28.799368167686293,0.0665,0.0,0.0,0.5357035402667737,0.1515885534024335,0.0,0.7125078435473751,0.2921182266009852,3.1754086851870422,2.1829608938547485,0.00066,0.4255841941630729,0.8709677419354839,0.02571,0.92108,0.5,0.0,0.0180523518202788,0.0,0.95,0.66,0.4,Premier League,
222690,6b6c793c,865118,,Tyrell Malacia,Tyrell Malacia,,,,,170.0,left,26.0,Netherlands,6.15273,LB,LB/LWB,False,,15.0,0.4619324085289069,0.0319441401073523,0.1444610778443114,0.0897262602312441,0.1437897268510565,1.56295,1.9696353620146905,30.532594438614897,0.17455,0.0021,0.01035,0.6652762582056894,0.3677740863787376,0.09331,0.952912357103974,0.1647699158832261,4.146445435466946,1.263157894736842,0.00066,0.7153725078698845,1.47278,0.00395,0.92906,0.0,0.0,0.0147560335781741,0.0,0.95,0.66,0.4,,
101188,1b84dbe1,210111,,Lucas Digne,Lucas Digne,Aston Villa,10252.0,Aston Villa,10252.0,178.0,left,32.0,France,12.15771,LB,LB/LM,True,Has joined Paris Saint-Germain permanently,465.0,0.7103182162733825,0.0302617873417068,0.1510630361805296,0.1207701091531574,0.2603750997605746,0.9677419355,1.7097189050156163,27.89454345030314,0.09268,0.0,0.00795,0.2570474777448071,1.1671900979124332,0.14774,0.8056695262961581,0.144192256341789,3.4277053095719268,2.643185298621746,0.00055,0.7911721068249258,1.3548387096774197,0.01744,0.91464,0.47619,0.0,0.0214954988058056,0.0,0.95,0.66,0.4,,
171287,7a11550b,568571,4700697.0,Joe Gomez,Joseph Gomez,Liverpool,8650.0,Liverpool,8650.0,191.0,right,28.0,England,15.00794,CB,RB/CB,False,,599.0,0.95802,0.0296129787434713,0.1655901350557838,0.0458022783036415,0.1943957968476357,1.5025041736,1.541350379544547,46.62154659616655,0.1204,0.0,0.0,0.478515298445076,0.3593719713122698,0.0,1.0031771247021446,0.4726360820179968,4.861070720423001,3.0222416048844307,0.00045,0.4497079818299806,2.1035058430717863,0.01277,0.87903,0.285714,0.0,0.0,0.0,0.95,0.66,0.4,Premier League,
651426,3684108d,1664722,4701080.0,Jaydee Canvot,Jaydee Canvot,Crystal Palace,9826.0,Crystal Palace,9826.0,188.0,right,19.0,France,28.5602,CB,CB/RWB/CM,False,,90.0,0.99296,0.0408128996004459,0.0631948507899356,0.0294067176193252,0.0651583710407239,2.6311844078,1.781089665282189,37.86176897051716,0.11421,0.0,0.0,0.2901612006670372,0.1303167420814479,0.0,0.7958088423204701,0.576105546054239,3.1971967133881103,4.468842729970327,0.00043,0.3220035778175313,0.5,0.02176,0.98208,0.857143,0.0,0.0,0.0,0.95,0.66,0.4,Premier League,
499716,419147f7,1531854,,James Rowswell,James Rowswell,Tottenham Hotspur,8586.0,Tottenham Hotspur,8586.0,188.0,right,19.0,England,,RB,RB/CB,False,,68.0,2.0307470140497608,0.03092,0.3594009983361065,0.07038,0.0898502495840266,1.31857,1.318604651162791,24.61395348837209,0.20804,0.0,0.0,0.298159509202454,0.2979310344827586,0.0,0.5965116279069768,0.2979310344827586,2.3546511627906983,2.3844155844155845,0.00039,0.3516642547033285,1.0887096774193548,0.01115,0.936,0.846154,0.0,0.0627906976744186,0.0,0.95,0.66,0.4,PL2,
575458,ac31d35e,1391209,4701019.0,Jair Paula da Cunha Filho,Jair Cunha,Nottingham Forest,10203.0,Nottingham Forest,10203.0,198.0,both,20.0,Brazil,20.01584,CB,RB/CB/LB,False,,90.0,1.01394,0.0370873179364088,0.0800803673938002,0.018838072219442,0.03574,1.5697674419,0.8706317981948622,31.204933996970347,0.15007,0.0,0.0,0.2407574391343552,0.0614035087719298,0.0,0.5937851835172259,0.3681912204091013,2.1333039064224235,4.58268551236749,0.00046,0.6078128448466122,1.5,0.01512,0.96893,0.5,0.0,0.0,0.0,0.95,0.66,0.4,Premier League,
461567,2e590065,1289949,,Owen Dodgson,Owen Dodgson,,,,,178.0,left,22.0,England,0.62788,LWB,CB/LB/LWB/LM/LW,True,Has joined Stockport County on loan for the rest of the season.,48.0,0.8140143467614436,0.0224266048454011,0.1253123884327026,0.0790205334035414,0.1557317952415284,1.1235955056,0.6645569620253164,16.8316430020284,0.13743,0.6428571428571428,0.004,0.2632664541533845,0.9245935662400552,0.11931,0.8069620253164557,0.176278563656148,2.6430300933932886,1.3846153846153846,0.00042,0.502145922746781,1.2857142857142856,0.00799,0.91545,0.49782,0.0,0.0182555780933062,0.0,0.95,0.66,0.4,,
589100,a4a51de9,1395681,,Jacob Slater,Jacob Slater,,,,,,left,21.0,England,0.22398,LB,CB/LB/LWB/LM,True,has joined Harrogate Town on loan until January.,31.0,1.2030059445128445,0.0115540691739827,0.1051948051948051,0.0609953548626011,0.0771704180064308,1.961414791,1.3090909090909089,15.581467181467184,0.1796,0.0,0.0048,0.5101214574898785,0.483794466403162,0.0791,0.5976284584980237,0.153671030165054,2.646640316205534,3.130434782608696,0.0004,0.6810810810810811,1.0093457943925233,0.0091,0.9361,0.7094,0.0,0.0138996138996138,0.0,0.95,0.66,0.4,,
514315,e09d77a2,1199709,,Lino da Cruz Sousa,Lino Sousa,,,,,185.0,left,21.0,England,1.3,LB,LB,True,has joined Rotherham on loan for the rest of the season.,63.0,0.99819,0.0138818417353597,0.1486579490708878,0.0431542027174221,0.0415384615384615,4.1860465116,1.4185303514377,16.34466769706337,0.1796,0.0,0.00459,0.5731497418244406,0.5912220309810671,0.0791,0.4053356282271945,0.2719424460431655,2.231012658227848,1.140845070422535,0.0004,1.029575892857143,1.0,0.0087,0.88293,0.57814,0.0,0.0,0.0,0.95,0.66,0.4,,
602903,9a85a651,1624950,,Ezra Mayers,Ezra Mayers,,,,,183.0,left,19.0,England,0.15,CB,CB/LB/LM,False,,90.0,0.829014331843942,0.0314370633422077,0.146938775510204,0.0348007266949664,0.1058823529411764,0.70895,0.5733590733590733,28.06853281853282,0.1756,0.0,0.01142,0.1653905053598774,0.1671826625386996,0.03644,0.4281183932346723,0.4139150943396225,2.2413127413127416,2.0328185328185326,0.00038,0.1296518607442977,0.89186,0.0194,0.9534,0.0,0.0,0.026061776061776,0.0,0.95,0.66,0.4,,
491745,48ba3f58,1306239,,Elijah Campbell,Elijah Campbell,,,,,182.0,left,21.0,England,0.84137,CB,CB/DM/LWB/LM,True,has joined Port Vale on loan for the rest of the season.,1213.0,0.553379329031582,0.0180640966207106,0.086193136472466,0.0243254470940781,0.0739388407120036,1.5581203627,0.9306779011872846,14.624583487597183,0.19304,0.0,0.00766,0.171360571201904,0.1000231535077564,0.03898,1.0196223620881155,0.6411336652623516,1.6793780081451315,3.03397212543554,0.00039,0.2861218667210108,3.0,0.01776,0.9534,0.8532,0.0,0.0099962976675305,0.0,0.95,0.66,0.4,,
474907,a182122b,1113778,,Reece Welch,Reece Welch,,,,,,right,22.0,England,0.45055,CB,CB,False,,91.0,0.5115234556919169,0.0376890419688943,0.1162790697674418,0.0060187655271426,0.0464316423043852,2.3298178332,1.5410721172387196,22.44055694394859,0.19304,0.0,0.00766,0.2588893328006392,0.06086,0.03898,0.9061126648022372,0.5203183912861331,2.978017740069418,2.5198611646741225,0.00039,0.3023255813953488,0.7758620689655172,0.01776,0.9534,0.8532,0.0,0.0192788289896465,0.0,0.95,0.66,0.4,,
519634,ec75ee25,1203192,,Jenson Seelt,Jenson Seelt,Sunderland,8472.0,Sunderland,8472.0,195.0,right,22.0,Netherlands,2.33981,CB,CB,True,Has joined Swansea City on loan for the rest of the season,134.0,0.8505680592672965,0.0535755131604865,0.1284061696658097,0.0129973980905621,0.0289203084832904,2.6865671642,1.319620253164557,32.900316455696206,0.19475,0.0,0.132159,0.2784411636995224,0.0589974293059125,0.0,0.9187089715536106,0.5845025510204083,3.711075949367088,7.665882352941176,0.00056,0.3950892857142857,0.6716417910447761,0.01692,0.8718,0.875,0.0,0.0455696202531645,0.0,0.95,0.66,0.4,Bundesliga,
155408,2afc7272,562724,4700938.0,Lewis Cook,Lewis Cook,AFC Bournemouth,8678.0,AFC Bournemouth,8678.0,175.0,right,28.0,England,17.57883,DM,RB/DM,False,,75.0,0.44598426394412066,0.020769950806798,0.1275123558484349,0.095526365529916,0.1443271415207804,2.5802752294,2.045709536671515,33.439687114038705,0.13249,0.0,0.0,0.4790799561883899,1.0126224156692056,0.0,1.5209962947715108,0.4117073170731708,6.198847262247837,2.0530052058684336,0.00048,0.4413276231263383,0.9944751381215468,0.01236,0.95705,1.0,0.0,0.0092630712227254,0.0,0.95,0.66,0.4,Premier League,
518438,cd4b2c5f,1302814,,Kaelan Casey,Kaelan Casey,,,,,185.0,right,21.0,England,1.72303,CB,CB,True,has joined Leyton Orient on loan for the rest of the season.,3.0,0.99674,0.033831493228536,0.2017241379310345,0.0070482856883025,0.047,0.82397,0.6506024096385541,29.539986781229345,0.17763,0.0,0.01141,0.23183,0.0647482014388489,0.03686,0.7554527428949107,0.764375413086583,2.043291473892928,4.966953073364177,0.00041,0.3955717118307997,1.267605633802817,0.01938,0.96117,0.711,0.0,0.0,0.0,0.95,0.66,0.4,,
549067,c103921a,1296769,,Zach Abbott,Zach Abbott,Nottingham Forest,10203.0,Nottingham Forest,10203.0,180.0,right,19.0,England,1.41005,CB,RB/CB/DM,True,Has joined Southampton on loan for the rest of the season,165.0,1.0,0.006779405976286,0.1069306930693069,0.0298252258672874,0.1069306930693069,2.1818181818,0.8896982310093652,19.89808274470232,0.18831,0.0,0.0,0.4931506849315069,0.3527027027027027,0.0,0.2432432432432432,0.2832929782082324,2.061553985872856,2.052229299363057,0.00041,0.2674285714285714,1.6363636363636362,0.01604,0.96117,0.0,0.0,0.0,0.0,0.95,0.66,0.4,Premier League,
486520,1fc4f3d1,1080983,4700967.0,Ilia Gruev,Ilia Gruev,Leeds United,8463.0,Leeds United,8463.0,185.0,left,25.0,Bulgaria,11.77128,DM,DM/CM,False,,1322.0,0.2201164382369333,0.0260056561326505,0.1097399735566329,0.0592053208590056,0.1058742119021989,1.6338880484,1.594993581514763,35.84813611974018,0.09748,0.0,0.0,0.1990103602907066,0.3936769164140321,0.0,0.8910500146241591,0.2141253927876702,3.3664219147133583,0.9689582071471836,0.0005,0.5487804878048781,1.0588235294117647,0.0042,0.94363,0.4,0.0,0.0,0.0,0.95,0.66,0.4,Premier League,
606798,40498af1,1430406,,Andrés García,Andres Garcia,Aston Villa,10252.0,Aston Villa,10252.0,183.0,right,22.0,Spain,7.58724,RB,RB/LB/RM,False,,166.0,2.872475712075811,0.0170513510804724,0.1727246292526897,0.0524865988810785,0.1677316293929712,1.1111111111,1.2408163265306125,19.10204081632653,0.10473,0.0,0.0,0.8403050612433555,0.7873368777187045,0.0,0.490871273399584,0.2402044293015332,3.3387755102040813,2.002557544757033,0.00041,0.1615960099750623,0.3813559322033898,0.032,0.77784,0.0,0.0,0.0489795918367346,0.0,0.95,0.66,0.4,Premier League,
577669,645481cc,1359649,4701088.0,Noah Sadiki,Noah Sadiki,Sunderland,8472.0,Sunderland,8472.0,173.0,right,21.0,DR Congo,24.02771,CM,DM/CM/AM/LW,False,,90.0,0.13317027353604738,0.0394106230532736,0.1578609625668449,0.0527194867947688,0.1226765799256505,3.1395348837,1.4415395082126543,23.44950918456604,0.09145,0.0,0.0,0.5222611305652827,0.1026042248798479,0.062305,0.8003581020590869,0.1942657800065409,3.194479541257654,1.0853094274146906,0.00038,0.8450620347394541,0.6553398058252428,0.00552,0.98042,0.787879,0.0,0.0052483234522305,0.0,0.95,0.66,0.4,Premier League,
492368,f8b9b94d,1107423,,Isaac Schmidt,Isaac Schmidt,,,,,172.0,right,26.0,Switzerland,1.41214,RB,RB/LB/LWB/LM,True,has joined Werder Bremen on loan for the rest of the season.,59.0,1.5644200975640912,0.037708283555363,0.1216637781629116,0.0685275699273377,0.071685947278589,2.1270310192,1.760672268907563,21.40487394957983,0.15488,0.0,0.00558,1.0164705882352938,0.0795493934142114,0.08567,1.0119327731092436,0.1451012815212898,4.465210084033614,1.4995266645629537,0.00035,0.6126050420168068,0.5521472392638037,0.00932,0.94182,0.73009,0.0,0.0589915966386554,0.0,0.95,0.66,0.4,,
514362,,1249626,,Temple Ojinnaka,Temple Ojinnaka,,,,,191.0,right,20.0,Italy,0.12,CB,CB/RWB/DM,True,has joined Shrewsbury Town on loan for the rest of the season.,236.0,1.0,0.1507423742342803,0.1981651376146788,0.0029389593529246,0.04159,2.2881355932,0.9518213866039954,15.428571428571429,0.19969,0.0,0.01351,0.1981651376146788,0.1981651376146788,0.03182,0.351219512195122,0.351219512195122,2.038775510204082,2.2227602905569004,0.00036,0.5197860962566844,0.7627118644067796,0.02124,0.9534,0.8532,0.0,0.0,0.0,0.95,0.66,0.4,,
601956,,1700383,,Saheed Olagunju,Saheed Olagunju,,,,,,left,19.0,England,0.13,CB,CB,False,,90.0,0.35794793732497915,0.1208329418126274,0.0867702196036422,0.0186558563043089,0.1212121212121212,1.4141414141,0.9850746268656718,20.5879054865839,0.19969,0.0,0.01351,0.5608641462401329,0.0303030303030303,0.03182,1.1217282924802658,0.6044776119402985,3.07088506207449,2.715761113605748,0.00036,0.8866639967961553,3.0,0.02124,0.9534,0.8532,0.0,0.0432519022827392,0.0,0.95,0.66,0.4,,
575901,98c8559a,1358655,4700932.0,Julio Soler Barreto,Julio Soler,AFC Bournemouth,8678.0,AFC Bournemouth,8678.0,175.0,left,20.0,Argentina,11.58782,LB,LB/LWB/LM,False,,34.0,0.99746,0.0152612738535705,0.0770767913217242,0.0231936457297151,0.0579088471849865,1.00342,1.3012048192771082,17.943995021779713,0.18123,0.0,0.00367,0.4712041884816754,0.424987702902115,0.0721,0.7761572606214332,0.1713897075493085,3.504121750158529,1.0026525198938991,0.00035,1.489732420659614,1.10901,0.00762,0.88366,0.0,0.0,0.0,0.0,0.95,0.66,0.4,,
105717,57df7a11,418137,,Arthur Masuaku,Arthur Masuaku,Sunderland,8472.0,Sunderland,8472.0,179.0,left,32.0,DR Congo,1.93152,LB,CB/LB/CM,True,Has joined Konyaspor permanently,16.0,1.3255033181330307,0.0137138380816061,0.14187879571004,0.0790031890623817,0.1156936261381896,2.2641509434,1.3654297792390797,24.86310592459605,0.1646,0.0,0.00428,1.1350987432675046,0.7950340217261549,0.05082,0.5432127759511507,0.2145666944808678,4.023339317773788,1.5403548941041787,0.00042,0.420550721182501,0.6206896551724138,0.014,0.80541,0.59513,0.0,0.018177737881508,0.0,0.95,0.66,0.4,,
493125,620922ed,1203661,,Radu Drăgușin,Radu Dragusin,,,,,191.0,right,23.0,Romania,28.55318,CB,CB/LB,False,,90.0,1.2136509210391078,0.033983299320653,0.1305483028720626,0.0230568700674224,0.07274490785645,1.0344827586,0.6733266733266733,32.06906710310965,0.12471,0.0,0.00518,0.2027649769585253,0.0519587628865979,0.02707,1.0900163666121114,0.6903967797584818,2.9509001636661214,4.50226814516129,0.00045,0.6323185011709602,1.4,0.03668,0.94829,0.8,0.0,0.0412438625204582,0.0,0.95,0.66,0.4,,
514613,67cd6d8d,1318713,,Zak Johnson,Zak Johnson,,,,,,right,21.0,England,0.1171,CB,CB,True,has joined York City on loan for the rest of the season.,120.0,0.99945,0.0115061536431312,0.10371,0.0068022056899319,0.03631,2.0,0.8229777256740914,27.137162954279017,0.22788,0.0,0.01214,0.0945709281961471,0.04959,0.03538,0.7320574162679425,0.5550321199143469,3.05978898007034,3.0991304347826083,0.00035,0.4374240583232077,0.4615384615384615,0.01927,0.95764,0.86655,0.0,0.0,0.0,0.95,0.66,0.4,,
499717,07382f6c,1574106,,Jayden Meghoma,Jayden Meghoma,,,,,176.0,left,19.0,England,1.55558,LB,CB/LB/LWB/LM,True,Has joined Rangers on loan for the rest of the season.,90.0,1.063777377813926,0.0119328868846349,0.131445603576751,0.037631069509962,0.1110547667342799,1.8042959427,1.157017757236682,17.80535966149506,0.12563,0.0,0.00492,0.2374218112591787,0.4704913121629718,0.08206,0.4815668202764977,0.1301652892561983,1.7760930888575457,1.3659574468085105,0.00033,0.3674351585014409,0.3930131004366812,0.00824,0.79285,0.30839,0.0,0.0126939351198871,0.0,0.95,0.66,0.4,,
548308,4f21d3af,1290962,,Ashley Phillips,Ashley Phillips,Tottenham Hotspur,8586.0,Tottenham Hotspur,8586.0,192.0,right,20.0,Wales,6.31909,CB,CB,True,Has joined Middlesbrough permanently,18.0,0.4450642330027385,0.0262266551788559,0.10231425091352,0.0145744683621901,0.0359281437125748,0.5116696589,0.5378214826021179,25.411133015148376,0.12347,0.0,0.0,0.0713559666598902,0.0182129514321295,0.296141,0.6598965628703805,0.6920428462127007,1.4656048972815938,4.462976813762154,0.0005,0.2794234932209183,0.8737864077669902,0.02543,0.97108,0.972222,0.0,0.0116725461714048,0.0,0.95,0.66,0.4,Championship,
500040,dc1ce4f5,1298907,4700619.0,Cristhian Mosquera,Cristhian Mosquera,Arsenal,9825.0,Arsenal,9825.0,191.0,right,21.0,Spain,48.0458,CB,RB/CB,False,,90.0,0.44267574237724083,0.0132896231417167,0.0523328256956943,0.0101450800819148,0.0612,2.9120323559,1.1647058823529413,31.71521952282384,0.08601,0.0,0.0,0.102489406779661,0.0334184265490833,0.090543,0.5862031026515568,0.4358763371341249,2.7806950648218764,2.506287588846364,0.00032,0.4810872027180068,0.5325443786982248,0.01499,0.91558,0.555556,0.0,0.0058829937901732,0.0,0.95,0.66,0.4,Premier League,
499169,5dff6c28,1406436,4700627.0,Myles Lewis-Skelly,Myles Lewis-Skelly,Arsenal,9825.0,Arsenal,9825.0,178.0,left,19.0,England,56.41314,LB,LB,False,,90.0,1.0592548509537376,0.0182681979282714,0.0743801652892562,0.0515124650627624,0.2346368715083799,1.0315186246,0.8901311545904107,34.39776392173726,0.09268,0.0,0.0,0.6985204947853505,0.1993127147766323,0.126939,0.4186982777902035,0.2046021624618797,2.7245753601376053,1.1208068406051304,0.00038,2.1324446355622446,2.6373626373626373,0.00237,0.91972,0.8,0.0,0.0193506772737045,0.0,0.95,0.66,0.4,Premier League,
246301,0abc51f2,821728,4701038.0,Jorge Cuenca Barreno,Jorge Cuenca,Fulham,9879.0,Fulham,9879.0,190.0,left,26.0,Spain,6.31594,CB,CB,False,,90.0,1.0593606554179658,0.0256495177197199,0.1829888173500508,0.025663071035519,0.1338672768878718,1.5351812367,0.9812143575981214,36.07849714860785,0.10598,0.0,0.0,0.2352941176470588,0.1764705882352941,0.095949,0.8030862126803087,0.6098624622609862,2.566252935256625,6.0409157330735495,0.0004,0.2534259433076778,0.9594882729211088,0.00866,0.9476,0.636364,0.0,0.0271720899027172,0.0,0.95,0.66,0.4,Premier League,
226956,57c94db2,803343,,Mads Roerslev Rasmussen,Mads Roerslev,,,,,184.0,right,26.0,Denmark,6.16237,RB,RB/RWB/RM,True,Has joined Southampton permanently.,471.0,0.8500333845261381,0.0285578407224303,0.1065816442723753,0.0824336431525921,0.2058634020618557,1.5286624204,1.705327039784221,22.182147673634525,0.08515,0.0,0.00231,0.442314990512334,0.6553935347856641,0.08644,0.6643748869187625,0.2980959936533122,3.3143122049898857,2.4947839046199705,0.00039,0.6239301609038002,1.1464968152866242,0.00444,0.90773,0.61549,0.0,0.0242751180040458,0.0,0.95,0.66,0.4,,
515597,bca5c4a7,1190033,4700819.0,Lamare Bogarde,Lamare Bogarde,Aston Villa,10252.0,Aston Villa,10252.0,183.0,right,22.0,Netherlands,12.30986,DM,RB/CB/DM,False,,16.0,0.99927,0.0066635726653892,0.0794223826714801,0.0262812713889972,0.1140552995391705,2.2349570201,1.650592885375494,27.457864077669907,0.11197,0.0,0.0,0.1957427117075428,0.0623916811091854,0.0,0.5229249011857708,0.3422202797202797,3.141106719367589,1.5950155763239875,0.00026,1.4552731638983392,1.4613180515759312,0.00804,0.92239,0.363636,0.0,0.0,0.0,0.95,0.66,0.4,Premier League,
111773,77cf6852,259306,,Emil Krafth,Emil Krafth,,,,,181.0,right,31.0,Sweden,1.42147,RB,RB/CB/RM,False,,45.0,1.00018,0.0194978109253762,0.1322033898305084,0.0439067480843277,0.106090373280943,0.81065,1.806970509383378,29.93550212164073,0.14497,0.0,0.00221,0.1994281629735525,0.3636363636363636,0.0294,1.048235294117647,0.5611764705882353,4.373638968481376,2.364179104477612,0.00037,0.6005361930294906,2.0,0.01102,0.91934,0.0,0.0,0.0,0.0,0.95,0.66,0.4,,
159506,246d153b,682548,4701017.0,Ola Aina,Ola Aina,Nottingham Forest,10203.0,Nottingham Forest,10203.0,184.0,right,29.0,Nigeria,24.05811,RB,RB/LB/RWB/RM,False,,74.0,1.6368123187428774,0.0258518627294041,0.1002001501125844,0.0735700257129253,0.1574726609963548,1.7547169811,1.8483118775807628,26.28499095840868,0.10157,0.0,0.0,1.16844789895555,0.4548411308481361,0.0,1.0819364523392545,0.2389069616135328,5.049547920433996,3.181105234360751,0.0004,1.08499095840868,1.4563106796116505,0.00246,0.95223,0.833333,0.0,0.0423146473779385,0.0,0.95,0.66,0.4,Premier League,
224967,30d4a2e5,874025,4700992.0,Vitalii Mykolenko,Vitaliy Mykolenko,Everton,8668.0,Everton,8668.0,180.0,left,26.0,Ukraine,30.11667,LB,CB/LB/LWB,False,,90.0,0.8868965908674971,0.0238864130977518,0.096688974991194,0.053112750619112,0.0796595744680851,1.5506756757,1.897504737839545,25.061592781482936,0.05688,0.0,0.030426,0.3834494059811553,0.6030817858553931,0.0,1.213933513599491,0.3952826352175682,3.8923499411533937,3.928748000581648,0.00048,0.7308314461339371,0.6000000000000001,0.0092,0.9684,0.909091,0.0,0.0211847783444488,0.0,0.95,0.66,0.66,Premier League,
536109,242e5e6d,1315319,,Ollie Scarles,Ollie Scarles,,,,,182.0,left,20.0,England,13.18756,LB,RB/LB/LWB/LM/LW,False,,157.0,0.99171,0.0232170457655394,0.08014,0.0458085248310491,0.3230574324324324,1.0,2.784541723666211,27.93783185840708,0.12436,0.0,0.00438,0.2591881513987932,0.4870037807183365,0.09928,1.3314840499306522,0.2589424572317262,3.9345132743362834,2.940769990128332,0.00042,0.5530602171767028,1.0344827586206895,0.02374,0.83123,0.444444,0.0,0.0,0.0,0.95,0.66,0.4,,
243571,230f0471,1112684,4700993.0,Nathan Patterson,Nathan Patterson,Everton,8668.0,Everton,8668.0,189.0,right,24.0,Scotland,16.59434,RB,RB/LB/RM,True,Has joined Torino permanently,26.0,0.99291,0.0303205637444912,0.1400359066427289,0.0647952884958573,0.1764705882352941,1.935483871,2.786407766990292,24.888349514563103,0.16819,0.0,0.0,0.7815533980582525,0.5060668836934004,0.373444,0.8566712517193947,0.3443877551020408,4.859223300970875,3.132667617689016,0.00041,0.6699029126213591,0.967741935483871,0.01324,0.95304,0.333333,0.0,0.0,0.0,0.95,0.66,0.4,Premier League,
499300,e678d983,1573563,,Adam Aznou,Adam Aznou,Everton,8668.0,Everton,8668.0,178.0,left,19.0,Morocco,14.25471,LB,LB/LWB/LM/LW,True,Has joined Malaga on loan for the rest of the season,8.0,0.99475,0.0175345541410642,0.0617848970251716,0.0227604701398984,0.0617848970251716,1.0526315789,1.5224669603524228,11.703964757709253,0.15841,0.0,0.00325,1.0466960352422907,0.155023923444976,0.06198,0.6200956937799043,0.4650717703349281,3.187665198237886,1.2,0.00039,1.2370044052863434,1.07577,0.00794,0.87939,0.72288,0.0,0.0,0.0,0.95,0.66,0.4,,
560441,7e49bdbd,1476545,,Luis Eduardo Soares da Silva,Cuiabano,,,,,181.0,right,22.0,Brazil,9.29044,LB,LB/CM/LM/LW,True,has joined Vasco de Gama on loan for the rest of the season.,1079.0,1.180614467103245,0.1178499989297052,0.5959176900099569,0.0882737274984606,0.22143522833178,3.9666993144,2.224582015363759,18.095333524191243,0.18474,0.0,0.00454,0.680256527714155,0.8223562152133581,0.09478,1.2566651604157253,0.2224651084580461,3.2779032986895618,1.9758543833580984,0.00033,1.1290270094370325,1.4434643143544506,0.00835,0.9361,0.7094,0.0,0.1391354136845119,0.0,0.95,0.66,0.4,,
169359,e514ab62,538112,,Matt Targett,Matt Targett,Hull City,8667.0,Newcastle United,10261.0,183.0,left,30.0,England,1.92927,LB,CB/LB/LWB/LM,False,Ankle injury - 75% chance of playing,5.0,1.3063915393220134,0.0378447807777834,0.2436505721462461,0.1047606265462404,0.2332283845967546,1.4408538393,1.111901681759379,32.72174096767378,0.11219,0.0,0.0,0.139751552795031,0.7989130434782609,0.0,0.8814538043478263,0.1856136820925553,3.495034861609973,1.3019102990033222,0.00032,0.4225634178905207,0.6403794841387489,0.0044,0.97166,0.642857,0.0,0.0494401014155926,0.0,0.95,0.66,0.4,Championship,
450072,4b1d5a70,1125997,,Shurandy Sambo,Shurandy Sambo,,,,,174.0,right,24.0,Curacao,1.68911,RB,RB/RM,True,has joined Sparta Rotterdam on loan for the rest of the season.,1.0,1.3711457656818857,0.0190087093193283,0.1038549327922901,0.0274390478852268,0.0537219101123595,2.2140221402,1.3380313707660834,22.244375139229227,0.13364,0.0,0.00388,0.3549140049140049,0.2125171939477304,0.03621,0.7518378257963911,0.2466478475652787,3.173758075295166,2.7005134055904167,0.00047,0.5477991746905089,0.9963099631,0.007,0.92672,0.48924,0.0,0.0260637112942748,0.0,0.95,0.66,0.4,,
496178,6fba4dba,1414130,,Roman Dixon,Roman Dixon,,,,,175.0,right,21.0,England,0.67398,RB,RB/RWB/RM/RW,True,has joined Stockport County on loan for the rest of the season.,45.0,1.0,0.0073255814265373,0.5046728971962615,0.0137645479391239,0.15236,1.7441860465,1.8776978417266184,14.9568345323741,0.18697,0.0,0.00371,0.5793991416309013,0.295890410958904,0.07143,0.4409799554565702,0.2093023255813953,2.1366906474820144,1.1076923076923078,0.00031,0.463519313304721,1.7441860465,0.00919,0.94667,0.75258,0.0,0.0,0.0,0.95,0.66,0.4,,
232356,,1341017,,Jenson Jones,Jenson Jones,,,,,182.0,right,19.0,England,0.1,RB,RB/LB/RW,False,,1233.0,1.4367384122390956,0.02189,0.1829268292682927,0.0457,0.157251019219569,2.4817518248,1.1636575422248108,15.442050087361675,0.22072,0.0,0.00619,0.8491555037856726,0.3065693430656934,0.06483,1.0064065230052417,0.1313868613138686,2.7676179382644146,1.3838089691322073,0.00028,0.5975538730343622,2.987551867219917,0.01049,0.936,0.7031,0.0,0.0314502038439138,0.0,0.95,0.66,0.4,,
54469,20b104bc,160447,4700929.0,Adam Smith,Adam Smith,AFC Bournemouth,8678.0,AFC Bournemouth,8678.0,180.0,right,34.0,England,0.82866,RB,RB,False,,90.0,0.93015,0.0164475891183974,0.030529172320217,0.0449341067937328,0.0728155339805825,1.2546468401,1.3966216216216216,22.5141891891892,0.14915,0.0,0.0,0.1991150442477876,0.5166130760986066,0.0,0.7999999999999998,0.4523378035520115,3.356756756756756,2.631415241057543,0.00044,0.85,1.4482758620689655,0.00196,0.89689,0.357143,0.0,0.0,0.0,0.95,0.66,0.4,Premier League,
184667,f5deef4c,258269,4700817.0,Victor Lindelöf,Victor Nilsson Lindelöf,Aston Villa,10252.0,Aston Villa,10252.0,187.0,right,31.0,Sweden,6.13578,CB,RB/CB,False,,90.0,0.346855127544666,0.0326341749130281,0.2629107981220657,0.0198955528224675,0.0953389830508474,0.5042016807,0.8257328990228013,46.243994466104894,0.06291,0.0,0.0,0.1865070227953028,0.183206106870229,0.0,0.7362153766502718,0.5162423178226514,3.393535404351654,3.409271523178808,0.00031,0.2053129221071589,0.2,0.01082,0.96156,0.727273,0.0,0.0113193309017733,0.0,0.95,0.66,0.4,Premier League,
441191,afed6722,1107910,4700853.0,Tino Livramento,Valentino Livramento,Newcastle United,10261.0,Newcastle United,10261.0,182.0,right,23.0,England,56.08031,LB,RB/LB/LWB/RM,False,Unspecified injury - 75% chance of playing,1328.0,0.9936777873955205,0.0127333922895699,0.1034940291906236,0.0779042159490372,0.1359036144578313,1.4909638554,1.5259384226064954,34.362716153521724,0.04682,0.0,0.0,0.8270547945205478,0.3980409617097061,0.135542,0.8265715559518503,0.323855421686747,5.2205820328975125,2.659123055162659,0.00037,1.168664383561644,2.7272727272727275,0.00225,0.97222,0.857143,0.0,0.012652889076339,0.0,0.95,0.66,0.4,Premier League,
485047,0f41e2ee,1053838,4701009.0,Felipe Rodrigues da Silva,Morato,Nottingham Forest,10203.0,Nottingham Forest,10203.0,192.0,left,24.0,Brazil,18.58844,CB,CB/LB,True,Has joined West Ham on loan for the rest of the season,1342.0,0.718709797319109,0.0401769972842209,0.0957107408720312,0.0279199278787159,0.1155876143560872,2.0119225037,1.607095245148867,30.74464051334403,0.11808,0.0,0.0,0.2403995044905543,0.1979591836734693,0.066914,0.718832071682373,0.451171875,3.3311943998833304,4.440390660080827,0.00038,0.3195941661382371,1.0975609756097562,0.02611,0.97193,0.928571,0.0,0.0288756015750328,0.0,0.95,0.66,0.4,Premier League,
607464,e19660a8,1429912,4700913.0,Michael Kayode,Michael Kayode,Brentford,9937.0,Brentford,9937.0,179.0,right,21.0,Italy,33.38433,RB,RB/RWB/RM,False,,76.0,0.8051360401229551,0.0408839475240085,0.1188297074268567,0.0754208976614591,0.1329026303645593,1.8474264706,1.7389330306469923,27.3178206583428,0.06225,0.0,0.027624,1.17910447761194,0.5581037796284433,0.027624,0.9137055837563453,0.4320749108204518,4.03972758229285,2.261108760050783,0.00029,1.016073478760046,1.2121212121212122,0.00412,0.969,0.837838,0.0,0.0329171396140749,0.0,0.95,0.66,0.4,Premier League,
77794,21512407,191869,,Kieran Trippier,Kieran Trippier,,,,,178.0,right,35.0,England,2.31958,RB,RB/LB/RWB,False,,68.0,0.9248500859572759,0.0170500339469018,0.1083793276467636,0.2119311087156564,0.4080688442676043,3.9705882353,1.950591327201052,44.18199737187911,0.0678,0.0,0.00749,0.4114184814596821,2.422470433639947,0.10435,0.8618685944363105,0.2839061435108558,5.295532194480946,2.420802919708029,0.00033,0.7502037489812552,1.5168539325842696,0.02433,0.9498,0.611111,0.0,0.0157687253613666,0.0,0.95,0.66,0.4,,
169528,2.90E+11,662428,4701050.0,Antonee Robinson,Antonee Robinson,Fulham,9879.0,Fulham,9879.0,183.0,left,28.0,USA,41.10544,LB,LB/LWB,False,,82.0,0.4153203219453191,0.0170521283528393,0.1357938718662952,0.0875366511881384,0.1509433962264151,3.0945558739,2.357160009605379,34.31522170222892,0.12023,0.0,0.01146,1.0291561763989283,0.9335067468704276,0.12432,1.745785731405289,0.2699849170437406,5.626873958911715,3.205223018257453,0.00035,0.5799803729146222,0.8352668213457076,0.02503,0.9875,0.615385,0.2,0.0071388910922503,0.0,0.95,0.66,0.4,,
106760,9c94165b,362694,4700704.0,Luke Shaw,Luke Shaw,Manchester United,10260.0,Manchester United,10260.0,178.0,left,30.0,England,12.64806,CB,CB/LB/LWB,False,,90.0,0.865677907520588,0.0233786293556618,0.1198051948051947,0.0889894536685693,0.1463592233009708,2.061281337,1.6878794693051495,43.90308072858107,0.1284,0.0,0.0,0.4179637662669048,0.6253654148864404,0.0,1.1022530329289428,0.48240450845335,4.320890487969418,2.560689115113547,0.00029,0.6168358208955224,0.5357142857142857,0.00792,0.92911,0.605263,0.0,0.0202383629413087,0.0,0.95,0.66,0.4,Premier League,
477547,d102b8a2,1222770,4701089.0,Leo Fuhr Hjelde,Leo Hjelde,Sunderland,8472.0,Sunderland,8472.0,190.0,left,22.0,Norway,4.16706,LB,LB,True,Has joined KV Mechelen on loan for the rest of the season,38.0,0.98832,0.0191165720500783,0.1053370786516854,0.0218942181102525,0.0658783783783783,1.4516129032,1.0407317915084573,21.702725724020446,0.21069,0.0,0.00389,0.3785776235906332,0.2517346053772767,0.04958,0.7950760318609703,0.3685884691848906,3.38381601362862,4.200416088765604,0.0003,0.4019607843137256,0.9677419355,0.00651,0.86416,0.58295,0.0,0.0,0.0,0.95,0.66,0.4,,
223434,a4e85758,768331,4700871.0,Igor Julio dos Santos de Paulo,Igor Julio,Brighton & Hove Albion,10204.0,Brighton,10204.0,188.0,left,27.0,Brazil,15.58737,LB,CB/LB,True,Has joined Burnley permanently,103.0,0.96729,0.0152037522096917,0.1319569120287253,0.0222939385977818,0.0788216560509554,0.86673,1.0818996674859045,52.38397435897436,0.1582,0.0,0.0,0.5627598952718311,0.09375,0.0,0.7045454545454547,0.6070512820512822,4.8634615384615385,2.738508239375542,0.00029,0.3793862980404071,1.0887096774193548,0.01402,0.91301,1.0,0.0,0.0,0.0,0.95,0.66,0.4,Premier League,
434399,c20bdcd7,600524,4701098.0,Reinildo Mandava,Reinildo Mandava,Sunderland,8472.0,Sunderland,8472.0,183.0,left,32.0,Mozambique,5.51382,LB,CB/LB/LWB/LM,False,,90.0,0.873034725596636,0.0166406267819315,0.076748152359295,0.0272271968957555,0.0746887966804979,1.782630777,1.644067796610169,27.498789346246973,0.11083,0.25,0.0,0.419982822788434,0.1430842607313195,0.045778,1.053268765133172,0.3569264665381438,3.6828087167070223,2.816129032258064,0.00028,1.047878128400435,2.0,0.00508,0.91382,0.826087,0.0,0.0145278450363196,0.0,0.95,0.66,0.4,Premier League,
204822,f9b1b7bf,798608,,Omar Richards,Omar Richards,Nottingham Forest,10203.0,Nottingham Forest,10203.0,185.0,left,27.0,England,1.29538,LB,LB/LM,False,,67.0,0.97604,0.0095646551264257,0.0400444938820912,0.0422810525009312,0.0731459532678631,5.3731343284,1.747173442386336,23.14192927592013,0.13743,0.0,0.0,0.6271393643031785,0.3102689486552567,0.0,0.6865525672371638,0.1982758620689655,2.598027423622805,1.801766437684004,0.00028,1.1750611246943763,1.0,0.00453,0.90491,0.25,0.0,0.0,0.0,0.95,0.66,0.4,Primeira Liga,
508479,0107757e,1200984,4700739.0,Filip Jörgensen,Filip Jörgensen,Chelsea,8455.0,Chelsea,8455.0,190.0,right,23.0,Denmark,22.6064,GK,GK,True,Has joined RC Strasbourg on loan for the rest of the season,7920.0,1.0,0.0,0.0,0.0059561901725828,0.01552,0.02112,0.03379,29.000000000000004,0.07647,0.0,0.00396,0.02563,0.0,0.0,0.02098,0.0,8.00905,0.71349,0.0,0.14354,0.02979,0.0,0.9908,1.0,0.0,0.0,1.4341454909994336,0.95,0.66,0.4,,
67089,3a949a25,72241,,Martin Dúbravka,Martin Dubravka,Tottenham Hotspur,8586.0,Spurs,8586.0,190.0,right,37.0,Slovakia,0.98788,GK,GK,False,,10080.0,1.0,0.0,0.0,0.0019719805036272,0.0075,0.02399,0.03999,20.02857142857143,0.05512,0.0,0.0,0.01976,0.0,0.0,0.02146,0.0,7.62779,1.04034,0.0,0.11133,0.02579,0.0,0.9908,1.0,0.0,0.0,1.9684415924458176,0.95,0.66,0.4,Premier League,
49262,28300a16,107917,4700864.0,Jason Steele,Jason Steele,Brighton & Hove Albion,10204.0,Brighton & Hove Albion,10204.0,188.0,right,35.0,England,0.99001,GK,GK,False,,5220.0,1.0,0.0,0.0,0.0019532050937414,0.01343,0.02453,0.04052,26.5,0.06691,0.0,0.00607,0.02666,0.0,0.0,0.02115,0.0,8.21003,0.76778,0.0,0.12979,0.03076,0.0,0.9908,0.9837,0.0,0.0,1.6212515404628236,0.95,0.66,0.4,,
59735,cde3309f,163604,4702980.0,Karl Darlow,Karl Darlow,Manchester United,10260.0,Leeds United,8463.0,190.0,right,35.0,Wales,0.38058,GK,GK,False,Unspecified injury - 75% chance of playing,5220.0,1.0,0.0,0.0,0.0034755346449938,0.01102,0.02353,0.03925,22.363636363636363,0.05059,0.0,0.0,0.02211,0.0,0.0,0.0219,0.0,7.98212,0.8871,0.0,0.12496,0.02376,0.0,0.9908,1.0,0.0,0.0,2.004050795692012,0.95,0.66,0.4,Premier League,
21205,a6de6361,24155,4700718.0,Tom Heaton,Tom Heaton,Manchester United,10260.0,Manchester United,10260.0,188.0,right,39.0,England,0.37593,GK,GK,True,Hamstring injury - Unknown return date,4050.0,1.0,0.0,0.0,4.9834998208098114e-05,0.01377,0.02795,0.04684,14.500000000000002,0.06108,0.0,0.0057,0.02029,0.0,0.0,0.02282,0.0,8.76273,0.79233,0.0,0.12396,0.02782,0.0,0.9908,0.9837,0.0,0.0,2.15,0.95,0.66,0.4,,
551221,d1a2e006,1243239,,Tommy Setford,Tommy Setford,,,,,185.0,right,19.0,England,0.55,GK,GK,False,,1080.0,1.0,0.0,0.0,0.004,0.0164,0.01981,0.03437,33.381389252948885,0.04938,0.0,0.00248,0.02471,0.0,0.0,0.01601,0.0,7.40611,0.70768,0.0,0.12854,0.02734,0.0,0.9908,0.9837,0.0,0.0,2.15,0.95,0.66,0.4,,
37096,9328b835,30973,,Lukasz Fabianski,Lukasz Fabianski,,,,,190.0,right,40.0,Poland,0.81238,GK,GK,False,,10440.0,1.0,0.0,0.0,0.0036,0.01025,0.02197,0.03747,30.0,0.06108,0.0,0.00644,0.02512,0.0,0.0,0.02248,0.0,7.88505,1.03662,0.0,0.13063,0.03006,0.0,0.9908,0.9837,0.0,0.0,2.1901166557941165,0.95,0.66,0.4,,
549939,074e1710,1319972,,Mike Penders,Mike Penders,Chelsea,8455.0,Chelsea,8455.0,200.0,left,20.0,Belgium,19.41208,GK,GK,False,,6480.0,1.0,0.0,0.0,0.0010037230271281,0.01552,0.02112,0.03379,36.51515151515152,0.07647,0.0,0.0,0.02563,0.0,0.0,0.02098,0.0,8.00905,0.71349,0.0,0.14354,0.02979,0.0,0.9908,1.0,0.0,0.0,1.626802649377855,0.95,0.66,0.4,Ligue 1,
495145,2da46a72,1272118,,Alex Paulsen,Alex Paulsen,,,,,183.0,right,23.0,New Zealand,0.94484,GK,GK,True,Has joined Lechia Gdansk on loan for the rest of the season.,7740.0,1.0,0.0,0.0,7.757500134175643e-05,0.01317,0.02271,0.03965,47.5,0.07752,0.0,0.00458,0.02389,0.0,0.0,0.02377,0.0,9.04752,1.02371,0.0,0.12646,0.03506,0.1428571428571428,0.9908,0.9837,0.0,0.0,1.4447253274515002,0.95,0.66,0.4,,
472739,810912d5,1187236,4700873.0,Carl Rushworth,Carl Rushworth,Coventry City,8669.0,Brighton & Hove Albion,10204.0,191.0,left,24.0,England,3.22398,GK,GK,False,,12870.0,1.0,0.0,0.0,0.0058862501755356,0.01343,0.02453,0.04052,29.000000000000004,0.06691,0.0,0.0,0.02666,0.0,0.0,0.02115,0.0,8.21003,0.76778,0.0,0.12979,0.03076,0.0,0.9908,1.0,0.0,0.0,1.4809229350477895,0.95,0.66,0.4,Championship,
432720,259fea27,1187213,4700655.0,James Trafford,James Trafford,Leeds United,8463.0,Manchester City,8456.0,197.0,right,23.0,England,40.41331,GK,GK,False,,12420.0,1.0,0.0,0.0,0.0018403399735689,0.01847,0.01702,0.02856,19.0,0.04515,0.0,0.0,0.03128,0.0,0.0,0.0176,0.0,7.54017,0.6689,0.0,0.12771,0.02176,0.0,0.9908,1.0,0.0,0.0,1.92700321633338,0.95,0.66,0.75,Premier League,
503300,fea06849,1184672,,Matthew Cox,Matthew Cox,,,,,182.0,right,22.0,England,1.0652,GK,GK,True,has joined Shrewsbury Town on loan for the rest of the season.,5040.0,1.0,0.0,0.0,0.0063337651081383,0.01327,0.0214,0.03615,14.500000000000002,0.0547,0.0,0.00657,0.0205,0.0,0.0,0.02047,0.0,8.50145,1.0334,0.0,0.10959,0.02409,0.1428571428571428,0.9908,0.9837,0.0,0.0,1.587936605631636,0.95,0.66,0.4,,
465247,8e6d2fcd,1178602,4700717.0,Senne Lammens,Senne Lammens,Manchester United,10260.0,Manchester United,10260.0,193.0,right,23.0,Belgium,13.91025,GK,GK,False,,8190.0,1.0,0.0,0.0,0.0003560899931471,0.01377,0.02795,0.04684,12.0,0.06108,0.0,0.0,0.02029,0.0,0.0,0.02282,0.0,8.76273,0.79233,0.0,0.12396,0.02782,0.0,0.9908,1.0,0.0,0.0,1.5682014533034192,0.95,0.66,0.4,Premier League,
86873,2fa2a875,210114,4701053.0,Benjamin Lecomte,Benjamin Lecomte,Fulham,9879.0,Fulham,9879.0,184.0,right,34.0,France,1.12127,GK,GK,False,,9000.0,1.0,0.0,0.0,0.0006975966195265,0.01167,0.02328,0.0389,34.333333333333336,0.06531,0.0,0.00607,0.02194,0.0,0.0,0.02073,0.0,7.95217,0.95131,0.0,0.11541,0.02966,0.0,0.9908,0.9837,0.0,0.0,1.718026556542488,0.95,0.66,0.4,,
462381,a79abd8b,1089687,,Filip Marschall,Filip Marschall,,,,,195.0,right,22.0,England,0.86848,GK,GK,True,Has joined Stevenage permanently.,9450.0,1.0,0.0,0.0,0.0059295496903359,0.0126,0.0231,0.0389,16.0,0.0604,0.0,0.0055,0.0233,0.0,0.0,0.0206,0.0,8.0661,0.9124,0.0,0.1289,0.0281,0.0,0.9908,0.9837,0.0,0.0,1.2788337331611,0.95,0.66,0.4,,
461537,caa32820,1367699,,Dermot Mee,Dermot Mee,,,,,183.0,right,23.0,Northern Ireland,0.21822,GK,GK,False,,900.0,1.0,0.0,0.0,0.004,0.01377,0.02795,0.04684,31.0,0.06108,0.0,0.0057,0.02029,0.0,0.0,0.02282,0.0,8.76273,0.79233,0.0,0.12396,0.02782,0.0,0.9908,0.9837,0.0,0.0,2.15,0.95,0.66,0.4,,
586268,46206cf7,1366340,,Ármin Pécsi,Ármin Pécsi,Liverpool,8650.0,Liverpool,8650.0,190.0,right,20.0,Hungary,1.28094,GK,GK,True,Has joined TSV Hartberg on loan for the rest of the season,1890.0,1.0,0.0,0.0,0.0008927249582484,0.01735,0.02226,0.03684,27.25,0.0547,0.0,0.0,0.02491,0.0,0.0,0.01901,0.0,7.83159,0.78263,0.0,0.11979,0.02808,0.0,0.9908,1.0,0.0,0.0,2.15,0.95,0.66,0.4,PL2,
184254,77d6fd4d,538501,4700782.0,Guglielmo Vicario,Guglielmo Vicario,Tottenham Hotspur,8586.0,Tottenham Hotspur,8586.0,194.0,right,29.0,Italy,40.69948,GK,GK,True,Has joined Juventus on loan for the rest of the season,13320.0,1.0,0.0,0.0,0.0005987831496037,0.01219,0.02339,0.03814,22.247191011235955,0.06796,0.0,0.0,0.02635,0.0,0.0,0.02047,0.0,8.57521,0.83304,0.0,0.14104,0.03014,0.0,0.9908,1.0,0.0,0.0,1.8841300285547875,0.95,0.66,0.4,Premier League,
485055,b38ac6a4,1341475,4700770.0,Antonín Kinský,Antonin Kinsky,Tottenham Hotspur,8586.0,Tottenham Hotspur,8586.0,190.0,right,22.0,Czechia,19.96473,GK,GK,False,,2520.0,1.0,0.0,0.0,0.0017559400293976,0.01219,0.02339,0.03814,31.0,0.06796,0.0,0.0,0.02635,0.0,0.0,0.02047,0.0,8.57521,0.83304,0.0,0.14104,0.03014,0.0,0.9908,1.0,0.0,0.0,1.1732953555191488,0.95,0.66,0.4,Premier League,
489639,cf134113,1131987,4700877.0,Bart Verbruggen,Bart Verbruggen,Brighton & Hove Albion,10204.0,Brighton & Hove Albion,10204.0,193.0,right,23.0,Netherlands,42.58996,GK,GK,False,,11610.0,1.0,0.0,0.0,0.00046814000234,0.01343,0.02453,0.04052,34.0,0.06691,0.0,0.026316,0.02666,0.0,0.0,0.02115,0.0,8.21003,0.76778,0.0,0.12979,0.03076,0.2,0.9908,1.0,0.0,0.0,2.019362250303929,0.95,0.66,0.4,Premier League,
498016,349fa918,1125720,4701100.0,Robin Roefs,Robin Roefs,Sunderland,8472.0,Sunderland,8472.0,193.0,right,23.0,Netherlands,19.03422,GK,GK,False,,7110.0,1.0,0.0,0.0,0.001508199959062,0.00791,0.02621,0.04456,35.0,0.0721,0.0,0.0,0.02413,0.0,0.0,0.02153,0.0,7.77913,1.2034,0.0,0.12151,0.02442,0.0,0.9908,1.0,0.0,0.0,1.944024522868887,0.95,0.66,0.4,Premier League,
154561,98ea5115,562727,4700623.0,David Raya Martín,David Raya,Arsenal,9825.0,Arsenal,9825.0,183.0,right,30.0,Spain,32.48732,GK,GK,False,,16920.0,1.0,0.0,0.0,0.0013571799499914,0.0164,0.01981,0.03437,14.0,0.04938,0.0,0.0,0.02471,0.0,0.0,0.01601,0.0,7.40611,0.70768,0.0,0.12854,0.02734,0.0,0.9908,1.0,0.0,0.0,2.406306214292048,0.95,0.66,0.4,Premier League,
462492,5600c774,970296,,Joe Gauci,Joe Gauci,,,,,194.0,right,25.0,Australia,0.89948,GK,GK,True,Has joined Port Vale on loan for the rest of the season.,7830.0,1.0,0.0,0.0,0.0071132099255919,0.01278,0.021,0.03638,29.000000000000004,0.05257,0.0,0.00471,0.02435,0.0,0.0,0.01589,0.0,7.2186,0.7413,0.0,0.16354,0.02743,0.0,0.9908,0.9837,0.0,0.0,1.302326026638705,0.95,0.66,0.4,,
437495,6b625ac2,952029,4701264.0,Illan Meslier,Illan Meslier,Arsenal,9825.0,Leeds United,8463.0,193.0,right,25.0,France,14.22682,GK,GK,False,,14940.0,1.0,0.0,0.0,0.00274,0.01102,0.02353,0.03925,46.50000000000001,0.05059,0.0,0.00632,0.02211,0.0,0.0,0.0219,0.0,7.98212,0.8871,0.0,0.12496,0.02376,0.0,0.9908,0.9837,0.0,0.0,1.86225559352778,0.95,0.66,0.4,,
201595,5dbd461a,637656,4700958.0,Lucas Estella Perri,Lucas Perri,Leeds United,8463.0,Leeds United,8463.0,196.0,right,28.0,Brazil,18.85647,GK,GK,True,Has joined Torino on loan for the rest of the season,13230.0,1.0,0.0,0.0,0.0016876019071787,0.01102,0.02353,0.03925,18.6875,0.05059,0.0,0.0,0.02211,0.0,0.0,0.0219,0.0,7.98212,0.8871,0.0,0.12496,0.02376,0.3333333333333333,0.9908,1.0,0.0,0.0,1.880391222837802,0.95,0.66,0.4,Premier League,
121160,3bb7b8b4,363364,,Ederson Santana de Moraes,Ederson,,,,,188.0,left,32.0,Brazil,15.45308,GK,GK,True,has joined Fenerbache permanently.,14400.0,1.0,0.0,0.0,0.0008038699743337,0.0126,0.0231,0.0389,20.0,0.0604,0.0,0.0055,0.0233,0.0,0.0,0.0206,0.0,8.0661,0.9124,0.0,0.1289,0.0281,0.0,0.9908,0.9837,0.0,0.0,1.6124443702064477,0.95,0.66,0.4,,
471798,c55a846e,1031220,,Gabriel Słonina,Gaga Slonina,,,,,193.0,right,21.0,USA,6.4776,GK,GK,False,,8370.0,1.0,0.0,0.0,0.004,0.01552,0.02112,0.03379,41.0,0.07647,0.0,0.00396,0.02563,0.0,0.0,0.02098,0.0,8.00905,0.71349,0.0,0.14354,0.02979,0.0,0.9908,0.9837,0.0,0.0,1.2689069878858394,0.95,0.66,0.4,,
202641,e9c0c1b2,611491,,André Onana,Andre Onana,,,,,190.0,right,29.0,Cameroon,19.81441,GK,GK,True,has joined Trabzonspor on loan for the rest of the season.,15660.0,1.0,0.0,0.0,0.00327680981718,0.01377,0.02795,0.04684,26.0,0.06108,0.0,0.0057,0.02029,0.0,0.0,0.02282,0.0,8.76273,0.79233,0.0,0.12396,0.02782,0.0,0.9908,0.9837,0.0,0.0,1.882133788031926,0.95,0.66,0.4,,
82143,96cf7b61,212944,,Wes Foderingham,Wesley Foderingham,,,,,185.0,left,35.0,England,0.48162,GK,GK,True,has joined Aris Limassol permanently.,9630.0,1.0,0.0,0.0,0.00393,0.0126,0.0231,0.0389,20.1312,0.0604,0.0016,0.0055,0.0233,0.0,0.0,0.0206,0.0,8.0661,0.9124,0.0,0.1289,0.0281,0.0437,0.9908,0.9837,0.0,0.0,1.667694583588411,0.95,0.66,0.4,,
457569,0cf321c8,1067256,4700947.0,Đorđe Petrović,Djordje Petrovic,AFC Bournemouth,8678.0,AFC Bournemouth,8678.0,194.0,right,26.0,Serbia,40.12594,GK,GK,False,,11520.0,1.0,0.0,0.0,0.0009742300026118,0.01317,0.02271,0.03965,24.0,0.07752,0.0,0.026316,0.02389,0.0,0.0,0.02377,0.0,9.04752,1.02371,0.0,0.12646,0.03506,0.2,0.9908,1.0,0.0,0.0,2.033183600840141,0.95,0.66,0.4,Premier League,
588555,6175ebf8,1422743,,Elyh Harrison,Elyh Harrison,,,,,,right,19.0,England,0.39,GK,GK,True,On loan to Shrewsbury Town,1170.0,1.0,0.0,0.0,0.0041114418,0.01377,0.02795,0.04684,0.0,0.06108,0.0,0.0057,0.02029,0.0,0.0,0.02282,0.0,8.76273,0.79233,0.0,0.12396,0.02782,0.0,0.9908,0.9837,0.0,0.0,1.7812270225998508,0.95,0.66,0.4,,
447325,af49fb14,1086703,,Harry Tyrer,Harry Tyrer,,,,,194.0,right,24.0,England,0.63531,GK,GK,True,has joined Cardiff City permanently.,3870.0,1.0,0.0,0.0,0.0066524851135909,0.0126,0.0231,0.0389,23.5,0.0604,0.0,0.0055,0.0233,0.0,0.0,0.0206,0.0,8.0661,0.9124,0.0,0.1289,0.0281,0.0,0.9908,0.9837,0.0,0.0,1.333333333333333,0.95,0.66,0.4,,
204936,08f5afaa,618878,4700651.0,Gianluigi Donnarumma,Gianluigi Donnarumma,Manchester City,8456.0,Manchester City,8456.0,196.0,right,26.0,Italy,51.06507,GK,GK,False,,15750.0,1.0,0.0,0.0,0.0002967200125567,0.01847,0.01702,0.02856,15.0,0.04515,0.0,0.0,0.03128,0.0,0.0,0.0176,0.0,7.54017,0.6689,0.0,0.12771,0.02176,0.0,0.9908,1.0,0.0,0.0,1.935798336292356,0.95,0.66,0.4,Premier League,
80201,2628fd2b,215168,4701043.0,Bernd Leno,Bernd Leno,Fulham,9879.0,Fulham,9879.0,190.0,right,33.0,Germany,12.07939,GK,GK,False,,14130.0,1.0,0.0,0.0,0.0023315299768,0.01167,0.02328,0.0389,34.0,0.06531,0.0,0.026316,0.02194,0.0,0.0,0.02073,0.0,7.95217,0.95131,0.0,0.11541,0.02966,0.2,0.9908,1.0,0.0,0.0,2.254483674824996,0.95,0.66,0.4,Premier League,
518335,,1426417,,Max Merrick,Max Merrick,,,,,176.0,right,20.0,England,0.76395,GK,GK,False,,1350.0,1.0,0.0,0.0,0.004,0.01552,0.02112,0.03379,38.0,0.07647,0.0,0.00396,0.02563,0.0,0.0,0.02098,0.0,8.00905,0.71349,0.0,0.14354,0.02979,0.1333333333,0.9908,0.9837,0.0,0.0,2.15,0.95,0.66,0.4,,
155503,19e50035,582276,4700699.0,Freddie Woodman,Freddie Woodman,Liverpool,8650.0,Liverpool,8650.0,188.0,right,28.0,England,2.19331,GK,GK,False,,13140.0,1.0,0.0,0.0,0.0014472466823205,0.01735,0.02226,0.03684,19.10377358490566,0.0547,0.0,0.0,0.02491,0.0,0.0,0.01901,0.0,7.83159,0.78263,0.0,0.11979,0.02808,0.0,0.9908,1.0,0.0,0.0,1.4624850984566695,0.95,0.66,0.4,Premier League,
232571,b2470c6f,968912,4701102.0,Anthony Patterson,Anthony Patterson,Sunderland,8472.0,Sunderland,8472.0,189.0,right,25.0,England,15.84071,GK,GK,True,Has joined Wrexham permanently,13770.0,1.0,0.0,0.0,0.0305666346102952,0.00791,0.02621,0.04456,13.5,0.0721,0.0,0.00681,0.02413,0.0,0.0,0.02153,0.0,7.77913,1.2034,0.0,0.12151,0.02442,0.0,0.9908,0.9837,0.0,0.0,1.4461592836946278,0.95,0.66,0.4,,
475123,84454067,1043826,,Carlos Miguel dos Santos Pereira,Carlos Miguel,,,,,204.0,left,27.0,Brazil,2.70201,GK,GK,True,Has joined Palmeiras permanently.,7650.0,1.0,0.0,0.0,0.0007644030434782,0.0126,0.0231,0.0389,15.391304347826086,0.0604,0.0,0.0055,0.0233,0.0,0.0,0.0206,0.0,8.0661,0.9124,0.0,0.1289,0.0281,0.037037037037037,0.9908,0.9837,0.0,0.0,2.5669531222639024,0.95,0.66,0.4,,
449027,d4b73232,948800,4700679.0,Giorgi Mamardashvili,Giorgi Mamardashvili,Liverpool,8650.0,Liverpool,8650.0,197.0,left,25.0,Georgia,32.77936,GK,GK,False,,13860.0,1.0,0.0,0.0,0.001149346648548,0.01735,0.02226,0.03684,20.94470046082949,0.0547,0.0,0.0,0.02491,0.0,0.0,0.01901,0.0,7.83159,0.78263,0.0,0.11979,0.02808,1.0,0.9908,0.9,0.0,0.0,1.3794219736417204,0.95,0.66,0.4,Premier League,
463748,aa81d8f8,982692,,Karl Hein,Karl Hein,,,,,194.0,right,23.0,Estonia,2.12996,GK,GK,True,Has joined Werder Bremen on loan for the rest of the season.,3510.0,1.0,0.0,0.0,0.0011557699181139,0.0164,0.01981,0.03437,41.5,0.04938,0.0,0.00248,0.02471,0.0,0.0,0.01601,0.0,7.40611,0.70768,0.0,0.12854,0.02734,0.0,0.9908,0.9837,0.0,0.0,1.1254896474538327,0.95,0.66,0.4,,
214572,5e253986,862993,4700786.0,Brandon Austin,Brandon Austin,Tottenham Hotspur,8586.0,Tottenham Hotspur,8586.0,188.0,right,27.0,England,0.74596,GK,GK,False,,720.0,1.0,0.0,0.0,0.0001926999975694,0.01219,0.02339,0.03814,18.0,0.06796,0.0,0.00632,0.02635,0.0,0.0,0.02047,0.0,8.57521,0.83304,0.0,0.14104,0.03014,0.0,0.9908,0.9837,0.0,0.0,1.7812270225998508,0.95,0.66,0.4,,
121709,8a2248b4,448897,4701077.0,Walter Benítez,Walter Benitez,Crystal Palace,9826.0,Crystal Palace,9826.0,191.0,right,33.0,Argentina,5.88082,GK,GK,False,,15390.0,1.0,0.0,0.0,0.001232529990375,0.0131,0.02556,0.04396,18.0,0.05999,0.0,0.0,0.01562,0.0,0.0,0.02265,0.0,8.44779,1.11549,0.0,0.12313,0.02795,0.0,0.9908,1.0,0.0,0.0,1.499047364435261,0.95,0.66,0.4,Premier League,
428971,caaa7fab,887969,,Steven Benda,Steven Benda,Nottingham Forest,10203.0,,,192.0,right,27.0,Germany,0.62542,GK,GK,False,,5130.0,1.0,0.0,0.0,0.0016649133629269,0.01167,0.02328,0.0389,13.333333333333332,0.06531,0.0,0.0,0.02194,0.0,0.0,0.02073,0.0,7.95217,0.95131,0.0,0.11541,0.02966,0.2222222222222222,0.9908,1.0,0.0,0.0,1.3542650892511756,0.95,0.66,0.4,Championship,
507433,57a34cf4,850962,4700907.0,Hákon Rafn Valdimarsson,Hákon Rafn Valdimarsson,Brentford,9937.0,Brentford,9937.0,188.0,right,24.0,Iceland,2.29197,GK,GK,False,,5040.0,1.0,0.0,0.0,0.0025970600545406,0.01327,0.0214,0.03615,25.0,0.0547,0.0,0.0,0.0205,0.0,0.0,0.02047,0.0,8.50145,1.0334,0.0,0.10959,0.02409,0.0,0.9908,1.0,0.0,0.0,1.7681550123049097,0.95,0.66,0.4,Premier League,
451302,072e68ed,866967,,Altay Bayındır,Altay Bayindir,Manchester United,10260.0,Manchester United,10260.0,198.0,right,27.0,Turkiye,9.70442,GK,GK,True,Has joined Celta Vigo on loan for the rest of the season,7380.0,1.0,0.0,0.0,0.0069349401940902,0.01377,0.02795,0.04684,17.833333333333336,0.06108,0.0,0.0057,0.02029,0.0,0.0,0.02282,0.0,8.76273,0.79233,0.0,0.12396,0.02782,0.1666666666666666,0.9908,1.0,0.0,0.0,1.6738343435041625,0.95,0.66,0.4,,
240514,f0e4c69e,796398,,Kjell Scherpen,Kjell Scherpen,Ipswich Town,9902.0,Union St.Gilloise,7978.0,202.0,right,26.0,Netherlands,5.43588,GK,GK,False,,11250.0,1.0,0.0,0.0,0.001824970007874,0.0126,0.0231,0.0389,12.999999999999998,0.0604,0.0,0.0,0.0233,0.0,0.0,0.0206,0.0,8.0661,0.9124,0.0,0.1289,0.0281,0.0,0.9908,0.96875,0.0,0.0,1.5485227118701177,0.95,0.66,0.4,Pro League,
111234,4806ec67,303919,4700988.0,Jordan Pickford,Jordan Pickford,Everton,8668.0,Everton,8668.0,185.0,left,31.0,England,18.9883,GK,GK,False,,14490.0,1.0,0.0,0.0,0.0163531992584466,0.01,0.02465,0.04201,21.0,0.06108,0.0,0.0,0.02157,0.0,0.0,0.0224,0.0,7.83822,1.06896,0.0,0.12916,0.02892,0.0,0.9908,1.0,0.0,0.0,2.1403115100316787,0.95,0.66,0.4,Premier League,
111452,03df04ff,304355,,Odysseas Vlachodimos,Odysseas Vlachodimos,,,,,191.0,right,31.0,Greece,1.89555,GK,GK,True,Has joined Sevilla on loan for the rest of the season.,7920.0,1.0,0.0,0.0,0.0013704400043934,0.01452,0.02112,0.03465,17.5,0.05098,0.0,0.00557,0.0225,0.0,0.0,0.01858,0.0,8.33404,0.86926,0.0,0.14063,0.02677,0.0,0.9908,0.9837,0.0,0.0,1.0902422115231192,0.95,0.66,0.4,,
98747,4b40d9ca,280484,4700843.0,Nick Pope,Nick Pope,Newcastle United,10261.0,Newcastle United,10261.0,191.0,right,33.0,England,6.08901,GK,GK,False,,15210.0,1.0,0.0,0.0,0.0007259984218265,0.01452,0.02112,0.03465,13.702937525858502,0.05098,0.0,0.0,0.0225,0.0,0.0,0.01858,0.0,8.33404,0.86926,0.0,0.14063,0.02677,0.1117087298303682,0.9908,0.962963,0.0,0.0,2.4884144136210806,0.95,0.66,0.4,Premier League,
98980,7956236f,268375,4700812.0,Emiliano Martínez Romero,Emiliano Martinez,Chelsea,8455.0,Aston Villa,10252.0,195.0,right,33.0,Argentina,16.57225,GK,GK,False,,16110.0,1.0,0.0,0.0,0.0020870655361149,0.01278,0.021,0.03638,19.444444444444443,0.05257,0.0,0.0,0.02435,0.0,0.0,0.01589,0.0,7.2186,0.7413,0.0,0.16354,0.02743,0.0,0.9908,0.96875,0.0,0.0,2.0832712571229046,0.95,0.66,0.4,Premier League,
88248,c1242d4e,276729,,Stefan Ortega Moreno,Stefan Ortega,,,,,183.0,right,33.0,Germany,6.05564,GK,GK,False,,5940.0,1.0,0.0,0.0,0.0006966899964027,0.01847,0.01702,0.02856,25.0,0.04515,0.0,0.00446,0.03128,0.0,0.0,0.0176,0.0,7.54017,0.6689,0.0,0.12771,0.02176,0.0,0.9908,1.0,0.0,0.0,1.7170739625135516,0.95,0.66,0.4,,
109745,28d596a0,317564,4700626.0,Kepa Arrizabalaga Revuelta,Kepa Arrizabalaga,Arsenal,9825.0,Arsenal,9825.0,189.0,right,31.0,Spain,7.14873,GK,GK,False,,10710.0,1.0,0.0,0.0,0.0004993400070816,0.0164,0.01981,0.03437,15.0,0.04938,0.0,0.0,0.02471,0.0,0.0,0.01601,0.0,7.40611,0.70768,0.0,0.12854,0.02734,0.0,0.9908,1.0,0.0,0.0,2.091129188213146,0.95,0.66,0.4,Premier League,
235448,e827567f,806579,4700902.0,Ellery Balcombe,Ellery Balcombe,Brentford,9937.0,,,183.0,right,26.0,England,0.66423,GK,GK,False,,6390.0,1.0,0.0,0.0,0.0048084363736438,0.01327,0.0214,0.03615,12.727272727272728,0.0547,0.0,0.00657,0.0205,0.0,0.0,0.02047,0.0,8.50145,1.0334,0.0,0.10959,0.02409,0.0,0.9908,0.9837,0.0,0.0,1.4780055346163956,0.95,0.66,0.4,,
116535,7a2e46a8,319784,4700698.0,Alisson Becker,Alisson Becker,Liverpool,8650.0,Liverpool,8650.0,193.0,right,33.0,Brazil,17.30955,GK,GK,False,,13500.0,1.0,0.0,0.0,0.0001934000028995,0.01735,0.02226,0.03684,15.0,0.0547,0.0,0.0,0.02491,0.0,0.0,0.01901,0.0,7.83159,0.78263,0.0,0.11979,0.02808,0.0,0.9908,1.0,0.0,0.0,2.148999340279056,0.95,0.66,0.4,Premier League,
209288,4eb2d015,815080,,Tom McGill,Tom McGill,,,,,185.0,right,25.0,Canada,0.70092,GK,GK,False,,2340.0,1.0,0.0,0.0,0.004,0.01343,0.02453,0.04052,13.23529411764706,0.06691,0.0,0.00607,0.02666,0.0,0.0,0.02115,0.0,8.21003,0.76778,0.0,0.12979,0.03076,0.0,0.9908,0.9837,0.0,0.0,1.4759725400457664,0.95,0.66,0.4,,
215059,6a713852,789571,4700743.0,Robert Lynch Sánchez,Robert Sánchez,Chelsea,8455.0,Chelsea,8455.0,197.0,left,28.0,Spain,27.40657,GK,GK,True,Has joined Como on loan for the rest of the season,11790.0,1.0,0.0,0.0,0.006396559998393,0.01552,0.02112,0.03379,12.999999999999998,0.07647,0.0,0.0,0.02563,0.0,0.0,0.02098,0.0,8.00905,0.71349,0.0,0.14354,0.02979,1.0,0.9908,0.942857,0.0,0.0,2.0033632543882263,0.95,0.66,0.4,Premier League,
200720,62d7ef38,776689,4700900.0,Caoimhín Kelleher,Caoimhin Kelleher,Brentford,9937.0,Brentford,9937.0,188.0,right,27.0,Ireland,25.00575,GK,GK,False,,8010.0,1.0,0.0,0.0,0.0052454499527812,0.01327,0.0214,0.03615,27.0,0.0547,0.0,0.0,0.0205,0.0,0.0,0.02047,0.0,8.50145,1.0334,0.0,0.10959,0.02409,0.0,0.9908,1.0,0.0,0.0,1.978205154038101,0.95,0.66,0.4,Premier League,
564505,b96cec48,1596340,,Sam Proctor,Sam Proctor,,,,,188.0,right,19.0,England,0.64107,GK,GK,False,,900.0,1.0,0.0,0.0,0.004,0.01278,0.021,0.03638,25.83870967741936,0.05257,0.0,0.00471,0.02435,0.0,0.0,0.01589,0.0,7.2186,0.7413,0.0,0.16354,0.02743,0.1935483870967742,0.9908,0.9837,0.0,0.0,2.15,0.95,0.66,0.4,,
505079,419fba9c,1587812,,Alfie McNally,Alfie McNally,Fulham,9879.0,Fulham,9879.0,,right,21.0,England,0.18,GK,GK,True,Has joined York City on loan for the rest of the season,1890.0,1.0,0.0,0.0,0.0047453250735998,0.01167,0.02328,0.0389,32.5,0.06531,0.0,0.0,0.02194,0.0,0.0,0.02073,0.0,7.95217,0.95131,0.0,0.11541,0.02966,0.0,0.9908,1.0,0.0,0.0,1.7812270225998508,0.95,0.66,0.4,PL2,
225321,466fb2c5,746395,,Aaron Ramsdale,Aaron Ramsdale,,,,,188.0,right,27.0,England,18.06091,GK,GK,False,,13140.0,1.0,0.0,0.0,0.0015857138467631,0.01452,0.02112,0.03465,23.95812562313061,0.05098,0.0,0.00557,0.0225,0.0,0.0,0.01858,0.0,8.33404,0.86926,0.0,0.14063,0.02677,0.0,0.9908,1.0,0.0,0.0,1.929606162155128,0.95,0.66,0.4,,
221389,33a235af,749834,4701023.0,John Victor Maciel Furtado,John Victor,Nottingham Forest,10203.0,Nottingham Forest,10203.0,196.0,right,29.0,Brazil,9.9421,GK,GK,False,,10350.0,1.0,0.0,0.0,0.0018357986916009,0.01063,0.0238,0.04006,17.054794520547944,0.06213,0.0,0.0,0.02127,0.0,0.0,0.02115,0.0,8.26028,1.05279,0.0,0.1375,0.02791,0.2054794520547945,0.9908,0.8,0.0,0.0,2.225404000238896,0.95,0.66,0.4,Premier League,
107265,e082af5b,760746,,Angus Gunn,Angus Gunn,,,,,196.0,right,30.0,Scotland,1.66048,GK,GK,False,,9990.0,1.0,0.0,0.0,0.0002825999981723,0.01063,0.0238,0.04006,24.166666666666668,0.06213,0.0,0.0052,0.02127,0.0,0.0,0.02115,0.0,8.26028,1.05279,0.0,0.1375,0.02791,0.0,0.99164,0.0,0.0,0.0,1.324635322640755,0.95,0.66,0.4,,
172649,e5a76dfe,719330,4701079.0,Dean Henderson,Dean Henderson,Crystal Palace,9826.0,Crystal Palace,9826.0,188.0,right,28.0,England,29.22838,GK,GK,True,Foot injury - Expected back 11 Oct,12150.0,1.0,0.0,0.0,7.385000208159909e-05,0.0131,0.02556,0.04396,24.0,0.05999,0.0,0.0,0.01562,0.0,0.0,0.02265,0.0,8.44779,1.11549,0.0,0.12313,0.02795,0.0,0.9908,1.0,0.0,0.0,1.9517472682029648,0.95,0.66,0.4,Premier League,
229600,fe558029,731855,4701005.0,Mark Travers,Mark Travers,Everton,8668.0,Everton,8668.0,191.0,right,26.0,Ireland,5.1568,GK,GK,False,,9360.0,1.0,0.0,0.0,0.0015524949412792,0.01,0.02465,0.04201,18.0,0.06108,0.0,0.00421,0.02157,0.0,0.0,0.0224,0.0,7.83822,1.06896,0.0,0.12916,0.02892,0.0,0.9908,0.9837,0.0,0.0,1.7771502183260002,0.95,0.66,0.4,,
224068,4a51ba65,729988,,Matt Turner,Matt Turner,,,,,190.0,right,31.0,USA,1.45222,GK,GK,True,Has joined Lyon permanently.,5400.0,1.0,0.0,0.0,0.0011952771317391,0.0126,0.0231,0.0389,21.428571428571427,0.0604,0.0,0.0055,0.0233,0.0,0.0,0.0206,0.0,8.0661,0.9124,0.0,0.1289,0.0281,0.0384615384615384,0.9908,0.9837,0.0,0.0,1.7853038268737011,0.95,0.66,0.4,,
69752,a9dc785c,176186,,Norberto Murara Neto,Neto,,,,,189.0,right,36.0,Brazil,0.85064,GK,GK,True,Has joined Botafogo permanently.,7650.0,1.0,0.0,0.0,0.0003498547368421,0.0126,0.0231,0.0389,18.105263157894736,0.0604,0.1052631578947368,0.0055,0.0233,0.0,0.0,0.0206,0.0,8.0661,0.9124,0.0,0.1289,0.0281,0.2105263157894737,0.9908,0.9837,0.0,0.0,2.156192864468739,0.95,0.66,0.4,,
516875,,1683824,,Ronnie Hollingshead,Ronnie Hollingshead,,,,,188.0,right,21.0,Wales,,GK,GK,False,,450.0,1.0,0.0,0.0,0.004,0.01278,0.021,0.03638,18.0,0.05257,0.0,0.00471,0.02435,0.0,0.0,0.01589,0.0,7.2186,0.7413,0.0,0.16354,0.02743,0.0,0.9908,0.9837,0.0,0.0,2.15,0.95,0.66,0.4,,
74854,e7434f04,180646,4701104.0,Simon Moore,Simon Moore,,,,,191.0,right,35.0,England,0.41182,GK,GK,False,,4950.0,1.0,0.0,0.0,0.0001613625063328,0.00791,0.02621,0.04456,14.75,0.0721,0.0,0.00681,0.02413,0.0,0.0,0.02153,0.0,7.77913,1.2034,0.0,0.12151,0.02442,0.0,0.9908,0.9837,0.0,0.0,1.301091027519948,0.95,0.66,0.4,,
85633,834b5c4c,181069,4701029.0,Matz Sels,Matz Sels,Nottingham Forest,10203.0,Nottingham Forest,10203.0,188.0,right,33.0,Belgium,6.39796,GK,GK,False,,13950.0,1.0,0.0,0.0,0.0002168100036215,0.01063,0.0238,0.04006,10.0,0.06213,0.0,0.0,0.02127,0.0,0.0,0.02115,0.0,8.26028,1.05279,0.0,0.1375,0.02791,0.0,0.9908,0.966667,0.0,0.0,2.013888118233282,0.95,0.66,0.4,Premier League,
72147,3d214e5f,195782,4700820.0,Marco Bizot,Marco Bizot,Aston Villa,10252.0,Aston Villa,10252.0,193.0,right,34.0,Netherlands,2.85005,GK,GK,True,Back injury - Expected back 10 Oct,11250.0,1.0,0.0,0.0,0.0010293900268152,0.01278,0.021,0.03638,18.0,0.05257,0.0,0.0,0.02435,0.0,0.0,0.01589,0.0,7.2186,0.7413,0.0,0.16354,0.02743,0.0,0.9908,1.0,0.0,0.0,1.708077987726143,0.95,0.66,0.4,Premier League,
439509,9f333379,1157237,4706248.0,Christos Tzolis,Christos Tzolis,Arsenal,9825.0,Arsenal,9825.0,175.0,right,24.0,Greece,,DM,DM/CM/RW/AM/LW/ST,False,,76.0,1.2515088958986222,0.2280570656281442,0.8194924542618667,0.1772443594689133,0.3387096774193549,0.849609375,0.6585641368923102,16.341352188101414,0.04547,0.0,0.0,0.5971671865778602,0.8996904290996647,0.146484,0.2712671781468679,0.0449860867772853,2.554807129110534,0.4949381327334083,,1.04112626558447,0.4931506849315069,0.01008,0.94227,0.852941,0.0,0.2854154464061584,,0.95,0.66,0.4,Pro League,
578545,c70be9cf,1513910,4700824.0,Kosta Nedeljkovic,Kosta Nedeljkovic,Aston Villa,10252.0,Aston Villa,10252.0,184.0,right,20.0,Serbia,,RB,RB/RWB,True,Has joined Rangers on loan for the rest of the season,252.0,0.99749,0.0601695786639619,0.1990340620233858,0.0611812501895303,0.1507026811521977,0.3571428571,1.2519319938176194,25.93585780525503,0.0,0.0,0.0,0.6388888888888887,0.5948275862068966,0.0,0.3071354705274043,0.5503184713375796,1.9613601236476044,2.440078585461689,,0.4411764705882353,2.337662337662338,0.00711,1.0,0.333333,0.0,0.0,,0.95,0.66,0.4,Bundesliga,
614071,8fcf0e12,1520063,4704848.0,Johan Manzambi,Johan Manzambi,Aston Villa,10252.0,Aston Villa,10252.0,182.0,right,20.0,Switzerland,,DM,DM/CM/AM/LW/RW/ST,False,,200.0,1.2379505174501872,0.1643817750612894,0.5643356643356643,0.1431272055043114,0.208710407239819,,1.4328671328671332,24.803496503496508,0.0,0.0,0.0,1.2104895104895104,0.3208068527217463,0.086663,0.947029348604152,0.1455280444669024,3.805594405594405,1.0408821947283489,,2.465034965034965,1.35,0.01008,0.923077,0.307692,0.0,0.2034965034965035,,0.95,0.66,0.4,Bundesliga,
173879,f586779e,749661,4700837.0,Tammy Abraham,Tammy Abraham,Aston Villa,10252.0,Aston Villa,10252.0,194.0,right,28.0,England,,ST,ST,False,,279.0,0.8551328217887277,0.3509244109074513,0.9009260620314566,0.0865842017893098,0.2512579126765135,1.2903225806,0.7449985503044361,9.313134241809223,0.0,0.0,0.0,0.4766888677450047,0.0738377392889699,0.649559,0.180895865237366,0.1648016276703967,1.271291512915129,0.700073556454579,,1.250318268618714,0.6451612903225806,0.000815,0.866667,0.333333,0.0,0.3000869817338358,,0.95,0.66,0.4,Süper Lig,
499604,288647fc,1478295,4700951.0,Rayan Vitor Simplício Rocha,Rayan,AFC Bournemouth,8678.0,Bournemouth,8678.0,186.0,left,20.0,Brazil,,RW,RW/LW/ST,False,,89.0,1.3979389959408248,0.2109847576189971,0.8703852327447834,0.0814455227367722,0.1436647821749251,,0.8255930984902947,12.943820224719104,0.06245,0.0,0.0,0.803392658509455,0.2614758861127251,0.0,0.4270309130122214,0.0623556581986143,2.2693119459687634,1.1716757073742852,,1.253893214682981,0.2054794520547945,0.0024200000000000003,0.94825,0.782609,0.0,0.2949438202247191,,0.95,0.66,0.4,Série A,
561245,49a6ecbb,1327406,4704846.0,Álvaro Rodríguez,Álvaro Rodriguez,AFC Bournemouth,8678.0,Bournemouth,8678.0,193.0,left,22.0,Uruguay,,ST,ST,False,,2200.0,0.9048136412472072,0.1776743013789945,0.6089606827186833,0.0502876559913992,0.1481255714721121,0.9818181818,0.5760438890582139,8.070259005656446,0.0818181818181818,0.0,0.0,0.996725215838047,0.0987503809814081,0.736029,0.1063340991138825,0.0245454545454545,1.559392676391783,0.6912,,1.2217922000595418,1.4727272727272729,0.000815,1.0,0.5,0.0,0.1607621315867817,,0.95,0.66,0.4,La Liga,
483067,8f0435c7,1292092,4709662.0,António João Pereira de Albuquerque Tavares da Silva,António Silva,AFC Bournemouth,8678.0,Bournemouth,8678.0,187.0,right,22.0,Portugal,,CB,CB,False,,90.0,0.5769069906839324,0.0642727923352325,0.117877189998299,0.0205573386358799,0.0721374045801526,1.4531754575,1.009384298466468,32.55298695353627,0.2906350914962325,0.0,0.0,0.1614861803352968,0.0701602425292334,0.0,0.6633397312859884,0.3924236567452648,3.040512703135729,2.728911486018026,,0.2616157711635098,0.6000000000000001,0.018099999999999998,1.0,0.95,0.0,0.0370794232089723,,0.95,0.66,0.4,Primeira Liga,
513086,82d73da1,1572340,4700912.0,Jannik Schuster,Jannik Schuster,Brentford,9937.0,Brentford,9937.0,190.0,right,20.0,Austria,,CB,CB,False,,90.0,0.5387253596012169,0.0640080478970118,0.2070098576122672,0.0609835929940258,0.1698979591836734,1.0544815466,0.850574712643678,48.5632183908046,0.0,0.0,0.0,0.2731411229135053,0.06954820637099965,0.0,1.0439367311072056,0.8122605363984675,3.2988505747126435,6.74712643678161,,0.3463203463203463,1.4229249011857708,0.018099999999999998,1.0,0.947368,0.0,0.0344827586206896,,0.95,0.66,0.4,Bundesliga,
513545,e50d714b,1185211,,Mamadou Sangaré,Mamadou Sangaré,Brentford,9937.0,Brentford,9937.0,178.0,left,24.0,Mali,,CB,CB/DM/RM/CM/RW/AM,False,,76.0,0.8214092161840117,0.0875235374857028,0.3580844116579997,0.0713420466615415,0.1199857159861921,3.3261710357,2.5076152944935566,36.92597720737033,0.14687,0.0,0.0,1.3697944403024815,0.144960362400906,0.116229,1.3822558312919375,0.197284967174808,6.7214825860049,0.8222332260460511,0.00143,1.4474384918521672,2.515527950310559,0.018099999999999998,0.93241,0.740741,0.0,0.0718926403237831,,0.95,0.66,0.4,Ligue 1,
451490,80bc5e71,1079456,4700876.0,João Pedro Loureiro da Costa,Costinha,Brighton & Hove Albion,10204.0,Brighton,10204.0,181.0,right,26.0,Portugal,,RB,RB/AM,False,,26.0,0.7736112252291776,0.0482680551395106,0.1937605900528256,0.0701649661547533,0.1507026811521977,2.0630372493,1.840725605501844,15.821791958905465,0.2063037249283667,0.0,0.0,0.5974513484145015,0.5761138002568407,0.047657,0.826829991109355,0.1991428286654041,3.099278869900227,1.5262672811059907,,0.9257450413635004,2.2177650429799427,0.00711,0.0,0.0,0.0,0.0373407092759063,,0.95,0.66,0.4,Super League,
454490,8abd174d,951921,4700868.0,Michael Svoboda,Michael Svoboda,Brighton & Hove Albion,10204.0,Brighton,10204.0,195.0,right,27.0,Austria,,CB,CB,False,,2527.0,1.4503562036638107,0.0240933345075511,0.1328036322360953,0.0524567246778468,0.0776531492666091,1.7451523546,1.0483175150992234,35.456427955133734,0.2493074792243767,0.0,0.0,0.1941328731665228,0.0489307720188474,0.035601,1.0017256255392577,0.4465056082830025,3.863244176013805,3.102377927028499,,0.4775668679896462,1.567075583696082,0.018099999999999998,1.0,1.0,0.0,0.0349439171699741,,0.95,0.66,0.4,Serie B,
700308,4a76513e,1782648,4700890.0,Zadok Yohanna,Zadok Yohanna,Brighton & Hove Albion,10204.0,Brighton,10204.0,,,19.0,Nigeria,,RW,RW/LW/ST,True,Unspecified injury - Expected back 10 Oct,12.0,0.8815232875177789,0.1706339803246734,0.4512534818941504,0.108879704697675,0.1862068965517241,1.2413793103,1.504178272980501,10.604456824512532,0.3103448275862069,0.0,0.0,2.256267409470752,0.2793103448275862,0.0,0.4512534818941504,0.0907632363052945,2.256267409470752,1.052924791086351,,0.6016713091922006,0.9310344827586208,0.0024200000000000003,0.7,0.5,0.0,0.1504178272980501,,0.95,0.66,0.4,Allsvenskan,
620109,1f1828dd,1473806,4700752.0,Marco Palestra,Marco Palestra,Chelsea,8455.0,Chelsea,8455.0,186.0,both,21.0,Italy,,RB,RB/LB/RWB/LWB/RM/LM/AM/RW,False,Thigh injury - 50% chance of playing,3084.0,0.5219096435389561,0.0449071985738286,0.183852140077821,0.0957575735228601,0.183852140077821,1.6050583658,1.4765625,19.890625,0.15336,0.0,0.0,1.7968749999999996,0.7800707547169811,0.23369,0.5468750000000001,0.098122350090854,3.0234375,1.1229946524064174,,2.871657754010695,1.196498054474708,0.00711,0.98335,0.794118,0.0,0.0234375,,0.95,0.66,0.4,Serie A,
220362,ad82197c,696646,4700744.0,Axel Disasi,Axel Disasi,Crystal Palace,9826.0,Chelsea,8455.0,191.0,right,28.0,France,,CB,CB,False,,1255.0,0.843757665970403,0.0786924169489938,0.1916005419005225,0.0300336064383747,0.0613810741687979,1.0039840637,0.8814638027048529,44.90514667135079,0.0717131474103585,0.6428571428571428,0.07177,0.4388979552654315,0.0931465354032563,0.07177,0.9457517513921322,0.5934952065227131,4.089759353592131,3.2396420285051377,,0.3521023765996344,1.9285714285714288,0.018099999999999998,1.0,0.928571,0.0,0.0663973300544528,,0.95,0.66,0.4,Premier League,
593117,19f53b56,1530314,4700763.0,Geovany Quenda,Geovany Quenda,Chelsea,8455.0,Chelsea,8455.0,172.0,left,19.0,Portugal,,RM,RM/RW/AM/LW,False,,8.0,1.242011662090814,0.0859812510665506,0.3648648648648649,0.1131979254576943,0.253640206669798,1.5463917526,0.6407382992748846,17.632168754119974,0.0,0.0,0.0,0.8875000000000001,0.6375584762753397,0.50905,0.2790042273367778,0.0456273764258555,2.4917600527356627,0.4573128862439918,,0.9142347961684116,0.5154639175257731,0.00368,0.714286,0.428571,0.0,0.1067897165458141,,0.95,0.66,0.4,Primeira Liga,
567119,43d0b694,1346113,,Shumaira Mheuka,Shumaira Mheuka,Chelsea,8455.0,Chelsea,8455.0,182.0,right,18.0,England,,ST,ST,False,,1.0,11.025472942134245,0.0500307702101193,1.1772805507745263,0.0011650523027548,0.097005988023952,,0.3626189143816452,6.561290322580646,0.07524,0.0,0.0,0.355688622754491,0.0323353293413173,0.0,0.1616766467065868,0.0619621342512908,0.9669837716843872,0.355688622754491,,0.9290322580645162,1.4084779222510058,0.000815,1.0,0.842105,0.0,0.5516129032258064,,0.95,0.66,0.4,PL2,
503037,a0c590b9,1183148,4700767.0,Emmanuel Emegha,Emanuel Emegha,Chelsea,8455.0,Chelsea,8455.0,195.0,right,23.0,Netherlands,,AM,AM/ST,True,Hamstring injury - Expected back 10 Oct,440.0,0.9209468722963422,0.3981319079806405,0.8945578231292518,0.026467885799246,0.1392104763712279,,0.3000800213390238,7.442826793301675,0.6136363636363636,0.0,0.0,0.4036893203883495,0.0603092783505154,0.812641,0.0695744680851063,0.1119629683205555,1.5290552361909526,0.8452311293153889,,0.9790249433106576,2.4545454545454546,0.003945,1.0,0.5,0.0,0.366658335416146,,0.95,0.66,0.4,Ligue 1,
543158,b9f282ec,1272440,4709664.0,Valentín Barco,Valentín Barco,Chelsea,8455.0,Chelsea,8455.0,170.0,left,22.0,Argentina,,LB,LB/DM/CM/LM/AM,False,,19.0,0.6457269820876743,0.0738914727391065,0.2796752519596864,0.1623563632755845,0.342305441778818,,1.705765407554672,33.82425447316103,0.1127,0.0,0.0,1.0491317808587968,0.8641191888536349,0.083026,0.6035785288270378,0.1416848099145871,3.936381709741551,0.4098765432098766,,1.813121272365805,1.5517241379310345,0.00878,0.958333,0.75,0.0,0.0477137176938369,,0.95,0.66,0.4,Ligue 1,
484389,9f12e0f8,1051407,4701120.0,Oliver Dovin,Oliver Nnonyelu Dovin,Coventry City,8669.0,Coventry City,8669.0,187.0,right,24.0,Sweden,,GK,GK,True,Has joined Leyton Orient on loan for the rest of the season,8730.0,1.0,,0.0,0.0013151665246853,0.01327,,0.0389,27.0,0.0,0.0,0.0014199999999999998,0.02413,0.0,0.0,0.02098,0.0,8.00905,0.87818,,0.1289,0.02808,0.0,0.9908,0.9837,0.0,,1.3837988392375318,0.95,0.66,0.4,,
110690,0118dd71,302783,4701127.0,Ben Wilson,Ben Wilson,Coventry City,8669.0,Coventry City,8669.0,186.0,right,33.0,England,,GK,GK,False,,7200.0,1.0,,0.0,0.0004350800008978695,0.01327,,0.0389,15.0,0.0,0.0,0.0014199999999999998,0.02413,0.0,0.0,0.02098,0.0,8.00905,0.87818,,0.1289,0.02808,0.0,0.9908,0.9837,0.0,,2.0161290322580645,0.95,0.66,0.4,,
461102,6a471ee8,1161885,4701132.0,Bobby Thomas,Bobby Thomas,Coventry City,8669.0,Coventry City,8669.0,186.0,right,25.0,England,,CB,CB,False,,90.0,1.0309726884452943,0.0575328965444434,0.1546967374644186,0.0326670002316232,0.0522687134900149,1.1080711354,0.824456879526004,27.286590538336057,0.2462380300957592,0.0,0.030811,0.1219603314767015,0.0447400241837968,0.154057,0.7778145695364236,0.6266953357591797,2.8521044045676995,3.91394472361809,,0.6651284109149277,1.0273972602739725,0.018099999999999998,0.969697,0.909091,0.0,0.0593148450244698,,0.95,0.66,0.4,Championship,
436761,23aa33e2,914399,4701135.0,Liam Kitching,Liam Kitching,Coventry City,8669.0,Coventry City,8669.0,190.0,left,26.0,England,,RB,RB/CB,True,Has joined Sheffield United on loan for the rest of the season,90.0,0.708959086202042,0.0512402950103668,0.1773636991028296,0.0425427731814675,0.0375736738703339,1.051212938,0.7423134890730974,25.81952727272727,0.215633423180593,0.0,0.0,0.1448080998351777,0.0691007106101445,0.053925,0.7251838235294117,0.4158383035122598,2.3414688427299697,3.7743998736576128,,0.4405136067458797,1.25,0.00711,0.972973,0.972973,0.0,0.0363272727272727,,0.95,0.66,0.4,Championship,
451284,58448fbb,1074750,4701136.0,Milan van Ewijk,Milan van Ewijk,Coventry City,8669.0,Coventry City,8669.0,175.0,right,25.0,Netherlands,,RB,RB/RM/RW,False,Hamstring injury - 75% chance of playing,90.0,1.0563863091493193,0.0369330858461383,0.1462421711899791,0.0770274966304498,0.1215519094361252,2.2119450317,1.386244453408633,19.99339735894358,0.1902748414376321,0.0,0.0,0.4652749490835031,0.3827902240325865,0.047657,0.8586123436869705,0.1567209775967413,3.1234368697055266,1.6928967520464748,,0.6059423769507803,1.0,0.00711,1.0,0.813953,0.0,0.039015606242497,,0.95,0.66,0.4,Championship,
173878,2a158ded,759814,4701134.0,Jay Dasilva,Jay Dasilva,Coventry City,8669.0,Coventry City,8669.0,170.0,left,28.0,Wales,,LB,LB/LWB/LM,False,,90.0,0.4985411545862688,0.0156517011581788,0.0492271105826397,0.0799887729440487,0.0985221674876847,1.7989864865,1.180837119888151,24.099228368302413,0.152027027027027,0.0,0.0,0.640554002097169,0.5333749220212103,0.0,0.5747676081515909,0.1603392568659128,3.268293740246228,1.378364821936131,,0.2390206510956804,0.4044943820224719,0.00878,0.97561,0.780488,0.0,0.0078030171666377,,0.95,0.66,0.4,Championship,
465390,9b066938,1089686,4701131.0,Kaine Kesler-Hayden,Kaine Kesler-Hayden,Coventry City,8669.0,Coventry City,8669.0,175.0,right,23.0,England,,RB,RB/RWB/RW/LW,True,Hamstring injury - Unknown return date,585.0,0.6651552700626547,0.0509418149830357,0.2198025847155795,0.0565354684706303,0.0966564384721193,2.9230769231,1.073944356748224,17.1146098181107,0.1538461538461538,0.0,0.0,0.6757103393843724,0.1280240888796594,0.0,0.5398579321231255,0.2461253874612539,3.375443962115233,2.205515088449532,,0.9478591160220996,0.7692307692307693,0.00711,1.0,0.4,0.0,0.0338842167025229,,0.95,0.66,0.4,Championship,
80178,676b6c9b,191174,4701119.0,Jake Bidwell,Jake Bidwell,Coventry City,8669.0,Coventry City,8669.0,183.0,left,33.0,England,,CB,CB/LB/LWB,False,,90.0,0.5539774214336952,0.0354997663559032,0.0874330551749906,0.0729663406903772,0.1621703241393194,1.2705882353,0.8592488592488592,16.083314657104438,0.2117647058823529,0.0,0.0,0.0714989530730385,0.6736431358637817,0.208817,0.5763952424519672,0.3401193401193401,2.011093502377179,1.9698917456021647,,0.3407856010867104,0.8411214953271028,0.018099999999999998,1.0,0.666667,0.0,0.0196660690273419,,0.95,0.66,0.4,Championship,
204813,a4183553,863822,4701130.0,Joel Latibeaudiere,Joel Latibeaudiere,Coventry City,8669.0,Coventry City,8669.0,180.0,right,26.0,Jamaica,,RB,RB/CB/RWB,False,,90.0,1.1385397339350016,0.0270251707974096,0.0638297872340425,0.034035658296641,0.0886491557223264,0.6352941176,1.0891189793843026,30.82955465587044,0.0705882352941176,0.0,0.0,0.1521252796420581,0.19934914969557,0.070699,0.6094573356753259,0.4211365341335333,2.443741403026136,2.702378330764149,,0.88473746259182,1.0,0.00711,0.933333,0.866667,0.0,0.0307692307692307,,0.95,0.66,0.4,Championship,
220583,e28e9bec,866688,4701125.0,Luke Woolfenden,Luke Woolfenden,Coventry City,8669.0,Coventry City,8669.0,193.0,right,27.0,England,,CB,CB,True,Knee injury - Unknown return date,1072.0,0.7656604046238127,0.016626602326812,0.0320456540825285,0.0120879790653683,0.0167988800746616,1.0914179104,0.5909760446546243,31.868147411881644,0.167910447761194,0.0,0.0,0.0948550288221629,0.0355938796680498,0.0,0.8765456252934731,0.4361767649549619,3.224035722534452,3.0842036553524803,,0.1935867926025875,0.6716417910447761,0.018099999999999998,0.909091,0.909091,0.0,0.0127303310650661,,0.95,0.66,0.4,Championship,
577411,3e707ad4,1358582,4701122.0,Miguel Brau,Miguel Ángel Brau,Coventry City,8669.0,Coventry City,8669.0,183.0,left,24.0,Spain,,LB,LB,True,Has joined Academico de Viseu on loan for the rest of the season,196.0,1.0477557397999124,0.0463894957953945,0.1462621885157096,0.0274821100062987,0.0585048754062838,1.8367346939,1.296129612961296,17.341809180918087,0.0,0.0,0.0,0.6116111611161116,0.735148514851485,0.0,0.7310981098109811,0.2936543654365435,2.09000900090009,1.950797872340425,,0.6116111611161116,0.4591836734693877,0.00878,1.0,1.0,0.0,0.0486048604860485,,0.95,0.66,0.4,Championship,
539142,1227a22d,1257648,4704847.0,Aurèle Amenda,Aurèle Amenda,Coventry City,8669.0,Coventry City,8669.0,194.0,right,23.0,Switzerland,,RB,RB/CB,True,Calf injury - Unknown return date,90.0,0.99749,0.0233147427157916,0.0981563230329784,0.0363675634307466,0.0595369349503858,0.8054892601,0.7238030328846481,38.890145123185945,0.2684964200477326,0.0,0.053635,0.1428038081015493,0.0528950805398345,0.0,1.011861784424961,0.4891804395978872,3.329058386770165,5.203367875647669,,0.3879310344827587,1.5,0.00711,1.0,0.944444,0.0,0.0,,0.95,0.66,0.4,Bundesliga,
480457,4d395e2b,1030830,4701138.0,Jack Rudoni,Jack Rudoni,Coventry City,8669.0,Coventry City,8669.0,185.0,left,25.0,England,,DM,DM/LM/RW/AM,False,,20.0,0.8440771519337922,0.1250677975239577,0.4382140359058056,0.0994369968444734,0.1368476244252641,1.0236966825,0.9829961089494164,18.06245756958588,0.0,0.0,0.0,0.753984753984754,0.8028330781010721,0.042735,0.4747069710055522,0.1662072767364939,3.5541553133514987,0.6547121752419767,,0.792574931880109,1.495016611295681,0.01008,1.0,0.5,0.0,0.1055668703326544,,0.95,0.66,0.4,Championship,
168144,81a487b9,478357,4701126.0,Matt Grimes,Matt Grimes,Coventry City,8669.0,Coventry City,8669.0,178.0,left,31.0,England,,DM,DM/CM,False,,90.0,2.1878025306454894,0.0182606707772655,0.1142201834862385,0.0977120640538828,0.0997313633310946,1.7672727273,1.0864436619718312,47.21919926685378,0.109090909090909,0.0,0.0,0.2867058680892337,0.6425221469515372,0.0,0.4625267665952889,0.2646902025826324,3.753342207303664,1.018493383101459,,0.5466153936476252,0.6081081081081081,0.01008,1.0,0.934783,0.0,0.0399507417377856,,0.95,0.66,0.4,Championship,
501459,5e67ea3a,1025603,4701121.0,Tatsuhiro Sakamoto,Tatsuhiro Sakamoto,Coventry City,8669.0,Coventry City,8669.0,170.0,left,29.0,Japan,,RM,RM/RW,False,,90.0,1.4398465114136745,0.0735520418114818,0.3064005716619029,0.1143953663606172,0.18565445026178,1.4073777065,1.174650902048721,12.51247108518556,0.1082598235765838,0.0,0.0,0.678371215982061,0.5545529545220171,0.217129,0.3392286274105393,0.0589005235602094,2.5515747630210988,0.5567986230636833,,1.1554359851151563,2.0,0.00368,0.965517,0.413793,0.0,0.1059036508096148,,0.95,0.66,0.4,Championship,
241293,0d5a541f,798654,4701137.0,Ephron Mason-Clark,Ephron Mason-Clark,Coventry City,8669.0,Coventry City,8669.0,177.0,right,26.0,Jamaica,,CM,CM/LM/LW,False,,28.0,1.0305764195397582,0.1857378662666443,0.6135162345834383,0.1319900773058533,0.210867802108678,1.2345265975,0.8396840978047475,9.696199345582682,0.120441619270659,0.0,0.0,0.9883587110481586,0.3878496503496504,0.967742,0.1542031054792075,0.0399219304471256,2.223850823937554,0.3641136504014823,,1.1609614900578908,2.6923076923076925,0.00578,0.861111,0.333333,0.0,0.1914170651900327,,0.95,0.66,0.4,Championship,
439668,9722d36c,962000,4701128.0,Josh Eccles,Josh Eccles,Coventry City,8669.0,Coventry City,8669.0,181.0,right,26.0,England,,CB,CB/DM/CM/RW/AM/ST,True,Unspecified injury - Expected back 12 Oct,20.0,0.9181879836011563,0.0551092735444291,0.2521494218796324,0.068920162258556,0.1047976011994003,1.6644649934,1.5668909178279673,22.878856319077364,0.297225891677675,0.0,0.0,0.3363208933294153,0.3520243113420253,0.0,0.752090341182124,0.2652447891420261,3.8517059106198936,0.696523724942908,,1.012013455069678,1.2483487450462352,0.018099999999999998,0.736842,0.052632,0.0,0.0506006727534839,,0.95,0.66,0.4,Championship,
226965,e8cc2cbb,845985,4701124.0,Victor Torp,Victor Torp,Coventry City,8669.0,Coventry City,8669.0,184.0,right,27.0,Denmark,,DM,DM/CM/AM,False,,28.0,1.5111033455813967,0.0954784339769194,0.5505234678273145,0.1196953486943709,0.1765384615384615,1.474137931,1.233551457465794,21.72422830518346,0.1939655172413793,0.0,0.0,0.6695108760966231,0.9433670434265318,0.077653,0.7388459250446162,0.2081221490116573,3.157763236168947,0.8371875000000001,,0.8633434650455928,1.1637931034482758,0.01008,0.96,0.28,0.25,0.1719277810133954,,0.95,0.66,0.4,Championship,
684268,152402c4,1832757,,George Shepherd,George Shepherd,Coventry City,8669.0,Coventry City,8669.0,,,17.0,England,,AM,,False,,,1.0,,0.6115515288788222,,0.26198961608078497,,1.1734428199479274,20.13594470046083,0.1154,0.0,0.0,0.9094076655052264,0.4670546918394245,0.145302,0.4111736334405144,0.1422715817554985,3.228199498117943,0.6832740213523132,,1.0851609215617306,1.157556270096463,0.003945,0.91243,0.333333,0.0,,,0.95,0.66,0.4,,
492498,76c1ea7c,1101043,4701129.0,Raphael Borges Rodrigues,Raphael Borges Rodrigues,Coventry City,8669.0,Coventry City,8669.0,173.0,right,22.0,Australia,,RWB,RWB/LWB/RM/LM/RW/LW/ST,True,Has joined Burton Albion on loan for the rest of the season,35.0,0.9324381449170289,0.08831519432721,0.3749256099980163,0.0448852182128042,0.0935064935064934,,1.2866946244757906,10.108272969881812,0.10326,0.0,0.0,0.9778879146016012,0.187012987012987,0.0,0.4980088031859149,0.1337235479513732,2.491040792985132,1.3959183673469386,,1.1014105985512772,1.1180124223602483,0.004855,0.862069,0.482759,0.0,0.0823484559664506,,0.95,0.66,0.4,League One,
629397,baf7624c,1526413,4701133.0,Kaine Andrews,Kai Andrews,Coventry City,8669.0,Coventry City,8669.0,185.0,right,20.0,Wales,,DM,DM/CM/LM/ST,True,Has joined Oxford United on loan for the rest of the season,250.0,1.0,0.07351199984550476,0.1788079470198675,0.031401060819625855,0.36,,2.16,35.28,0.36,0.0,0.0,0.36,0.17870500406534107,0.01842,0.72,0.3576158940397351,4.32,0.72,,0.72,1.44,0.01008,0.93267,0.5,0.0,0.0,,0.95,0.66,0.4,,
176412,91cd37b7,848268,4701141.0,Haji Wright,Haji Wright,Coventry City,8669.0,Coventry City,8669.0,193.0,right,28.0,USA,,ST,ST,True,Thigh injury - Unknown return date,2.0,0.879632538686641,0.301466990446248,0.7782408738143145,0.0472343816173874,0.0975316074653823,,0.4311583788444955,6.999857265201255,0.07524,0.0,0.0,0.611813739580339,0.1012720156555773,1.467961,0.1043175891046073,0.0783757338551859,1.413930916357408,0.6979978925184405,,0.8726805595204111,1.4084779222510058,0.000815,1.0,0.129032,0.75,0.3481301741364545,,0.95,0.66,0.4,Championship,
230730,fb152f96,776184,4701139.0,Brandon Thomas-Asante,Brandon Thomas-Asante,Coventry City,8669.0,Coventry City,8669.0,180.0,right,27.0,Ghana,,RM,RM/LM/RW/AM/LW/ST,False,,70.0,0.9000082329949304,0.2604092854998976,0.7058152173913043,0.0512559099387033,0.1210268948655256,,0.3888525661981039,6.97231321990912,0.1082598235765838,0.0,0.0,0.7805611222444888,0.1079287460705553,0.09667,0.4591319052987599,0.0589123867069486,2.239602364320258,0.3775644397685429,,1.0561661206805453,1.3846153846153846,0.00368,0.952381,0.333333,0.25,0.2620205008982352,,0.95,0.66,0.4,Championship,
218997,26d3b5be,982284,4701143.0,Ellis Simms,Ellis Simms,Coventry City,8669.0,Coventry City,8669.0,191.0,right,25.0,England,,ST,ST,False,,70.0,1.048606849983984,0.2976220647038409,0.8290011350737796,0.0367804825900908,0.0988830885030957,0.386977887,0.1977661770061915,6.461918274687855,0.0552825552825552,0.0,0.0,0.2354315076491883,0.07502977371973,0.38205,0.0562704868277285,0.0639577259475218,1.1427998165558355,0.5026119402985074,,0.317817014446228,1.7142857142857144,0.000815,1.0,0.533333,0.0,0.3120885357548241,,0.95,0.66,0.4,Championship,
551262,165c7444,1334842,,Jahnoah Markelo,Jahnoah Markelo,Coventry City,8669.0,Coventry City,8669.0,171.0,left,23.0,Suriname,,RWB,RWB/CM/RW/ST/LW,True,Has joined Shabab Al-Ahli Dubai permanently,44.0,1.208255679713381,0.1025842249592476,0.5577658760520275,0.1160882665637339,0.3380634390651085,,0.74792243767313,12.25019127773527,0.10326,0.0,0.0,1.342769701606733,0.961614562722596,0.110935,0.299168975069252,0.0746887966804979,2.5202754399387906,0.1136842105263157,,1.28079571537873,0.6870229007633587,0.004855,0.909091,0.272727,0.0,0.1239479724560061,,0.95,0.66,0.4,Super Lg,
242313,056269d7,952095,4701266.0,Oscar Mingueza,Óscar Mingueza,Crystal Palace,9826.0,Crystal Palace,9826.0,184.0,right,27.0,Spain,,RB,RB/CB/LB/RWB/LWB/RM/CM/LM,False,,1967.0,1.3187641087428401,0.0287408006153302,0.1990340620233858,0.1167380782052505,0.2147226753670472,1.9217081851,1.1262408502957986,26.32587987566429,0.183019827147941,0.0,0.0,0.5198034693672916,0.4169256993883486,0.045732,0.3523654159869494,0.1278040749125334,2.8426752231023764,0.8703368344802608,,0.6556713548517655,0.6863243518047788,0.00711,0.809524,0.428571,0.0,0.0379023363080316,,0.95,0.66,0.4,La Liga,
244860,ba397562,982394,4700987.0,Hayden Hackney,Hayden Hackney,Everton,8668.0,Everton,8668.0,178.0,right,24.0,England,,DM,DM/CM/AM/LW,False,,79.0,1.1031049460770719,0.0667107422658577,0.2990459882583169,0.104067024669718,0.1233278955954323,1.8467109234,1.3331735378715244,39.05929983329364,0.1357875678937839,0.0,0.0,0.703561509557262,0.2730830738153355,0.108238,0.4317019722425128,0.1331640058055152,4.233507978090022,0.5306400982666849,,0.8743608473338202,1.3043478260869563,0.01008,1.0,0.684211,0.0,0.0735889497499404,,0.95,0.66,0.4,Championship,
551466,74c2d562,1413847,4709667.0,Gonzalo García,Gonzalo García,Fulham,9879.0,Fulham,9879.0,182.0,both,22.0,Spain,,RW,RW/ST,False,,90.0,0.7372815686844092,0.269648320021607,0.601823708206687,0.0491870570175419,0.1674418604651162,1.0399159664,0.5448541552008805,11.59053384700055,0.04433,0.0,0.0,0.4018475750577367,0.4905029138786963,0.0,0.2844984802431611,0.2593659942363112,1.4364336818932306,0.7086614173228345,,0.4572748267898383,1.475409836065574,0.0024200000000000003,0.91014,0.222222,0.8,0.287286736378646,,0.95,0.66,0.4,La Liga,
571779,f4d61d12,1403691,4709666.0,César Palacios,César Palacios,Fulham,9879.0,Fulham,9879.0,182.0,,21.0,Spain,,AM,,False,,229.0,1.0231225649926323,0.38413100627832536,0.7860262008733624,0.01224318315889117,0.26198961608078497,,1.1790393013100435,33.4061135371179,0.3930131004366812,0.0,0.0,1.965065502183406,0.4670546918394245,0.0,0.3930131004366812,0.1422715817554985,3.930131004366812,1.1790393013100435,,1.0851609215617306,2.358078602620087,0.003945,1.0,0.0,0.0,0.3930131004366812,,0.95,0.66,0.4,Premier League,
167825,d0330b1d,518500,4701185.0,Dillon Phillips,Dillon Phillips,Hull City,8667.0,Hull City,8667.0,188.0,right,31.0,England,,GK,GK,False,,4860.0,1.0,,0.0,0.0001898299960885,0.01327,,0.0389,23.0,0.0,0.0,0.0,0.02413,0.0,0.0,0.02098,0.0,8.00905,0.87818,,0.1289,0.02808,0.0,1.0,1.0,0.0,,1.0825567087612027,0.95,0.66,0.4,Championship,
105666,cc70a1d5,288880,4701170.0,Jack Butland,Jack Butland,Hull City,8667.0,Hull City,8667.0,196.0,right,33.0,England,,GK,GK,True,Arm injury - Unknown return date,13140.0,1.0,,0.0,0.0019358404617952,0.01327,,0.0389,21.473684210526315,0.0263157894736842,0.0,0.026316,0.02413,0.0,0.0,0.02098,0.0,8.00905,0.87818,,0.1289,0.02808,0.1052631578947368,1.0,1.0,0.0,,1.4646836191736534,0.95,0.66,0.4,Premiership,
444307,28efa226,1409928,,Thimothée Lo-Tutala,Thimothée Lo-Tutala,Hull City,8667.0,Hull City,8667.0,185.0,right,23.0,France,,GK,GK,True,Has joined Colchester United on loan for the rest of the season,6120.0,1.0,,0.0,0.014011999592185,0.01327,,0.0389,16.0,0.0,0.0,0.0014199999999999998,0.02413,0.0,0.0,0.02098,0.0,8.00905,0.87818,,0.1289,0.02808,0.125,1.0,0.969697,0.0,,1.301376340805848,0.95,0.66,0.4,League One,
108416,debe38a0,295062,4701177.0,John Egan,John Egan,Hull City,8667.0,Hull City,8667.0,185.0,right,33.0,Ireland,,CB,CB,False,,90.0,0.7600949802041632,0.0456594632908006,0.1634156463996679,0.0244168382753633,0.0511886503067484,1.3688212928,0.8470206853967276,22.38506610576924,0.2105878911962562,0.0,0.0,0.0872660699755899,0.0171102661596958,0.07325,0.9143462469733658,0.5546628699277942,2.7975181598062955,4.757238307349667,,0.305870236869207,0.6164383561643836,0.018099999999999998,0.952381,0.857143,0.0,0.0347055288461538,,0.95,0.66,0.4,Championship,
501902,29c29cef,1331703,4701180.0,Charlie Hughes,Charlie Hughes,Hull City,8667.0,Hull City,8667.0,185.0,right,22.0,England,,CB,CB,True,Groin injury - Unknown return date,3189.0,1.6158591478104682,0.0213674900233313,0.1054295277054667,0.0220931937258946,0.0240410300245752,1.3546566322,0.7425240299038803,29.38949642825646,0.1693320790216368,0.0282220131702728,0.0,0.3183962264150943,0.0889573372563442,0.0,0.7396375381302709,0.7393200427198293,3.236027055891776,4.931597528684908,,0.4597721609113564,1.1571025399811852,0.018099999999999998,0.948718,0.948718,0.0,0.0345268542199488,,0.95,0.66,0.4,Championship,
146426,d6192210,410836,4701183.0,Semi Ajayi,Semi Ajayi,Hull City,8667.0,Hull City,8667.0,193.0,right,32.0,Nigeria,,CB,CB,False,,64.0,1.1018169711840218,0.0556871746527792,0.1544754571703561,0.0056731116620033,0.0737366570437436,1.5789473684,0.8828200192492783,27.162415784408083,0.1088929219600726,0.0,0.0,0.2021174205967276,0.0488721804511278,0.098039,0.7752646775745909,0.2811531841652324,2.8628488931665066,4.101348098218585,,0.3796920115495668,0.2122641509433962,0.018099999999999998,0.95,0.95,0.0,0.0613570741097208,,0.95,0.66,0.4,Championship,
193278,97aba136,709148,4701187.0,Lewie Coyle,Lewie Coyle,Hull City,8667.0,Hull City,8667.0,173.0,right,30.0,England,,RB,RB/LB/RWB/RM/LM,False,,70.0,0.6587036443172691,0.0135083738111118,0.0744544800575493,0.0646624572187519,0.0989050801062716,1.4684656417,1.1211498973305951,22.61738535249829,0.3388766865390649,0.0,0.0,0.2334345775717368,0.5881332408049965,0.0,0.5369609856262834,0.3296836003542387,3.086242299794661,2.162352941176471,,0.919847328244275,0.5128205128205129,0.00711,0.925,0.775,0.0,0.0088980150581793,,0.95,0.66,0.4,Championship,
433590,e0d1510a,962046,4701172.0,Cody Drameh,Cody Drameh,Hull City,8667.0,Hull City,8667.0,175.0,right,24.0,England,,RB,RB/RWB/RM/RW,True,Has joined Genoa permanently,20.0,0.447372686498191,0.0177138254016302,0.0690966010733452,0.0577022722324967,0.0601157785364405,2.700628053,2.226489692177351,20.661473855323763,0.0628053035589672,0.0,0.0,0.7338034376377259,0.3449268941072221,0.0,0.6615928437454913,0.2112231081690988,3.5780146851171986,2.184927697441602,,0.526979728744349,0.2512212142358688,0.00711,0.875,0.6875,0.0,0.0079246816580872,,0.95,0.66,0.4,Championship,
232351,73b1d65b,933635,4701181.0,Ryan Giles,Ryan Giles,Hull City,8667.0,Hull City,8667.0,179.0,left,26.0,England,,LB,LB/LWB/LM,False,,85.0,0.99749,0.0130908753385287,0.093103448275862,0.1300006582199086,0.2754391779913821,0.9054325956,0.7274384685505925,18.90275855250148,0.2535211267605634,0.0,0.0,0.3602003642987249,1.304386750223814,0.098937,0.4777365491651206,0.1223564954682779,2.633840644583706,2.138585209003216,,0.1700367647058823,0.2022471910112359,0.00878,0.878788,0.69697,0.0,0.0,,0.95,0.66,0.4,Championship,
449428,2875c756,1187308,4701171.0,Matty Jacob,Matty Jacob,Hull City,8667.0,Hull City,8667.0,180.0,left,25.0,England,,RB,RB/CB/LB,True,Has joined Newport County on loan until January,172.0,1.633359569810837,0.0234353333269075,0.2225274725274725,0.0339982529959771,0.0888888888888888,4.7093023256,1.1746323529411764,19.35045933991153,0.0,0.0,0.0,0.203213995117982,0.2251830756712774,0.0,0.7881712881712881,0.3707718993928881,2.0895220588235293,2.6422789539227893,,0.6599183395712828,1.355421686746988,0.00711,1.0,0.9,0.0,0.0382783259612112,,0.95,0.66,0.4,League One,
661800,377105d7,1683723,,Cathal McCarthy,Cathal McCarthy,Hull City,8667.0,Hull City,8667.0,,,19.0,Ireland,,CB,CB/CM,False,,229.0,0.99749,0.0563878481429588,0.24,0.0076834758086412,0.0737366570437436,2.3580786026,1.2645569620253163,20.75696202531645,0.3930131004366812,0.0,0.0,0.3531645569620253,0.06954820637099965,0.0,1.6006329113924054,0.4970544918998527,2.5120253164556963,3.1499999999999995,,0.8373417721518988,1.0,0.018099999999999998,1.0,1.0,0.0,0.0,,0.95,0.66,0.4,Championship,
160817,8ac454b5,575780,4701182.0,Paddy McNair,Paddy McNair,Hull City,8667.0,Hull City,8667.0,189.0,right,31.0,Northern Ireland,,CB,CB/LB,False,,26.0,0.99749,0.0303993773588907,0.1348720192518048,0.0382445516162752,0.062021439509954,1.2747875354,0.5460567823343847,38.937933143090085,0.254957507082153,0.0,0.125874,0.2978395061728395,0.2066080240291782,0.0,0.2922829581993569,0.3611999999999999,2.8893192009783943,2.138331573389652,,0.6822358346094948,1.019830028328612,0.018099999999999998,1.0,0.5,0.0,0.0,,0.95,0.66,0.4,Championship,
540324,b6cafcad,1231090,4701189.0,Mohamed Belloumi,Mohamed Belloumi,Hull City,8667.0,Hull City,8667.0,177.0,left,24.0,Algeria,,RM,RM/LM/RW/AM,False,,90.0,1.3053252289632544,0.134682650412624,0.76015538290788,0.0962344868267812,0.2220779220779221,2.312633833,1.3874583795782465,10.784017758046614,0.1927194860813704,0.0,0.0,0.9359600443951164,0.4222048475371384,0.559503,0.8051054384017758,0.2224645583424209,2.920754716981132,0.747191011235955,,0.5249114521841795,1.5829145728643217,0.00368,0.75,0.0,0.0,0.1758046614872364,,0.95,0.66,0.4,Championship,
232905,983515f8,932308,4701174.0,Liam Millar,Liam Millar,Hull City,8667.0,Hull City,8667.0,185.0,right,26.0,Canada,,LWB,LWB/CM/LM/AM/LW/ST,True,Has joined Birmingham on loan for the rest of the season,19.0,0.9395244477147497,0.0826405002458675,0.3938767843726522,0.1081349843535205,0.1978083209509658,2.2085889571,1.1206335294854135,14.429526123936816,0.5521472392638037,0.0,0.0,1.2676289926289923,0.5515838237135346,0.572687,0.5091523341523342,0.0492307692307692,3.1314094775212635,0.8097582811101164,,0.8000500813822461,1.6564417177914113,0.00786,0.92,0.04,0.0,0.0776427703523693,,0.95,0.66,0.4,Championship,
171270,2f6ec02a,605262,4701188.0,Kieran Dowell,Kieran Dowell,Hull City,8667.0,Hull City,8667.0,175.0,left,28.0,England,,AM,AM/RW,False,,81.0,1.930796280182269,0.1048157578804225,0.4875512995896032,0.1462463750745875,0.3109960828203694,1.8,1.072370121478418,20.61579219436547,0.72,0.0,0.0,0.5916050686378036,0.6181458451102319,0.326087,0.5131995776135163,0.125527084009082,2.789092788834324,0.3008021390374331,,0.5781527531083481,1.1111111111111112,0.003945,1.0,0.0,0.0,0.2023778754200051,,0.95,0.66,0.4,Championship,
101282,43f5d4e6,280507,4701184.0,Matt Crooks,Matt Crooks,Hull City,8667.0,Hull City,8667.0,183.0,right,32.0,England,,DM,DM/RM/CM/RW/AM/ST,False,,90.0,0.9256299084123781,0.120760269889693,0.2863525588952071,0.057628098733218,0.176076360682372,2.4033479474,1.319584259380311,18.94541770166035,0.466321243523316,0.0,0.0,0.4556016597510372,0.0624705882352941,0.227273,0.5324939073923638,0.151341251835046,2.1802850045757616,0.916217895608948,,0.4150814287669357,2.2058823529411766,0.01008,1.0,0.709677,0.0,0.1117793175578506,,0.95,0.66,0.4,Championship,
243413,ba4d4908,807930,4701186.0,Regan Slater,Regan Slater,Hull City,8667.0,Hull City,8667.0,173.0,right,26.0,England,,DM,DM/CM/AM,False,,90.0,0.7940088561577631,0.0539637882402177,0.1928079571537873,0.0452146039587731,0.0837666742030296,1.8821292776,0.9020884796766224,17.97462096242584,0.1996197718631178,0.0,0.0,0.4571075679317314,0.1728385615914307,0.052801,0.4352134714253782,0.2130303989867004,2.9502645108412184,1.212207056399691,,0.5233872755486589,0.821917808219178,0.01008,0.973684,0.552632,0.0,0.042847725774555,,0.95,0.66,0.4,Championship,
465525,15944afd,1178514,4701178.0,Eliot Matazo,Eliot Matazo,Hull City,8667.0,Hull City,8667.0,174.0,right,24.0,Belgium,,DM,DM,True,Knee injury - Unknown return date,11.0,3.7042179594483544,0.017075105997523,0.1768104776579352,0.0393502690270103,0.14594234672894715,,1.3301789401238815,25.53445320534796,0.0,0.0,0.0,0.6580338266384778,0.5758776896942243,0.0,1.0049896765313149,0.2432432432432432,4.582071576049552,0.8286445012787724,,0.8516861665519616,1.35283,0.01008,0.0,0.0,0.0,0.063249914295509,,0.95,0.66,0.4,Championship,
208481,6456e745,704138,4701173.0,Abdülkadir Ömür,Abdülkadir Ömür,Hull City,8667.0,Hull City,8667.0,168.0,left,27.0,Turkiye,,RM,RM/CM/RW/AM,False,,77.0,0.3732422671794564,0.0601655730848819,0.3388030888030888,0.0620243260105572,0.0923252279635258,2.0408163265,1.2549673573658813,19.865123371222623,0.1360544217687075,0.0,0.0,0.4703809238152369,0.3086565752128666,0.0,0.4420736073320922,0.0917486207723674,3.1198552370139083,0.326530612244898,,0.6601615074024227,1.08843537414966,0.00368,0.705882,0.176471,0.0,0.0224563349043526,,0.95,0.66,0.4,Süper Lig,
490161,a6fbfa77,1136450,4701191.0,Abu Kamara,Abu Kamara,Hull City,8667.0,Hull City,8667.0,183.0,left,23.0,England,,LM,LM/RW/LW,True,Has joined Portsmouth permanently,601.0,1.1353754523031263,0.09682862016801629,0.5990016638935108,0.1450806409864378,0.2995008319467554,1.7475728155,0.7487520798668885,17.670549084858568,0.0,0.0,0.00046,0.7487520798668885,0.2995008319467554,0.1779,0.4492512479201331,0.0616966580976863,3.1447587354409317,0.8985024958402662,,1.6472545757071548,0.8985024958402662,0.0036,0.8981,0.347826,0.0,0.0,,0.95,0.66,0.4,,
553783,7dffa52c,1356264,4705079.0,Óscar Zambrano,Óscar Zambrano,Hull City,8667.0,Hull City,8667.0,176.0,right,22.0,Ecuador,,DM,DM,False,,393.0,0.6681525654507177,0.0788782464183923,0.1488549618320611,0.0330707268746754,0.14594234672894715,2.5190839695,1.504054054054054,23.335135135135136,0.2290076335877862,0.0,0.0,0.8216970998925887,0.3396226415094339,0.01842,0.6405405405405404,0.523117569352708,3.45,1.097445351593363,,0.5513513513513514,1.8320610687022905,0.01008,0.93267,0.5,0.0,0.0527027027027027,,0.95,0.66,0.4,,
169432,78b8ac63,509151,4701192.0,Oli McBurnie,Oli McBurnie,Hull City,8667.0,Hull City,8667.0,188.0,right,30.0,Scotland,,ST,ST,False,,90.0,0.8054040279958136,0.2329260365094627,0.8146209784045835,0.063067155823899,0.1498546863647372,0.9275163174,0.6454081632653061,10.376493805503785,0.247337684644452,0.0,0.0,0.4306051808843234,0.0656442865158032,0.283912,0.1941176470588235,0.1607532090094453,1.73134328358209,1.3560957506030802,,0.974,1.425339366515837,0.000815,1.0,0.685714,0.9,0.2871395680298212,,0.95,0.66,0.4,Championship,
213292,5529e983,656495,4701190.0,David Akintola,Babajide David,Hull City,8667.0,Hull City,8667.0,178.0,right,30.0,Nigeria,,RW,RW/AM/LW,True,Has joined Omonoia FC permanently,81.0,0.714855680532124,0.1527529171910428,0.3271692745376956,0.0774550814672398,0.1664265129682997,2.1556886228,0.743515850144092,11.33276661514683,0.7185628742514969,0.0,0.0,1.0853485064011377,0.2773775216138328,0.882353,0.217579250720461,0.0845953002610966,2.797297297297297,0.6657904618850918,,0.9943100995732574,2.2222222222222223,0.0024200000000000003,0.6,0.0,0.0,0.1091962905718701,,0.95,0.66,0.4,Championship,
500957,4fe1f01d,1197548,4701194.0,Enis Destan,Enis Destan,Hull City,8667.0,Hull City,8667.0,185.0,right,24.0,Turkiye,,ST,ST,True,Has joined Konyaspor permanently,17.0,1.3993805214120714,0.1798583184210987,0.7006920415224914,0.0344351780925357,0.2060561299852289,0.831408776,0.8205882352941176,8.503534111862326,0.8314087759815242,0.0,0.0,0.5860465116279069,0.1318874560375146,0.507325,0.1604779411764705,0.1621323529411765,1.8137428977272727,0.8592760180995476,,1.1729403409090908,2.4000000000000004,0.000815,1.0,0.0,0.0,0.2516902274124155,,0.95,0.66,0.4,Championship,
445028,a650c75b,915102,4707116.0,Hidemasa Morita,Hidemasa Morita,Hull City,8667.0,Hull City,8667.0,177.0,right,31.0,Japan,,DM,DM,True,Calf injury - Expected back 11 Oct,31.0,0.9149943954241861,0.0713408944493191,0.188130706391158,0.065175426559124,0.1174622356495468,2.4045801527,1.3333333333333337,26.518585675430646,0.1472191930207197,0.0,0.0,0.3524672708962739,0.0842828156703605,0.049315,0.5913642052565707,0.1957390146471371,3.829436877414109,0.7685714285714286,,0.4110646510131876,2.0119956379498363,0.01008,0.869565,0.217391,0.0,0.0652765185856754,,0.95,0.66,0.4,Primeira Liga,
108813,c666574f,512013,4701163.0,Christian Walton,Christian Walton,Ipswich Town,9902.0,Ipswich Town,9902.0,196.0,left,30.0,England,,GK,GK,False,,8730.0,1.0,,0.0,0.0005410999874584,0.01327,,0.0389,17.0,0.1088929219600726,0.0,0.0,0.02413,0.0,0.0,0.02098,0.0,8.00905,0.87818,,0.1289,0.02808,0.0,1.0,1.0,0.0,,1.3489900690688206,0.95,0.66,0.4,Championship,
112520,6ea97fd5,643228,4701147.0,Alex Palmer,Alex Palmer,Ipswich Town,9902.0,Ipswich Town,9902.0,183.0,right,29.0,England,,GK,GK,False,,11520.0,1.0,,0.0,0.0013176517614679,0.01327,,0.0389,24.1726618705036,0.0,0.0,0.0,0.02413,0.0,0.0,0.02098,0.0,8.00905,0.87818,,0.1289,0.02808,0.0,0.9,0.9,0.0,,1.595154492249918,0.95,0.66,0.4,Championship,
50093,e608ed4c,111027,,David Button,David Button,Ipswich Town,9902.0,Ipswich Town,9902.0,191.0,right,37.0,England,,GK,GK,False,,6570.0,1.0,,0.0,0.00207678209990263,0.01327,,0.0389,20.4,0.0,0.0,0.0014199999999999998,0.02413,0.0,0.0,0.02098,0.0,8.00905,0.87818,,0.1289,0.02808,0.0,0.9908,0.9837,0.0,,2.0968403775133364,0.95,0.66,0.4,,
183015,9f30e7ed,760398,4701153.0,Cédric Kipré,Cédric Kipré,Ipswich Town,9902.0,Ipswich Town,9902.0,196.0,right,29.0,Ivory Coast,,CB,CB/LB,False,,90.0,1.4545265581152487,0.027206403025687,0.0821501014198783,0.030665194726074,0.0438204982552949,1.1123986095,0.9019990808823533,29.732203775301343,0.3823870220162225,0.0,0.034736,0.1866022884037977,0.1315068493150685,0.138942,0.9367750739140324,0.634261058850968,3.046736411189448,3.129179104477612,,0.3953034794819785,1.5,0.018099999999999998,0.965517,0.965517,0.0,0.0395724357516488,,0.95,0.66,0.4,Championship,
216616,1d042188,789578,4701160.0,Dara O'Shea,Dara O'Shea,Ipswich Town,9902.0,Ipswich Town,9902.0,185.0,right,27.0,Ireland,,CB,CB,False,,90.0,0.9170251987070491,0.0411669898406203,0.1235117986739858,0.0235505840647152,0.0527222605099931,0.5434782609,0.864803780562975,36.79155672823219,0.0,0.0,0.0,0.0973414276742725,0.0710845080399518,0.108696,0.9261351962194372,0.8284364084651736,3.348893850213112,5.081891580161477,,0.5262405554421073,0.6000000000000001,0.018099999999999998,1.0,1.0,0.0,0.0377511670387659,,0.95,0.66,0.4,Championship,
455084,8574c61f,980381,4701162.0,Leif Davis,Leif Davis,Ipswich Town,9902.0,Ipswich Town,9902.0,183.0,left,26.0,England,,LB,LB,False,,90.0,1.1872024937367869,0.0405041623926534,0.1571908798596901,0.1580586030853354,0.2568327974276527,0.880959899,0.9941172171879568,19.69407942238267,0.1420903062835491,0.0,0.0,0.2876681275502494,1.4552707581227435,0.312895,0.7303785442852966,0.1670564162525577,2.9206137184115524,1.435130242381575,,0.7190872872147772,0.2,0.00878,1.0,0.857143,0.0,0.0480866425992779,,0.95,0.66,0.4,Championship,
449429,1f169636,1079103,4701156.0,Jacob Greaves,Jacob Greaves,Ipswich Town,9902.0,Ipswich Town,9902.0,193.0,left,25.0,England,,CB,CB/LB/LWB,False,,90.0,1.152881178516872,0.0389756059940642,0.1482308340353833,0.0317621010410541,0.0616763310490247,1.3623046875,1.3184364344861177,36.165124208475405,0.2197265625,0.0,0.0,0.1827295703454086,0.0600620796689084,0.043945,0.7306380905991233,0.5907208962493911,2.834396467124632,4.982175783650891,,0.704058764940239,0.5027932960893855,0.018099999999999998,0.956522,0.956522,0.0,0.044934242571846,,0.95,0.66,0.4,Championship,
222018,9319781b,770267,4701150.0,Ben Johnson,Ben Johnson,Ipswich Town,9902.0,Ipswich Town,9902.0,175.0,right,26.0,England,,RB,RB/LB/RW,True,Has joined Stoke City on loan for the rest of the season,90.0,0.8864238761781971,0.0396002358272892,0.2104208416833667,0.0547499209585554,0.2145,1.8149466192,1.6576875983907646,24.210869933864675,0.1067615658362989,0.0,0.0,0.7553881198528122,0.6192807548513442,0.0,0.8047187880898484,0.2905321782178217,4.22070544344582,2.4497389033942563,,0.5194928084784255,1.2857142857142856,0.00711,1.0,0.555556,0.0,0.0351025945395964,,0.95,0.66,0.4,Championship,
176420,3ec9195b,609733,4701157.0,Darnell Furlong,Darnell Furlong,Ipswich Town,9902.0,Ipswich Town,9902.0,183.0,right,30.0,England,,RB,RB/CB,False,,90.0,0.6634845253120764,0.0519671069948296,0.1223684210526315,0.0567734042855898,0.0710526315789473,1.0197628458,0.6657000000000001,21.23310412573673,0.2608695652173913,0.0,0.0,0.2013157894736842,0.249,0.023747,0.6924901185770752,0.2952,2.0372298624754426,2.3196226415094343,,0.8685,1.3517786561264822,0.00711,0.976744,0.883721,0.0,0.0344793713163064,,0.95,0.66,0.4,Championship,
501390,b6d1cf5c,1129081,4701145.0,Marcelino Núñez,Marcelino Núñez,Ipswich Town,9902.0,Ipswich Town,9902.0,173.0,right,26.0,Chile,,DM,DM/AM,False,,80.0,1.0341501859118498,0.0971035893252585,0.4084807159599404,0.105491737961046,0.1530542600386759,1.4509628303,1.522417852390214,28.146995598321222,0.161218092252575,0.0,0.0,0.5410887475232038,0.7911108795331387,0.0,0.3960076246955416,0.1446992976294995,3.155850138192241,0.5958466453674122,,0.5156665190434012,0.6338028169014085,0.01008,0.96,0.12,0.0,0.100419694953424,,0.95,0.66,0.4,Championship,
241117,a17a94d6,797594,4701144.0,Azor Matusiwa,Azor Matusiwa,Ipswich Town,9902.0,Ipswich Town,9902.0,173.0,right,28.0,Netherlands,,DM,DM/CM,False,,3861.0,0.9460635809301561,0.0207249737251965,0.088301378070701,0.0340542821701502,0.037159372419488,2.1212121212,1.6786843997124374,31.585821428571432,0.2331002331002331,0.0,0.0,0.3948340820170989,0.0259206798866855,0.023395,1.3464414090582315,0.3798616168973052,4.827857142857144,1.2736848299399788,,0.7928821470245041,1.1655011655011656,0.01008,0.955556,0.688889,0.0,0.0196071428571428,,0.95,0.66,0.4,Championship,
149929,b3fe23c6,421768,,Wes Burns,Wes Burns,Ipswich Town,9902.0,Ipswich Town,9902.0,173.0,right,31.0,Wales,,RW,RW,True,Has joined Leicester City permanently,310.0,1.1788282722901564,0.246280639402328,0.2903225806451613,0.06919950006469604,0.2032219727980985,0.7894736842,0.2903225806451613,26.709677419354836,0.0,0.0,0.0,0.8709677419354839,0.2903225806451613,0.20086,0.8709677419354839,0.2903225806451613,4.645161290322581,1.1612903225806452,,1.7419354838709677,1.7419354838709677,0.0024200000000000003,0.8975150000000001,0.25,0.0,0.2903225806451613,,0.95,0.66,0.4,,
231899,48eed8d5,789507,4701148.0,Jack Taylor,Jack Taylor,Ipswich Town,9902.0,Ipswich Town,9902.0,185.0,right,28.0,Ireland,,DM,DM/CM/AM,True,Knee injury - Unknown return date,2154.0,1.3676855902788239,0.0739214643369109,0.3659471365638765,0.0596517720348939,0.1072262205796537,1.6713091922,1.197679708826206,23.798854625550664,0.3760445682451254,0.0,0.0,0.5054680259499538,0.180722891566265,0.125465,0.7840470501746002,0.2040492629221869,4.007296329453895,1.0796517252499194,,0.7429955947136564,1.3370473537604457,0.01008,0.958333,0.291667,0.0,0.101101321585903,,0.95,0.66,0.4,Championship,
443261,e16932d8,914402,4701165.0,Jack Clarke,Jack Clarke,Ipswich Town,9902.0,Ipswich Town,9902.0,181.0,right,25.0,England,,LM,LM/RW/AM/LW,False,,19.0,1.3083674403361265,0.1112630149992735,0.548734336893449,0.1310229915510621,0.2002110261144816,1.7016806723,1.1776442913551204,17.14070913760252,0.1512605042016807,0.0,0.0,1.727359986645522,0.3980017376194613,0.037704,0.4276247401247401,0.0756998291496911,3.0024852953359287,0.8705564142194744,,1.4620992461270814,1.0465116279069768,0.0036,1.0,0.347826,0.75,0.2285229061386795,,0.95,0.66,0.4,Championship,
229164,788c0277,674009,4701164.0,Chiedozie Ogbene,Chiedozie Ogbene,Ipswich Town,9902.0,Ipswich Town,9902.0,181.0,right,29.0,Ireland,,CB,CB/RWB/RM/RW/AM,True,Has joined Lincoln City on loan until January,867.0,0.9273254889787986,0.1381377005757026,0.4496567505720824,0.0920563574735246,0.1799460835704658,1.3494809689,0.7394134575853091,13.819327158812312,0.0,0.0,0.0,1.368632525197494,0.330390920554855,0.312139,0.2070615034168565,0.0851653603517492,3.60698719694906,0.8839285714285714,,1.6280663286282036,0.72,0.018099999999999998,1.0,0.3,0.0,0.1280986107327703,,0.95,0.66,0.4,Championship,
531442,bceda5ff,1265626,4705077.0,Abdul Fatawu,Abdul Fatawu,Ipswich Town,9902.0,Ipswich Town,9902.0,177.0,left,22.0,Ghana,,RM,RM/RW/ST,False,,66.0,1.425186992035837,0.0837302643757064,0.4103645090154366,0.1629108268134782,0.3883545619963608,,1.153456998313659,14.181975403535745,0.1082598235765838,0.2521008403361344,0.0,2.085126825518832,0.8405073020753268,0.412844,0.4508070714834742,0.0893948655256723,3.277286702536511,1.0560453400503778,,1.27978478093774,2.5210084033613445,0.00368,0.976744,0.581395,0.0,0.1193312836279784,,0.95,0.66,0.4,Championship,
543968,ac24342e,1320949,4701198.0,Emersonn Correia da Silva,Emersonn,Ipswich Town,9902.0,Ipswich Town,9902.0,186.0,right,22.0,Brazil,,AM,AM/RW/ST/LW,False,,66.0,0.7562664272989003,0.3167591590761798,0.8774373259052926,0.0478956173740088,0.181747572815534,2.9032258065,1.013927576601671,8.036211699164346,0.0,0.0,0.0,0.6397968898762297,0.186287192755498,0.3002,0.2715682107947301,0.063700707785642,1.6128133704735377,0.9070025935531676,,0.7483338622659474,0.2803738317757009,0.003945,0.833333,0.166667,0.0,0.2395543175487465,,0.95,0.66,0.4,Ligue 1,
222625,78e87179,750033,4701169.0,George Hirst,George Hirst,Ipswich Town,9902.0,Ipswich Town,9902.0,191.0,right,27.0,Scotland,,ST,ST,True,Has joined Stoke City permanently,62.0,1.0475692917188413,0.2627798208011999,0.7235187149568117,0.0405399632388407,0.148964418481147,0.511605874,0.2608482069756017,6.633918042452829,0.255802936996684,0.0,0.0,0.2712086472322306,0.0749728359290112,0.42735,0.0855597443042124,0.1091245376078915,1.025501179245283,0.750700280112045,,0.6907864828004244,2.2375690607734806,0.000815,0.92,0.2,0.0,0.275280070754717,,0.95,0.66,0.4,Championship,
481624,19f4d211,1089645,4701158.0,Jaden Philogene,Jaden Philogene-Bidace,Ipswich Town,9902.0,Ipswich Town,9902.0,181.0,right,24.0,England,,LW,LW,False,,1996.0,1.4181015173821638,0.1556350219507702,0.742927127985303,0.0762383124349955,0.0996451383960255,1.6683366733,1.6662441144512856,14.022051773729627,0.1352705410821643,0.0,0.0,1.4526315789473685,0.3441243945959725,0.497738,0.6320661565045668,0.0412949273515167,3.304355716878403,0.4708301453710788,,1.3660617059891111,1.037074148296593,0.0024850000000000002,0.958333,0.208333,0.15,0.2372962607861936,,0.95,0.66,0.4,Championship,
172453,39944392,491827,4701155.0,Sam Szmodics,Sammie Szmodics,Ipswich Town,9902.0,Ipswich Town,9902.0,168.0,right,30.0,Ireland,,RM,RM/AM,True,Has joined Derby County on loan for the rest of the season,54.0,1.3207412361543927,0.2330879272806436,0.7777777777777779,0.0570767273543487,0.1417979610750695,3.375,0.6773910500146242,14.160610465116276,0.0,0.0,0.0,0.4073161112206666,0.2482503087690407,0.2167945,0.3345964768537484,0.0625995539980885,2.052892561983471,0.7085162423178228,,0.5980126467931347,0.1651376146788991,0.00368,0.904762,0.380952,0.0,0.3078488372093024,,0.95,0.66,0.4,Championship,
147675,e2b384d2,413158,4701167.0,Chuba Akpom,Chuba Akpom,Ipswich Town,9902.0,Ipswich Town,9902.0,183.0,right,30.0,England,,RW,RW/AM/LW/ST,False,,24.0,1.2259987079727082,0.3362417329011028,0.937053216838761,0.0539473722514277,0.0776193870277975,0.8126410835,0.5896302250803859,10.779984114376488,0.1015801354401805,0.0,0.0,0.6929258241758243,0.0659296750133191,0.2,0.1748908296943231,0.1258134490238611,1.5661239078633835,0.5334939759036145,,1.6113979348689436,1.3043478260869563,0.0024200000000000003,1.0,0.142857,0.0,0.4122319301032565,,0.95,0.66,0.4,Championship,
557012,25172468,1307961,4701166.0,Sindre Walle Egeli,Sindre Walle Egeli,Ipswich Town,9902.0,Ipswich Town,9902.0,,left,20.0,Norway,,RW,RW/AM/ST,False,,10.0,1.0323776918080314,0.1844028689010648,0.8113124171453823,0.0961542103625311,0.2232163080407701,1.4594594595,0.6060867688322902,11.400064752859915,0.1216216216216216,0.0,0.0,0.6767836919592299,0.4905029138786963,0.122117,0.195868316394167,0.0907632363052945,1.91538959637384,0.3375564475664827,,0.5722025652366209,9.0,0.0024200000000000003,0.888889,0.111111,0.0,0.1903734081588603,,0.95,0.66,0.4,Championship,
462387,8450467d,1113688,4701168.0,Ali Al-Hamadi,Ali Al Hamadi,Ipswich Town,9902.0,Ipswich Town,9902.0,187.0,right,24.0,Iraq,,CB,CB/ST,True,Has joined Sheffield Wednesday on loan for the rest of the season,181.0,1.037244126867698,0.3237392960744883,0.8796033994334277,0.0477049692821258,0.1441737985516787,1.4917127072,0.5375573394495412,7.643024513338139,0.0,0.0,0.0,0.8463035019455254,0.164550533265617,0.64133,0.0977488151658767,0.0745299910474485,1.8249819754866616,0.4587378640776699,,0.6678270428728472,0.4972375690607734,0.018099999999999998,1.0,0.0,0.0,0.3357966834895458,,0.95,0.66,0.4,League One,
461587,b2c66859,1113915,4701159.0,Kasey McAteer,Kasey McAteer,Ipswich Town,9902.0,Ipswich Town,9902.0,179.0,right,24.0,Ireland,,RB,RB/RWB/RW/AM,False,,24.0,0.8553071766620426,0.1659283242958912,0.5805860805860806,0.0790193989967797,0.1701219512195122,2.1951219512,1.5158366533864542,14.027130264446622,0.2124311565696302,0.0,0.0,0.5231040198922502,0.2942154255319149,0.635294,0.3669064748201439,0.1534883720930232,3.1001958863858965,0.8031547104580813,,1.097985347985348,1.6994492525570415,0.00711,0.928571,0.0,0.0,0.1419196865817825,,0.95,0.66,0.4,Championship,
232457,48a08f79,1198007,4701151.0,Anis Mehmeti,Anis Mehmeti,Ipswich Town,9902.0,Ipswich Town,9902.0,180.0,right,25.0,Albania,,CM,CM/AM/LW/ST,False,,3376.0,1.1361543393453044,0.1651158592206002,0.6189442919139138,0.095961999498763,0.1709167639400197,1.5462085308,0.9289045314562254,10.99754013464526,0.2665876777251185,0.0,0.0,1.0360391882435271,0.3791574279379158,0.748441,0.1297955754690563,0.0705684682161859,2.7689021232522,0.3700230813618003,,0.7157935887412041,1.0,0.00578,0.948718,0.564103,0.0,0.1875970999482133,,0.95,0.66,0.4,Championship,
546600,2577633c,1348497,4705078.0,Kayne van Oevelen,Kayne van Oevelen,Ipswich Town,9902.0,Ipswich Town,9902.0,199.0,both,22.0,Netherlands,,GK,GK,True,Has joined Valencia on loan for the rest of the season,5580.0,1.0,,0.0,0.0080444603917975,0.01327,,0.0389,23.39179235356016,0.0315678709224833,0.0,0.0,0.02413,0.0,0.0,0.02098,0.0,8.00905,0.87818,,0.1289,0.02808,0.0,1.0,0.96875,0.0,,1.655822740977916,0.95,0.66,0.4,Eredivisie,
442967,395451fc,728765,4707117.0,Daizen Maeda,Daizen Maeda,Ipswich Town,9902.0,Ipswich Town,9902.0,173.0,right,28.0,Japan,,LWB,LWB/LM/RW/AM/LW/ST,False,,80.0,0.9590368540979461,0.2305281105683716,0.5313253012048192,0.0899976744699627,0.1999458141425088,2.2040816327,0.9641760491299898,11.387410440122824,0.0,0.0,0.0,0.5705229793977813,0.2322913679380556,0.444758,0.3957424533240272,0.1174993723324127,1.868474923234391,0.5153209572802505,,0.5229453847496074,2.0610687022900764,0.00786,0.96875,0.75,0.0,0.2210849539406346,,0.95,0.66,0.4,Premiership,
522047,426dda23,1250485,,Tarik Muharemović,Tarik Muharemovic,Leeds United,8463.0,Leeds,8463.0,187.0,left,23.0,Bosnia and Herzegovina,,CB,CB/LB/CM,False,,90.0,1.128544724697046,0.0509486070539378,0.169299023957409,0.0114437866908839,0.061044912923923,0.3461538462,0.9646850044365572,35.67897071872228,0.0,0.0,0.063492,0.2128322639780018,0.06954820637099965,0.0,1.11960958296362,0.78038496791934,2.3366459627329195,6.288,,0.6269477543538038,0.4,0.018099999999999998,0.96875,0.96875,0.0,0.0574977817213842,,0.95,0.66,0.66,Serie A,
432987,12bb4d6a,1068920,4700684.0,Vitezslav Jaros,Vítezslav Jaros,Liverpool,8650.0,Liverpool,8650.0,187.0,right,25.0,Czechia,,GK,GK,True,Knee injury - Unknown return date,5040.0,1.0,,0.0,0.0020813832157536,0.01327,,0.0389,28.94736842105263,0.0526315789473684,0.0,0.0,0.02413,0.0,0.0,0.02098,0.0,8.00905,0.87818,,0.1289,0.02808,0.0,1.0,1.0,0.0,,1.6251593375685731,0.95,0.66,0.4,Eredivisie,
464353,fd08a24b,1236818,,Harvey Davies,Harvey Davies,Liverpool,8650.0,Liverpool,8650.0,190.0,left,22.0,England,,GK,GK,False,,4680.0,1.0,,0.0,0.0067631470806458,0.01327,,0.0389,40.3448275862069,0.1764705882352941,1.0344827586206895,0.0,0.02413,0.0,0.0,0.02098,0.0,8.00905,0.87818,,0.1289,0.02808,0.0,1.0,1.0,0.0,,1.412045807142087,0.95,0.66,0.4,League Two,
606702,cef70c94,1473534,4700695.0,Jeremy Jacquet,Jérémy Jacquet,Liverpool,8650.0,Liverpool,8650.0,188.0,right,21.0,France,,CB,CB,False,,70.0,0.38578582959826296,0.0569926860894167,0.14002828854314,0.0380846537851436,0.0753453327752197,1.4524805738,1.3815146579804558,38.98656351791531,0.08744,0.0,0.0,0.2947005601034038,0.2845849802371542,0.05386,1.117671009771987,0.5524678556615513,3.356677524429968,3.303210463733651,,0.7167150559933637,1.079136690647482,0.018099999999999998,0.92804,0.894737,0.0,0.021986970684039,,0.95,0.66,0.4,Ligue 1,
551499,f8b5680f,1553105,4700677.0,Victor Munoz,Víctor Muñoz,Liverpool,8650.0,Liverpool,8650.0,173.0,right,23.0,Spain,,RM,RM/LM/RW/AM/LW/ST,False,,27.0,1.1419776101745711,0.1246232379134392,0.63733241663802,0.0681647402636166,0.04047976011994,0.7421289355,0.4702646957717428,11.06978343073221,0.10119940029985,0.0,0.0,1.515984874527329,0.5012031625988311,0.169428,0.2598831213475421,0.3734439834024896,1.998624957029907,0.4047976011994003,,1.2189755929872803,1.7374517374517373,0.00368,0.967742,0.483871,0.0,0.1423169474046063,,0.95,0.66,0.4,La Liga,
514514,d77edba6,1364042,,Lewis Koumas,Lewis Koumas,Liverpool,8650.0,Liverpool,8650.0,,right,20.0,Wales,,RM,RM/RW/AM/LW/ST,False,,12.0,1.161975163832659,0.1159395965752148,0.3755765429387218,0.0471911887431065,0.0923507462686567,1.9134897361,1.146564721085505,6.332758992031015,0.0659824046920821,0.0,0.0,0.753004005340454,0.1625354107648725,0.324207,0.2348714069591528,0.0461720599842146,1.8920342330480584,0.7007415254237288,,0.5867823765020027,2.243401759530792,0.00368,0.818182,0.272727,0.0,0.1347189317251776,,0.95,0.66,0.4,Championship,
649208,4c168d3a,1677188,,Jeremy Monga,Jeremy Monga,Manchester City,8456.0,Man City,8456.0,179.0,,17.0,England,,RW,RW/LW,True,Has joined Swansea City on loan for the rest of the season,921.0,1.946486643802856,0.0276232988929704,0.1270358306188925,0.0492423710290013,0.0635179153094462,0.9771986971,0.6513761467889908,11.795955882352942,0.1954397394136807,0.0,0.0,1.7950367647058818,0.1905537459283388,0.19334,0.8999999999999999,0.0907632363052945,2.539522058823529,0.1663424124513618,,1.2242647058823528,1.5635179153094465,0.0024200000000000003,0.75,0.0,0.0,0.0537683823529411,,0.95,0.66,0.4,Championship,
554578,d94a8e1c,1438570,,Ewen Jaouen,Ewen Jaouen,Newcastle United,10261.0,Newcastle,10261.0,197.0,right,20.0,France,,GK,GK,False,Ankle injury - 50% chance of playing,5400.0,1.0,,0.0,0.00072137999814,0.01327,,0.0389,22.0,0.0588235294117647,0.0,0.0,0.02413,0.0,0.0,0.02098,0.0,8.00905,0.87818,,0.1289,0.02808,0.0,1.0,1.0,0.0,,1.3750000000000004,0.95,0.66,0.4,Ligue 2,
611665,93945a50,1624586,,Bazoumana Touré,Bazoumana Touré,Newcastle United,10261.0,Newcastle,10261.0,178.0,left,20.0,Ivory Coast,,LWB,LWB/RM/CM/LM/LW/ST,False,,45.0,1.225717817256603,0.1489286995512909,0.5536095685604443,0.1622452382192922,0.3086047013155057,1.125,1.106330669944683,15.560540872771972,0.0,0.0,0.0,1.5186104218362282,0.9547146401985112,0.311958,0.2710510141364474,0.0536246276067527,3.673017824216349,0.6952247191011236,,0.8374689826302729,2.0,0.00786,0.896552,0.344828,0.0,0.1825445605408727,,0.95,0.66,0.4,Bundesliga,
636852,7f1d94bf,1643770,,Sean Steur,Sean Steur,Newcastle United,10261.0,Newcastle,10261.0,,both,18.0,Netherlands,,DM,DM/CM/ST,False,,56.0,0.3075128308650012,0.0804924958022031,0.2799043062200957,0.0609665848033608,0.068351593625498,1.5859030837,0.81178834561286,26.33960396039604,0.158590308370044,0.0,0.0,0.4801980198019802,0.1312044429017702,0.0,0.2928874972042048,0.0732138646545626,2.595049504950496,0.5305997552019582,,0.416832669322709,0.4,0.01008,0.933333,0.133333,0.0,0.0247524752475247,,0.95,0.66,0.4,Eredivisie,
632794,6906ecb2,1695681,,Aladji Bamba,Aladji Bamba,Newcastle United,10261.0,Newcastle,10261.0,,right,20.0,France,,DM,DM/CM/LM,False,,14.0,1.0,0.0104952146670569,0.0883435582822085,0.1156115421735663,0.3533742331288343,3.6441717791,2.613800205973224,34.183316168898045,0.2208588957055214,0.0,0.0,1.149330587023687,0.1766871165644171,0.0,0.7415036045314108,1.3846153846153844,4.226570545829042,1.279093717816684,,1.3903192584963957,3.75,0.01008,0.4,0.1,0.0,0.0,,0.95,0.66,0.4,Ligue 1,
470551,cc8312b4,1186978,,Lukás Hornícek,Lukás Hornícek,Newcastle United,10261.0,Newcastle,10261.0,197.0,right,24.0,Czechia,,GK,GK,False,,6570.0,1.0,,0.0,0.0035995698999613,0.01327,,0.03465,22.0,0.05098,0.0,0.0,0.02413,0.0,0.0,0.02098,0.0,8.33404,0.86926,,0.1289,0.02808,0.0,0.9908,0.969697,0.0,0.0,1.4834649177678494,0.95,0.66,0.4,Primeira Liga,
470315,e79269bd,1155130,,Luca Netz,Luca Netz,Nottingham Forest,10203.0,Nottingham Forest,10203.0,184.0,left,23.0,Germany,,LB,LB/LWB/LM,False,,16.0,0.6245480502022676,0.0375662681401938,0.2319894249834765,0.1046971658148254,0.2126801152737752,3.0422535211,1.7314911366006258,26.52919708029197,0.0,0.0,0.0,0.7510791366906475,0.5550432276657061,0.0,0.7235611510791368,0.3496402877697842,3.960375391032326,2.952517985611512,,0.4422838960579813,1.267605633802817,0.00878,1.0,0.7,0.0,0.0234619395203336,,0.95,0.66,0.4,Bundesliga,
538638,3575e5eb,1524716,,Tyler Bindon,Tyler Bindon,Nottingham Forest,10203.0,Nottingham Forest,10203.0,188.0,right,21.0,New Zealand,,CB,CB,True,Has joined Charlton Athletic on loan for the rest of the season,96.0,0.8649075666495621,0.0368675375961355,0.0941460470730235,0.0125486294544553,0.0294016506189821,1.875,0.7282381094825008,25.0409143855562,0.0,0.0,0.044357,0.1260843553694286,0.0453553615960099,0.13307,0.6932396051450793,0.5001468860164512,2.45572838767574,4.9511092851273615,,0.4163924618606043,1.5555555555555554,0.018099999999999998,0.954545,0.909091,0.0,0.0318870122306348,,0.95,0.66,0.4,Championship,
204561,8f056768,620027,,Xaver Schlager,Xaver Schlager,Nottingham Forest,10203.0,Nottingham Forest,10203.0,174.0,left,28.0,Austria,,LB,LB/DM/CM,False,,16.0,1.1553285943224598,0.0394049916372002,0.1516039255895708,0.0861972117233004,0.0936369119420989,2.2594142259,2.09960255329399,40.54173190413104,0.0,0.0,0.0,0.7158828064764843,0.1462022537684765,0.097986,0.6074036766557542,0.1919232307077168,5.762254606768637,1.1899304134261155,,0.8306343601607208,0.9574468085106382,0.00878,0.952381,0.761905,0.0,0.0455257135974948,,0.95,0.66,0.4,Bundesliga,
616221,10b0c6f4,1636513,,João Victor de Souza Menezes,Souza,Tottenham Hotspur,8586.0,Spurs,8586.0,183.0,,20.0,Brazil,,LB,LB/LWB/RM,True,Has joined FC Porto on loan for the rest of the season,144.0,0.7512528273949622,0.0458223092695489,0.3368983957219251,0.0704538176471008,0.1948453608247423,,1.920395666509656,23.263068423289425,0.625,0.0,0.0,1.0555817239755063,0.6486104569006125,0.063649,1.2227613586237318,0.3201030927835052,3.052273693157671,2.690374331550802,,1.0059498512537186,1.875,0.00878,0.9375,0.5625,0.0,0.034424139396515,,0.95,0.66,0.4,Série A,
515046,013d348e,1186615,4701093.0,Melker Ellborg,Melker Ellborg,Sunderland,8472.0,Sunderland,8472.0,191.0,,23.0,Sweden,,GK,GK,False,,1440.0,1.0,,0.0,0.0062155295163393,0.01327,,0.0389,15.333333333333332,0.0,0.0,0.0,0.02413,0.0,0.0,0.02098,0.0,8.00905,0.87818,,0.1289,0.02808,0.0,1.0,1.0,0.0,,1.7919422730006012,0.95,0.66,0.4,Allsvenskan,
93605,e162b013,277771,4702981.0,Thomas Meunier,Thomas Meunier,Sunderland,8472.0,Sunderland,8472.0,190.0,right,34.0,Belgium,,RB,RB/RM,False,,90.0,0.6009358940362343,0.0497067344440464,0.3137281292059219,0.1029243680653233,0.2328744402056726,1.4210526316,1.319283106538334,31.601062064387666,0.0,0.0,0.0,0.4294319121294437,0.4014221073044603,0.09429,0.885878891885266,0.2025472981328058,3.515765018254231,1.982348426707598,,0.1518560179977502,0.6766917293233082,0.00711,1.0,0.761905,0.0,0.0298705609027547,,0.95,0.66,0.4,Ligue 1,
536661,a9b9d89c,1287010,4701114.0,Nilson Angulo,Nilson Angulo,Sunderland,8472.0,Sunderland,8472.0,182.0,right,23.0,Ecuador,,LWB,LWB/RM/LM/RW/LW,False,,59.0,1.297730750453367,0.0997125937810733,0.3971244422409518,0.1085509106463276,0.2292619203135205,0.8256880734,1.9031440162271809,14.95240456122955,0.0,0.0,0.0,1.552801189885969,0.5131383242439266,0.473435,0.4927536231884057,0.0832632464255676,3.034209221616261,1.0058262711864407,,1.1913733267228557,1.1320754716981132,0.00786,1.0,0.636364,0.0,0.129400099157164,,0.95,0.66,0.4,Pro League,
690838,2a376f12,1729841,,Brian Madjo,,Aston Villa,10252.0,,,,,,,,ST,,True,Unspecified injury - Unknown return date,157.0,1.0,0.2002356671223974,0.5732484076433121,0.0009516553929562,0.18181818181818182,,0.5995734741545649,5.732484076433121,0.0,0.0,0.0,0.626798418972332,0.098984771573604,1.719745,0.18077639977196763,0.1078415813759738,2.2929936305732483,1.1464968152866242,,1.719745222929936,1.719745222929936,0.000815,0.5,0.0,0.0,0.0,,0.95,0.66,0.4,Ligue 1,
494928,cc6de655,1158512,,Juanlu Sánchez,,AFC Bournemouth,8678.0,,,,,,,,RW,,False,,1993.0,0.9787664636857695,0.0522333592862483,0.1261992619926199,0.0625533447889908,0.0948616600790513,2.8449573507,1.897988165680473,16.621775147928993,0.2257902659307576,0.0,0.0,0.707766990291262,0.3706508875739645,0.180905,0.5304142011834319,0.1301832208293153,2.9715976331360947,0.668280871670702,,0.7668639053254438,1.0386352232814853,0.0024200000000000003,0.782609,0.391304,0.0,0.0511242603550295,,0.95,0.66,0.4,La Liga,
498444,63c5e56b,988805,,Pep Chavarría,,Chelsea,8455.0,,,,,,,,LB,,False,,25.0,0.6080602118349924,0.0210243832111812,0.0841230689341814,0.0536093902050994,0.0917475728155339,1.8127564342,1.088778409090909,21.92258522727273,0.134278254382693,0.0,0.0,0.3416873449131514,0.4086848635235732,0.100671,0.5923295454545455,0.2368735876644955,2.8934659090909087,1.802942487739634,,0.7052556818181819,1.2980769230769231,0.00878,1.0,0.896552,0.0,0.0127840909090909,,0.95,0.66,0.4,La Liga,
549653,9cd23b05,1292100,,Norman Bassette,,Coventry City,8669.0,,,,,,,,ST,,True,Has joined KVC Westerlo on loan for the rest of the season,495.0,1.9853088797674698,0.366327242417769,1.8181818181818183,0.041898892684416336,0.18181818181818182,,0.3977900552486187,10.0,0.18181818181818182,0.0,0.0,0.36363636363636365,0.1923524280314044,0.507325,0.1163793103448275,0.2559241706161136,2.0,1.2727272727272727,,1.8181818181818183,3.454545454545454,0.000815,0.91773,0.28125,0.0,0.7272727272727273,,0.95,0.66,0.4,,
661888,d40ce7b0,1615927,,Caleb Yirenkyi,,Coventry City,8669.0,,,,,,,,CM,,False,,62.0,0.8022248476756167,0.0561876453207386,0.1838658983761131,0.0659900049808029,0.1363292097955061,0.5,0.9991652754590984,34.78672787979966,0.0,0.0,0.0,0.5229835212489159,0.05,0.24101,0.7249582637729549,0.1541755888650963,4.267111853088481,1.5138739513873951,,0.7337380745880312,3.045112781954887,0.00578,0.966667,0.866667,0.0,0.0450751252086811,,0.95,0.66,0.4,Danish Superliga,
196100,eebacc07,775355,,Gustavo Hamer,,Coventry City,8669.0,,,,,,,,AM,,False,,8.0,1.1585589113933363,0.10112868834596,0.5513342011064107,0.1478340862149163,0.2969934001466634,1.1510791367,1.2044406697403542,21.275732651920464,0.4316546762589928,0.0,0.0,0.7592756183745585,0.8372594426255692,0.144,0.6326711171881284,0.1554837271511369,4.139942505789348,0.4791061046511627,,0.6384889176508655,1.5467625899280577,0.003945,0.925926,0.62963,0.25,0.1448135430807314,,0.95,0.66,0.4,Championship,
223723,b3af9be1,664444,,Takehiro Tomiyasu,,Crystal Palace,9826.0,,,,,,,,CB,,False,Calf injury - 75% chance of playing,18.0,0.6683928586900368,0.074269911127114,0.2220916568742656,0.0521417075786913,0.1373092926490984,0.9782608696,1.6679536679536682,37.33163265306122,0.05299,0.0,0.0,0.3423768799764081,0.3722786647314948,0.0,1.237082500713674,0.4125736738703339,3.883204633204633,3.3647727272727272,,0.506137596345989,0.9473684210526316,0.018099999999999998,0.96718,0.0,0.0,0.0496414782129067,,0.95,0.66,0.4,Eredivisie,
463210,5cc3ce65,1281452,,Shea Charles,,Fulham,9879.0,,,,,,,,DM,,False,,23.0,0.6525021751519375,0.0542499802092658,0.2056583242655059,0.0692563476933244,0.1014226342710997,2.1070234114,1.5125332320546905,29.86504424778761,0.03151,0.0,0.0,0.4549463190184049,0.6025226390685641,0.0,0.9482623975009764,0.2973794151158374,3.82747005988024,1.2196100917431194,,1.1133849557522124,0.2960526315789473,0.01008,0.96179,0.772727,0.0,0.0353982300884955,,0.95,0.66,0.4,Championship,
494950,42d4be51,1184696,,Harvey Cartwright,,Hull City,8667.0,,,,,,,,GK,,True,Has joined Grimsby Town on loan for the rest of the season,1117.0,1.0,,0.0,0.0011228837086501,0.01327,,0.0389,20.0,0.0,0.0,0.0014199999999999998,0.02413,0.0,0.0,0.02098,0.0,8.00905,0.87818,,0.1289,0.02808,0.0,0.9908,0.9837,0.0,,2.15,0.95,0.66,0.4,,
534392,dab84ad2,1293027,,Mason Burstow,,Hull City,8667.0,,,,,,,,ST,,True,Has joined Sheffield Wednesday on loan for the rest of the season,335.0,0.5439808549218463,0.4938716390239659,1.6119402985074627,0.14771512729018482,0.26865671641791045,,1.0746268656716418,14.776119402985074,0.0,0.0,0.0,0.26865671641791045,0.1044107512060647,0.507325,0.26865671641791045,0.26865671641791045,0.8059701492537313,1.0746268656716418,,1.6119402985074627,1.3432835820895521,0.000815,0.91773,0.28125,0.0,0.26865671641791045,,0.95,0.66,0.4,,
473284,9052e98c,1072068,,Konstantinos Tzolakis,,Hull City,8667.0,,,,,,,,GK,,False,,,1.0,,0.0,0.0051139664465644,0.01327,,0.0389,8.110269146015249,0.0,0.0,0.0014199999999999998,0.02413,0.0,0.0,0.02098,0.0,8.00905,0.87818,,0.1289,0.02808,0.2,0.9908,0.9837,0.0,,2.15,0.95,0.66,0.4,Super League,
552946,c232eadd,1377949,,Jens Hjertø-Dahl,,Hull City,8667.0,,,,,,,,CM,,False,,1202.0,1.2913712714057244,0.1160481442566379,0.45790934320074,0.0874241668498143,0.1100792751981879,1.2728785358,1.1953125,17.28399629972248,0.0748752079866888,0.0,0.0,0.7822265625,0.1345914189068898,0.034938,0.5044203502919099,0.1711426188490408,2.759765625,0.8793486306439673,,0.73828125,0.5990016638935108,0.00578,1.0,0.633333,0.0,0.1498612395929694,,0.95,0.66,0.4,Eliteserien,
608227,ff11bdec,1272349,,Elliot Stroud,,Hull City,8667.0,,,,,,,,LM,,False,,71.0,2.196724060036573,0.0789585973609213,0.4805154955507824,0.1366647176448773,0.1159864989260509,3.6666666667,1.6964692482915718,17.815489749430526,0.0,0.0,0.0,0.6252847380410023,1.0096810933940774,0.095592,0.3587699316628702,0.0662779993863148,3.105922551252847,1.2095671981776763,,0.845044492175514,2.134387351778656,0.0036,1.0,0.904762,0.1,0.1845102505694761,,0.95,0.66,0.4,Allsvenskan,
597462,6f808c85,1686118,,Lucas Herrington,,Hull City,8667.0,,,,,,,,CB,,False,,26.0,1.5311629521401944,0.0239208530299337,0.0985401459854014,0.0208788073575046,0.070542129327237,1.2344872632,0.6877684829301378,36.29708342753786,0.2351404310907903,0.0,0.0,0.0438845997561966,0.3,0.066667,0.5168437711960208,0.5778883111010626,1.880171829075288,3.3602362204724403,,0.2936233316856154,0.4568527918781725,0.018099999999999998,1.0,1.0,0.0,0.036626723943025,,0.95,0.66,0.4,MLS,
606930,7e64e657,1428427,,Nobel Mendy,,Hull City,8667.0,,,,,,,,CB,,False,,64.0,1.5680580691589323,0.0515180880874522,0.2100145843461351,0.0058345333866847,0.0299334811529933,1.3470066519,1.0021748586341888,25.47613219094247,0.3492239467849224,0.0,0.0,0.08980044345898,0.06954820637099965,0.050083,0.7855361596009974,0.8474422815753734,2.093023255813953,4.707466340269279,,0.39147455415398,1.067193675889328,0.018099999999999998,0.863636,0.545455,0.0,0.0807833537331701,,0.95,0.66,0.4,La Liga,
216055,881cd6be,793255,,Florentino Ibrain Morris Luís,,Ipswich Town,9902.0,,,,,,,,DM,,False,,2112.0,0.3177112784319734,0.0334643901484768,0.090304778627869,0.0286699718593829,0.0395411276543812,3.8352272727,2.567631423508565,34.43177790903721,0.11192,0.0,0.0,0.2831802343997466,0.040586245772266,0.042755,1.5806261075014767,0.2136391068195534,3.983461311281749,1.3388638920134983,,0.3005431502715752,1.7045454545454546,0.01008,0.93223,0.36,0.0,0.0106320141760189,,0.95,0.66,0.4,Premier League,
445087,2bef2bca,921253,,Ronald Araujo,,Liverpool,8650.0,,,,,,,,CB,,False,,20.0,0.7570719904390752,0.0640785453462633,0.1717693836978131,0.025900881996036,0.0728990887613904,1.78133836,0.9097994269340972,36.006064008983714,0.08744,0.0,0.0,0.2695984703632887,0.042665262048986,0.0,0.4135970626554542,0.4113700966458214,2.431990924560408,2.2045929018789145,,0.3393955603102434,0.631578947368421,0.018099999999999998,0.92804,0.636364,0.0,0.0485120718697361,,0.95,0.66,0.4,La Liga,
106921,625c144a,245555,,Gerónimo Rulli,,Manchester City,8456.0,,,,,,,,GK,,False,,,1.0,,0.0,0.0010450313528287,0.01327,,0.0389,18.96085088691796,0.1034482758620689,0.0,0.0,0.02413,0.0,0.0,0.02098,0.0,8.00905,0.87818,,0.1289,0.02808,0.0,1.0,1.0,0.0,,2.15,0.95,0.66,0.4,Ligue 1,
568420,394be156,1425182,,Ousmane Diomande,,Nottingham Forest,10203.0,Nottingham Forest,,,,,,,CB,,False,,60.0,1.087915487577605,0.0365010462949437,0.1240029006526468,0.0157753946450402,0.034416826003824,,0.8603844941695556,40.271667191931925,0.08499,0.0,0.0,0.1958624395486297,0.06954820637099965,0.0,0.5597226599432713,0.2645099904852521,2.970690198550267,2.159007352941176,,0.4116554446250289,1.646341463414634,0.018099999999999998,0.97,0.866667,0.0,0.0397100535770564,,0.95,0.66,0.4,Primeira Liga,
487992,ae9898c5,1051097,,Matteo Ruggeri,,Aston Villa,10252.0,,,,,,,,LB,,False,,113.0,0.4575995800427127,0.02094690267622998,0.1099185788304959,0.010511195864033911,0.1693960017014036,,1.592920353982301,40.61946902654867,0.0,0.0,0.0,0.7964601769911505,0.9328621908127208,0.0,4.778761061946903,0.157008773719649,8.761061946902656,6.371681415929204,,0.7964601769911505,1.0551263793103447,0.00878,1.0,1.0,0.0,0.0,,0.95,0.66,0.4,Premier League,
433969,51e1f4f5,1053679,,Zion Suzuki,,Aston Villa,10252.0,,,,,,,,GK,,False,,9180.0,1.0,,0.0,0.002950645051896572,0.01327,,0.0389,25.25,0.0,0.0,0.0,0.02413,0.0,0.0,0.02098,0.0,8.00905,0.87818,,0.1289,0.02808,0.0,1.0,1.0,0.0,,1.6100075464550705,0.95,0.66,0.4,Premier League,
571380,34a7127c,1553189,,Luka Lynch,,Aston Villa,10252.0,,,,,,,,LB,,True,Has joined Oxford United on loan until January,61.0,1.0,,0.6674157303370786,,0.1820224719101123,,1.0314606741573034,11.406741573033708,0.1127,0.0,0.0,0.9101123595505616,0.546067415730337,0.07956,0.1820224719101123,0.2539750752041255,2.2449438202247194,0.4247191011235955,,2.730337078651685,1.0112359550561798,0.00878,0.9361,0.677419,0.0,0.2426966292134831,,0.95,0.66,0.4,,
214590,9e525177,760320,,Aaron Wan-Bissaka,,Aston Villa,10252.0,,,,,,,,RB,,False,,152.0,0.7105047896873226,0.0321580361197535,0.1174903423471426,0.04331996958506735,0.1217159960093116,,5.328947368421052,43.223684210526315,0.0,0.0,0.0,1.1842105263157894,0.410368519675203,0.0,2.9605263157894735,0.5921052631578947,0.5921052631578947,3.552631578947368,,0.5921052631578947,0.5921052631578947,0.00711,0.5,0.5,0.0,0.0,,0.95,0.66,0.4,Premier League,
119090,cc86b9a3,343748,,Leon Goretzka,,Aston Villa,10252.0,,,,,,,,DM,,True,Knee injury - Expected back 10 Oct,97.0,0.9677711467819973,0.1721998792980671,0.5453940066592674,0.1285527632568442,0.2402234636871509,,1.4210526315789471,48.88222996515679,0.14162,0.0,0.0,0.3711928934010152,0.1139240506329113,0.09245,1.1262319561971132,0.3189637305699481,4.918865107018417,1.3860369609856262,,0.5949935815147626,1.35283,0.01008,0.8,0.4,0.0,0.1666500746640119,,0.95,0.66,0.4,Bundesliga,
523700,03edb878,1253827,,Daniel Jebbison,,Bournemouth,8678.0,,,,,,,,ST,,False,,31.0,0.7210669993414415,0.2351158255541555,0.55828125,0.061384622594209,0.1638,,0.5843797856049004,5.975081578166716,0.07524,0.0,0.0,0.3744221879815099,0.0527179006560449,0.492048,0.277166739991201,0.0581222056631892,1.6633046573717003,1.1718092566619915,,0.9965256797583084,1.4084779222510058,0.000815,0.863636,0.136364,0.0,0.1695342628300207,,0.95,0.66,0.4,Championship,
230650,4e0c8d66,766062,,Michele Di Gregorio,,Bournemouth,8678.0,,,,,,,,GK,,False,,16830.0,1.0,,0.0,0.00017955000512301922,0.01327,,0.0389,16.2,0.0,0.0,0.0,0.02413,0.0,0.0,0.02098,0.0,8.00905,0.87818,,0.1289,0.02808,0.0,1.0,1.0,0.0,,1.7812270225998508,0.95,0.66,0.4,Serie A,
613804,bd5eb2e5,1451265,,El Hadji Malick Diouf,,Brentford,9937.0,,,,,,,,LB,,False,,39.0,0.5932636101594154,0.0391744919433322,0.169097651421508,0.0853647855719622,0.1779975278121137,,1.230951254141032,20.48289218850872,0.1127,0.0,0.0,0.7556603773584907,0.936895439889452,0.066494,0.9343907714491708,0.3523584905660377,3.765987025023168,3.703858185610011,,0.8211599126425625,1.0551263793103447,0.00878,1.0,0.8,0.0,0.0232408005164622,,0.95,0.66,0.4,Premier League,
538007,dbe19468,1252132,,Promise David,,Brighton and Hove Albion,10204.0,,,,,,,,ST,,False,,23.0,1.1627210487536128,0.3750885463758713,1.0176211453744493,0.0512089574235667,0.1413201512067461,,0.254843517138599,5.458149779735682,0.07524,0.0,0.0,0.3353204172876303,0.1399568034557235,1.442886,0.1388174807197943,0.0277492291880781,1.4140969162995596,0.8516028955532575,,0.5750507099391481,1.5,0.000815,0.941176,0.352941,0.0,0.4361233480176212,,0.95,0.66,0.4,Pro League,
612855,acdfe835,1215410,,Ibrahim Osman,,Brighton and Hove Albion,10204.0,,,,,,,,LW,,False,,40.0,0.7171341438775255,0.1864657140845819,0.5921926910299005,0.1073223097967834,0.1945992696521238,,0.90531561461794,10.283222591362126,0.08684,0.0,0.0,1.528239202657807,0.1044389364578639,0.455927,0.2480857580398162,0.0264187866927592,2.5,0.3533834586466166,,1.268272425249169,1.1320754716981132,0.0024850000000000002,0.692308,0.153846,0.0,0.1337209302325581,,0.95,0.66,0.4,Championship,
512123,576817b7,1178324,,Jaouen Hadjam,,Brighton and Hove Albion,10204.0,,,,,,,,LB,,False,,189.0,1.1214992459565976,0.03057142666407994,0.2857142857142857,0.01883116364479065,0.1803005008347245,,0.857142857142857,18.0,0.0,0.0,0.0,1.9999999999999998,0.5714285714285714,0.0,1.714285714285714,0.1477784932388924,6.285714285714286,2.2857142857142856,,0.857142857142857,3.333333333333333,0.00878,0.928571,0.428571,0.0,0.0,,0.95,0.66,0.4,Super Lg,
627221,78430598,1524069,,Sidiki Cherif,,Coventry City,8669.0,,,,,,,,ST,,False,,30.0,0.8916014977182741,0.1870082570879083,0.7275789473684212,0.024681921441304,0.0947368421052631,,0.5485415759686547,8.382315789473683,0.07524,0.0,0.0,0.5381052631578948,0.0969044414535666,0.855661,0.308457711442786,0.2581967213114754,1.909894736842105,0.1094527363184079,,1.0231578947368425,1.4084779222510058,0.000815,0.857143,0.142857,0.0,0.1667368421052631,,0.95,0.66,0.4,Ligue 1,
79602,68db6358,189103,,Dan Bentley,,Coventry City,8669.0,,,,,,,,GK,,False,,2790.0,1.0,,0.0,0.0025557600893080235,0.01327,,0.0389,19.0,0.0,0.0,0.0,0.02413,0.0,0.0,0.02098,0.0,8.00905,0.87818,,0.1289,0.02808,0.0,1.0,1.0,0.0,,1.5258408531583265,0.95,0.66,0.4,Premier League,
570794,638ddf68,1477878,,Anan Khalaili,,Crystal Palace,9826.0,,,,,,,,RWB,,False,,380.0,1.045150519173409,0.2266105225211696,0.23684210526315788,0.07601307646224373,0.2474226804123711,,4.973684210526316,27.473684210526315,0.23684210526315788,0.0,0.0,1.4210526315789473,0.23684210526315788,0.236842,1.4210526315789473,0.47368421052631576,6.157894736842105,3.552631578947368,,0.23684210526315788,0.9473684210526315,0.004855,1.0,0.75,0.0,0.23684210526315788,,0.95,0.66,0.4,Premier League,
559152,bc2eb719,1455818,,Zavier Gozo,,Crystal Palace,9826.0,,,,,,,,RM,,False,,28.0,1.1554461087985044,0.1447701032565463,0.6217440543601359,0.0985805205571572,0.179960008886914,,1.5405705816969248,9.426384839650147,0.1082598235765838,0.0,0.0,1.1721404303510758,0.2479433709584847,0.490018,0.3542274052478133,0.0574162679425837,2.263119533527697,0.5727754861520329,,0.5510204081632654,1.3846153846153846,0.00368,1.0,0.615385,0.0,0.1672740524781341,,0.95,0.66,0.4,MLS,
547686,45c427ff,1399943,,Luc De Fougerolles,,Fulham,9879.0,,,,,,,,CB,,True,has joined  Real Salt Lake on loan for the rest of the seaon.,67.0,1.0,0.053194029562508884,0.15215869329314663,0.074679984975217,0.0326283987915407,,1.3432835820895521,120.89552238805972,0.0,0.0,0.0,0.2475644699140401,0.0652567975830815,0.02817,2.6865671641791042,0.5442970822281167,1.3432835820895521,8.059701492537313,,1.3670886075949364,0.9328678839957035,0.018099999999999998,0.9576100000000001,0.8532,0.0,0.0,,0.95,0.66,0.4,,
469266,3cd7820a,1137106,,Lucas Gourna-Douath,,Hull City,8667.0,,,,,,,,DM,,False,,139.0,1.0,0.021949640388111417,0.0851110622388387,0.01694329002563902,0.0966442953020134,,3.237410071942446,22.66187050359712,0.6474820143884893,0.0,0.0,0.6474820143884893,0.0983922829581993,0.0,1.2949640287769786,1.2949640287769786,4.532374100719425,0.6474820143884893,,0.6474820143884893,1.2949640287769786,0.01008,1.0,0.0,0.0,0.0,,0.95,0.66,0.4,Premier League,
490884,f8405304,1180718,,Mohamed-Ali Cho,,Hull City,8667.0,,,,,,,,RW,,False,,72.0,0.9718394045654979,0.138330557469285,0.6374738311235171,0.1313081738291447,0.3406209810766121,,0.7348760330578512,13.311933894803753,0.090055,0.0,0.0,1.0938735177865613,0.488479262672811,0.269946,0.2514903129657228,0.0651387213510253,2.7802320038137616,0.2420788693868247,,1.447322421738439,1.206896551724138,0.0024200000000000003,0.95,0.2,0.0,0.1344350866041633,,0.95,0.66,0.4,Ligue 1,
572584,d028b5e5,1343053,,Abdoul Ouattara,,Ipswich Town,9902.0,,,,,,,,RB,,False,,131.0,1.2009527715460202,0.011748092121067848,0.6870229007633587,0.021669390035494594,0.1615798922800718,,2.748091603053435,61.145038167938935,0.0,0.0,0.0,0.3646809797399455,0.1489208633093525,0.0,2.0610687022900764,0.0543806646525679,9.618320610687023,2.748091603053435,,0.3710065269666781,1.0706706281833616,0.00711,1.0,1.0,0.0,0.0,,0.95,0.66,0.4,Premier League,
524180,6068431b,1287056,,Cameron Humphreys,,Ipswich Town,9902.0,,,,,,,,DM,,True,Has joined Huddersfield Town on loan for the rest of the season,270.0,1.459624540461784,0.0890333354473114,0.2758941012540641,0.16265412171681723,0.6666666666666667,,1.3333333333333335,42.0,0.0,0.0,0.0,1.6666666666666665,1.6666666666666665,0.01842,0.33333333333333337,0.1569767441860465,5.0,2.0,,5.0,1.0,0.01008,0.93267,0.5,0.0,0.0,,0.95,0.66,0.4,,
218543,e82adcab,693599,,Exequiel Palacios,,Ipswich Town,9902.0,,,,,,,,DM,,False,,277.0,1.8559553472361228,0.0572541687697545,0.3320496894409938,0.031164499396451543,0.2055078881815665,,2.9241877256317688,58.48375451263538,0.0,0.0,0.0,0.5649667961408344,0.1311787072243345,0.0,1.9494584837545126,0.6498194945848376,7.472924187725631,1.2996389891696751,,1.9494584837545126,1.6245487364620939,0.01008,1.0,0.333333,0.0,0.0,,0.95,0.66,0.4,Premier League,
173774,48035304,517346,,Nico Elvedi,,Leeds United,8463.0,,,,,,,,CB,,False,,326.0,1.01930029202402,0.032466258053764976,0.27607361963190186,0.1624000218748315,0.5521472392638037,,0.5521472392638037,45.8282208588957,0.0,0.0,0.0,0.0875202593192868,0.0490196078431372,0.0,1.1042944785276074,1.3803680981595092,2.208588957055215,4.969325153374233,,0.5521472392638037,0.27607361963190186,0.018099999999999998,1.0,1.0,0.0,0.0,,0.95,0.66,0.4,Premier League,
643970,2444cd03,1797582,,Jayden Lienou,,Leeds United,8463.0,,,,,,,,LB,,False,,270.0,1.0,,0.0841558441558441,,0.2,,1.2,35.4,0.0,0.0,0.0,0.2,0.4,0.0,0.2,0.1402597402597402,3.2,1.7999999999999998,,0.6,0.6666666666666667,0.00878,0.947368,0.894737,0.0,0.0,,0.95,0.66,0.4,PL2,
592740,67cc36ba,1559625,,Alfie Cresswell,,Leeds United,8463.0,,,,,,,,DM,,False,,90.0,1.0,,0.6,,0.6,,0.6,24.599999999999998,0.0,0.0,0.0,0.6,0.6,0.0,0.559207564160288,0.4862674470959026,4.2,1.2,,1.2,3.0,0.01008,1.0,0.941176,0.0,0.0,,0.95,0.66,0.4,PL2,
637238,8006228f,1561552,,Ayyoub Bouaddi,,Manchester City,8456.0,,,,,,,,DM,,False,,22.0,1.0,0.0357027893443692,0.11856550378141,0.0459867356797694,0.1164758586361373,,1.90768094534712,28.83073011260443,0.14162,0.0,0.0,0.8308714918759232,0.0999167360532889,0.0,0.6547267355982276,0.1898370086289549,4.125681075190702,0.8799590478628102,,0.7247637051039697,1.35283,0.01008,0.892857,0.571429,0.0,0.0,,0.95,0.66,0.4,Ligue 1,
554054,dd1bd054,1682403,,Kaden Braithwaite,,Manchester City,8456.0,,,,,,,,CB,,False,,1.0,1.0,,0.2114882506527414,0.0222385505116299,0.6352941176470588,,1.341948310139165,45.83063748810656,0.11871999999999999,0.0,0.0,0.5112426035502958,0.1409921671018277,0.0,0.8333333333333335,0.2819843342036554,2.877259752616556,1.1528089887640447,,0.3495145631067962,0.9328678839957035,0.018099999999999998,1.0,0.75,0.0,0.1027592768791627,,0.95,0.66,0.4,PL2,
463726,bc6e544a,958010,,Amar Dedic,,Newcastle United,10261.0,,,,,,,,RB,,True,Unspecified injury - Unknown return date,328.0,0.7993026946429278,0.038689025109860956,0.2368908081431215,0.023938112369761233,0.2094278517452321,,2.1951219512195124,26.890243902439025,0.0,0.0,0.0,1.0975609756097562,0.823170731707317,0.0,0.27439024390243905,0.5487804878048781,4.115853658536586,3.567073170731707,,1.0975609756097562,1.646341463414634,0.00711,0.75,0.75,0.0,0.0,,0.95,0.66,0.4,Premier League,
638411,2016b059,1664716,,Dayann Méthalie,,Sunderland,8472.0,,,,,,,,LWB,,False,,90.0,1.0,0.02690000087022781,0.2659675881792183,0.008933519944548607,0.1286939942802669,,1.0,35.0,1.0,0.0,0.0,3.0,0.3403361344537815,0.0,0.9415947181310312,0.1134453781512604,4.0,2.0,,0.4662265109192482,1.0,0.00786,1.0,1.0,0.0,0.0,,0.95,0.66,0.4,Premier League,
696104,f470e8d1,1811265,,Jules Ahoka,,Sunderland,8472.0,,,,,,,,DM,,False,,180.0,1.0,0.07557000517845154,0.2726333907056799,0.13443536460399627,0.3,,2.4,24.3,0.0,0.0,0.0,0.3,0.3,0.0,1.2,0.3,9.299999999999999,0.6,,0.8999999999999999,3.5,0.01008,1.0,1.0,0.0,0.0,,0.95,0.66,0.4,Pro League,
245719,47327321,966021,,Taylor Harwood-Bellis,,Aston Villa,10252.0,,,,,,,,CB,,False,,90.0,1.1164079819510742,0.321944996714592,0.208740398239988,0.023156770318746567,0.0881400370141888,,1.3,48.75,0.0,0.0,0.023077,0.0830525348445397,0.0379077959871343,0.046154,0.8656483564327697,1.3,4.55,2.6,,1.3,0.9328678839957035,0.018099999999999998,1.0,1.0,0.0,0.0,,0.95,0.66,0.4,Championship,
638987,201b4ee4,1593857,,Ibrahim Mbaye,,Aston Villa,10252.0,,,,,,,,RW,,False,,33.0,0.7716421409929771,0.2491522061530356,0.925233644859813,0.1269479913410739,0.3124165554072096,,1.0543933054393306,32.11882510013352,0.090055,0.0,0.0,1.3938584779706276,0.3562822719449225,0.178926,0.3780945236309077,0.84375,2.7396528704939915,0.2888665997993982,,0.9492656875834444,1.206896551724138,0.0024200000000000003,0.7,0.3,0.0,0.192256341789052,,0.95,0.66,0.4,Ligue 1,
519324,04eb7d82,1254170,,Amario Cozier-Duberry,,Brighton and Hove Albion,10204.0,,,,,,,,RW,,True,Has joined Middlesbrough on loan for the rest of the season,232.0,2.5028157246768084,0.309995682588939,1.5517241379310345,0.22297494884195,0.3879310344827586,,1.5517241379310345,33.362068965517246,0.0,0.0,0.0,1.5517241379310345,1.5517241379310345,0.20086,0.7758620689655172,0.0407393436439079,3.103448275862069,1.1637931034482758,,0.3879310344827586,0.7758620689655172,0.0024200000000000003,0.8975150000000001,0.25,0.0,0.7758620689655172,,0.95,0.66,0.4,,
592984,39ef21fa,1586552,,José María Andrés Baixauli,,Brighton and Hove Albion,10204.0,,,,,,,,DM,,False,,110.0,1.928640418549932,0.42422724853862415,0.8181818181818181,0.09480267763137817,0.1043622308117062,,0.8181818181818181,33.54545454545455,0.0,0.0,0.0,0.139607032057911,0.17870500406534107,0.0,1.6363636363636362,0.5218111540585312,6.545454545454545,1.6363636363636362,,0.4402173913043478,3.2727272727272725,0.01008,1.0,0.0,0.0,0.8181818181818181,,0.95,0.66,0.4,Premier League,
605972,42ff58c3,1669629,,Honest Ahanor,,Crystal Palace,9826.0,,,,,,,,CB,,False,,90.0,0.2384586087299727,0.1043087955390951,0.2362966374942423,0.008713380433619022,0.0737366570437436,,2.0,47.0,0.0,0.0,0.0,0.3119035660472125,0.0985401459854014,0.0,1.0,0.5272831705916141,4.0,8.0,,5.0,2.0,0.018099999999999998,1.0,1.0,0.0,0.0,,0.95,0.66,0.4,Premier League,
172850,d2424d1b,672469,,Ben Chilwell,,Crystal Palace,9826.0,,,,,,,,LB,,False,,29.0,0.7048604966341974,0.0615348628317487,0.2722751761292996,0.1171675326450761,0.1990627928772259,,1.3098795180722893,31.723373493975902,0.1127,0.0,0.0,0.5163814180929096,0.8587951807228916,0.225282,0.8327710843373495,0.2828706128863279,3.669397590361446,2.2729124236252543,,1.0467469879518072,0.7865168539325843,0.00878,0.894737,0.684211,0.0,0.0433734939759036,,0.95,0.66,0.4,Ligue 1,
450063,803e7aca,970563,,Quinten Timber,,Crystal Palace,9826.0,,,,,,,,DM,,False,,254.0,1.134012508462642,0.0853228322633608,0.3543307086614173,0.023315442418019604,0.2093636470174615,,3.8976377952755903,26.22047244094488,0.0,0.0,0.0,1.0629921259842519,0.0549115314215985,0.0,0.7086614173228346,0.3543307086614173,3.543307086614173,1.0629921259842519,,2.1259842519685037,1.4173228346456692,0.01008,1.0,0.666667,0.0,0.0,,0.95,0.66,0.4,Premier League,
533646,2e1e3952,1329007,,Darío Osorio,,Crystal Palace,9826.0,,,,,,,,RM,,False,,1.0,1.3974115594079546,0.1194524724792391,0.5887086307592472,0.0975153563453686,0.1988105352591333,,1.286707882534776,14.557187017001544,0.1082598235765838,0.0,0.0,1.474497681607419,0.4485399091499026,0.232558,0.5676833225178456,0.0576409891478384,3.5471406491499224,0.3621882204988472,,1.2124594419208303,1.8,0.00368,0.8,0.28,0.0,0.1669242658423493,,0.95,0.66,0.4,Danish Superliga,
154043,e3a5814e,604089,,Ainsley Maitland-Niles,,Everton,8668.0,,,,,,,,RB,,False,,177.0,18.348624294689742,0.02771186374001584,0.5084745762711864,0.12723917678251104,0.5084745762711864,,2.542372881355932,30.0,0.0,0.0,0.0,1.5254237288135593,0.5084745762711864,0.0,0.5084745762711864,0.5084745762711864,3.5593220338983054,3.0508474576271185,,0.5084745762711864,0.8490566037735848,0.00711,1.0,0.0,0.0,0.5084745762711864,,0.95,0.66,0.4,Premier League,
616069,f2b35283,1631628,,Macauley Zepa,,Fulham,9879.0,,,,,,,,RW,,False,,333.0,1.0,,0.8108108108108107,,0.2763157894736842,,0.6486486486486487,18.64864864864865,0.2702702702702703,0.0,0.0,1.1351351351351353,0.4537815126050419,0.0,0.16216216216216217,0.0866773675762439,2.432432432432432,0.16216216216216217,,0.8108108108108107,1.6216216216216217,0.0024200000000000003,1.0,0.454545,0.0,0.4864864864864865,,0.95,0.66,0.4,PL2,
551050,00c9a283,1339269,,Hugo Larsson,,Fulham,9879.0,,,,,,,,DM,,False,,37.0,1.2951321061787662,0.0686494709065146,0.292059838895282,0.0546952321925992,0.0897927858787413,,1.1759082217973231,36.04015296367113,0.14162,0.0,0.0,0.2967391304347826,0.1325862503147821,0.0,1.1674733785091964,0.271268267223382,3.771510516252391,1.353966699314398,,0.142691415313225,0.3461538461538461,0.01008,0.952381,0.47619,0.0,0.0889101338432122,,0.95,0.66,0.4,Bundesliga,
442299,4b00cd47,1073980,,David Affengruber,,Fulham,9879.0,,,,,,,,CB,,False,,180.0,0.9226241456741252,0.0668593886792864,0.1269554209241342,0.009986570104956627,0.0607139510915394,,1.5,47.5,0.0,0.0,0.0,0.5,0.0175438596491228,0.0,1.0,1.0,3.5,8.0,,0.5759268664296596,0.5,0.018099999999999998,1.0,1.0,0.0,0.0,,0.95,0.66,0.4,Premier League,
626751,6c1248ae,1515977,,Ilyas Ansah,,Hull City,8667.0,,,,,,,,ST,,True,Back injury - Unknown return date,90.0,1.3315396045891186,0.21527999639511108,0.9,0.17875170260667803,0.1564748201438849,,1.8,5.4,0.0,0.0,0.0,3.6,0.9,0.428118,0.9,0.1302159781924931,2.53391167192429,0.9,,0.9,1.0,0.000815,0.913043,0.130435,0.0,0.0,,0.95,0.66,0.4,Bundesliga,
631000,74fb9321,1705134,,Robinio Vaz,,Hull City,8667.0,,,,,,,,RW,,False,,20.0,1.0,,0.6217358157286927,,0.25374279515991727,,1.0405776384356122,17.314210879889743,0.090055,0.0,0.0,1.2201161603565642,0.4905029138786963,0.20086,0.3700299914515204,0.0907632363052945,2.881219144259247,0.5272641627877779,,1.11446882897623,1.93029490616622,0.0024200000000000003,0.8975150000000001,0.25,0.0,,,0.95,0.66,0.4,,
496181,54f5b2bd,1214915,,Brooke Norton-Cuffy,,Hull City,8667.0,,,,,,,,RB,,False,Hamstring injury - 75% chance of playing,34.0,0.9481993714760777,0.0360105147713979,0.1650901188802249,0.0501548826745551,0.0896045042570722,,1.5441121261419095,15.338881409864152,0.10697,0.0,0.0,1.207234786954892,0.3893648268265818,0.0,0.4240395444875485,0.1714981881794327,3.2867458083465912,1.34876637222053,,0.5167437211045859,1.0706706281833616,0.00711,0.96,0.76,0.0,0.0341451474727695,,0.95,0.66,0.4,Serie A,
243951,8725a42e,812982,,Sorba Thomas,,Hull City,8667.0,,,,,,,,RM,,False,,120.0,1.108904524419746,0.15547499433159828,0.2552139147638283,0.08894572779536247,0.2792491643095912,,0.75,19.5,0.0,0.0,0.0,1.5,0.75,0.743802,0.2891430007539584,0.0536983416688602,5.25,0.4595561918396563,,0.847115622678881,0.75,0.00368,1.0,0.0,0.0,0.0,,0.95,0.66,0.4,Premier League,
647839,7cf1e983,1574198,,Christos Mouzakitis,,Hull City,8667.0,,,,,,,,CM,,False,,57.0,1.0,0.10998947212570594,0.23751178133836,0.010432421082728786,0.1966019417475727,,2.8421052631578942,26.52631578947368,0.0,0.0,0.0,1.894736842105263,0.5594405594405594,0.046024999999999996,0.5594405594405595,0.1258741258741258,2.8421052631578942,0.4361602982292637,,0.9473684210526315,1.1584340113167149,0.00578,0.0,0.0,0.0,0.0,,0.95,0.66,0.4,Super League,
431639,b3f36e72,873559,,Zian Flemming,,Ipswich Town,9902.0,,,,,,,,AM,,False,,60.0,1.5481537666439396,0.1738346376493708,0.6951098628779117,0.056111617250143,0.1244408296055307,,0.7288571910871032,10.081323310754998,0.1154,0.0,0.0,0.4235602529960053,0.1383482604202549,0.152629,0.335866519487136,0.0847509113001215,2.0518751032545843,1.5898678414096918,,0.9924830662481414,1.0714285714285714,0.003945,0.952381,0.285714,0.0,0.2691227490500578,,0.95,0.66,0.4,Premier League,
155465,9b688ae1,432435,,Michael Zetterer,,Leeds United,8463.0,,,,,,,,GK,,False,,9630.0,1.0,,0.0,0.0019591741031035784,0.01327,,0.0389,29.7,0.0,0.0,0.0,0.02413,0.0,0.0,0.02098,0.0,8.00905,0.87818,,0.1289,0.02808,0.0,1.0,1.0,0.0,,1.7812270225998508,0.95,0.66,0.4,Bundesliga,
437497,1ddbc7ca,1092403,,Melvin Bard,,Leeds United,8463.0,,,,,,,,LB,,False,,18.0,1.067806112049308,0.0289365597008747,0.1503471872798631,0.0526961899915574,0.1068733018013485,,1.8770920950991328,28.42828941721741,0.1127,0.0,0.0,0.7322937538113077,0.4373300587667749,0.112782,1.2220410265213288,0.3452864425818716,4.579177752982577,2.015267175572519,,0.731011837898557,0.5232558139534884,0.00878,0.961538,0.884615,0.0,0.0308986353102737,,0.95,0.66,0.4,Ligue 1,
587982,70d4c949,1393672,,Jean-Mattéo Bahoya,,Leeds United,8463.0,,,,,,,,AM,,False,,1.0,1.4780981591437834,0.1311008359678025,0.4513792142658122,0.1639756645545001,0.3609625668449198,,1.7153110047846891,19.851674641148325,0.1154,0.0,0.0,1.8516746411483247,0.4730149759819158,0.202855,0.5741626794258373,0.144,4.090909090909091,0.7642539425798626,,0.9760765550239237,0.8803611738148984,0.003945,0.733333,0.266667,0.0,0.19377990430622,,0.95,0.66,0.4,Bundesliga,
482616,a0d55a09,1297165,,Bradley Barcola,,Liverpool,8650.0,,,,,,,,LW,,False,,170.0,0.9554547072564016,0.13499999747556798,0.5294117647058824,0.06697767797638389,0.4289376246083737,,1.588235294117647,17.47058823529412,0.0,0.0,0.0,0.5294117647058824,0.2079050545724276,0.532544,0.5784531991094763,0.0708757637474541,2.6470588235294117,0.3159587297333512,,0.4681103530109759,1.171875,0.0024850000000000002,1.0,0.0,0.0,0.0,,0.95,0.66,0.4,Premier League,
624777,aae04867,1721789,,Allan Andrade Elias,,Manchester City,8456.0,,,,,,,,RW,,False,,1553.0,1.6645166659731183,0.08355917578879586,0.5215711526078558,0.04218280307791372,0.0695428203477141,,1.0083708950418544,12.865421764327108,0.17385705086928527,0.05795235028976175,0.0,1.6690276883451385,0.03477141017385705,0.09226,0.24339987121699933,0.3137797454344217,2.1558274307791367,0.4172569220862846,,1.2517707662588535,1.448808757244044,0.0024200000000000003,0.809524,0.190476,0.0,0.1390856406954282,,0.95,0.66,0.4,Série A,
613221,0cdb6a2a,1444231,,Matias Fernandez-Pardo,,Newcastle United,10261.0,,,,,,,,LW,,False,,159.0,1.0638207141187197,0.027169811556924064,0.8195282501371365,0.005392262290390032,0.2205466540999057,,1.1320754716981132,11.320754716981131,0.0,0.0,0.0,0.5660377358490566,0.3189443920829407,1.139241,0.1900319175055241,0.0477453580901856,1.6981132075471697,0.0897308075772681,,1.1320754716981132,1.1320754716981132,0.0024850000000000002,0.5,0.0,0.0,0.0,,0.95,0.66,0.4,Premier League,
549940,8236f673,1364069,,Malick Fofana,,Sunderland,8472.0,,,,,,,,LW,,False,,60.0,1.2937287951532885,0.1483969231126967,0.6347009391992091,0.1420898886869617,0.2440879775095089,,0.9817671809256662,17.945147036416273,0.08684,0.0,0.0,1.041024059222702,0.6297709923664122,0.360481,0.3781990521327015,0.0978260869565217,2.473868657626085,0.1917443408788282,,1.5129310344827585,1.1320754716981132,0.0024850000000000002,0.888889,0.111111,0.0,0.1919853725430443,,0.95,0.66,0.4,Ligue 1,
661313,2e86294d,1829355,,Juan Angulo,,Sunderland,8472.0,,,,,,,,ST,,False,,62.0,1.0,,1.295058139534884,,0.3531976744186046,,1.4516129032258065,4.354838709677419,0.0,0.0,0.0,1.1773255813953485,0.4709302325581396,0.507325,0.18077639977196763,0.1078415813759738,1.4516129032258065,0.1177325581395349,,0.4709302325581396,1.4389534883720931,0.000815,0.91773,0.28125,0.0,0.0,,0.95,0.66,0.4,,
500033,161386a9,1508427,,Manuel Ángel Morán Ibáñez,,Fulham,9879.0,,,,,,,,CM,,False,,27.0,1.0,,0.3237142005906195,,0.16899798593040585,,1.4824780953222256,29.053695066209954,0.1269,0.0,0.9375,0.6776694855385872,0.30192141319437454,0.0,0.7153914996545327,0.24843549636588474,3.8472575853486966,0.8762382345412318,,0.9529174373633764,1.894736842105263,0.00578,0.0,0.0,0.0,,,0.95,0.66,0.4,La Liga,
